doc_id,source,title,url,drugs,access,doi,n_chunks,en_bronze
NCT01385657,clinicaltrials,"A Randomized, Double-Blind, Placebo-Controlled, Sequential Ascending, Repeated-Dose Study of the Safety, Tolerability, and Pharmacokinetics of Subcutaneous REGN668 in Patients With Moderate-to-Severe Atopic Dermatitis",https://clinicaltrials.gov/study/NCT01385657,dupilumab,,,1,si
NCT01548404,clinicaltrials,"A Randomized, Double-Blind, Placebo-Controlled, Repeat-Dose Study of the Efficacy, Safety, Tolerability, and Pharmacodynamics of Subcutaneously-Administered REGN668 in Adult Patients With Extrinsic Moderate-to-Severe Atopic Dermatitis",https://clinicaltrials.gov/study/NCT01548404,dupilumab,,,1,si
NCT01639040,clinicaltrials,"A Randomized, Double-Blind, Parallel-Group, Placebo-Controlled Study to Assess the Safety of REGN668 Administered Concomitantly With Topical Corticosteroids to Patients With Moderate-to-Severe Atopic Dermatitis",https://clinicaltrials.gov/study/NCT01639040,dupilumab,,,1,si
NCT01979016,clinicaltrials,"A Randomized, Double-Blind, Placebo-Controlled, Parallel-Group Study Investigating the Efficacy, Safety, Serum Concentration and Biomarker Profile of Dupilumab Administered to Adult Patients With Moderate-to-Severe Atopic Dermatitis",https://clinicaltrials.gov/study/NCT01979016,dupilumab,,,1,si
NCT01986933,clinicaltrials,"A PHASE II, RANDOMIZED, DOUBLE-BLIND, PLACEBO-CONTROLLED, MULTIPLE-DOSE STUDY TO EVALUATE THE SAFETY, TOLERABILITY, AND EFFICACY OF CIM331 IN ATOPIC DERMATITIS PATIENTS WHO ARE INADEQUATELY CONTROLLED BY OR INTOLERANT TO TOPICAL THERAPY",https://clinicaltrials.gov/study/NCT01986933,nemolizumab,,,1,si
NCT02277743,clinicaltrials,A Phase 3 Confirmatory Study Investigating the Efficacy and Safety of Dupilumab Monotherapy Administered to Adult Patients With Moderate-to-Severe Atopic Dermatitis,https://clinicaltrials.gov/study/NCT02277743,dupilumab,,,1,si
NCT02340234,clinicaltrials,"A Phase II, Randomized, Double-Blind, Placebo-Controlled Study to Evaluate the Safety and Efficacy of Lebrikizumab in Patients With Persistent Moderate to Severe Atopic Dermatitis That is Inadequately Controlled by Topical Corticosteroids",https://clinicaltrials.gov/study/NCT02340234,lebrikizumab,,,2,si
NCT02347176,clinicaltrials,"A Phase 2b, Randomized, Double-blinded, Placebo-controlled, Dose-ranging Study to Evaluate the Efficacy and Safety of Tralokinumab in Adult Subjects With Moderate-to-Severe Atopic Dermatitis",https://clinicaltrials.gov/study/NCT02347176,tralokinumab,,,1,si
NCT02465606,clinicaltrials,"An Open-Label Study to Evaluate the Safety of Lebrikizumab Compared to Topical Corticosteroids in Adult Patients With Persistent, Moderate to Severe Atopic Dermatitis",https://clinicaltrials.gov/study/NCT02465606,lebrikizumab,,,1,si
NCT02576938,clinicaltrials,"A Randomized, Double-Blind, Placebo-Controlled, Phase 2 Study to Evaluate the Safety and Efficacy of Baricitinib in Patients With Moderate-to-Severe Atopic Dermatitis",https://clinicaltrials.gov/study/NCT02576938,baricitinib,,,1,si
NCT02612454,clinicaltrials,An Open-Label Extension Study to Assess the Long-Term Safety and Efficacy of Dupilumab in Patients ≥6 Months to <18 Years of Age With Atopic Dermatitis,https://clinicaltrials.gov/study/NCT02612454,dupilumab,,,2,si
NCT02780167,clinicaltrials,"A PHASE 2B RANDOMIZED, DOUBLE-BLIND, PLACEBO-CONTROLLED, PARALLEL, MULTICENTER, DOSE-RANGING, STUDY TO EVALUATE THE EFFICACY AND SAFETY PROFILE OF PF-04965842 IN SUBJECTS WITH MODERATE TO SEVERE ATOPIC DERMATITIS",https://clinicaltrials.gov/study/NCT02780167,abrocitinib,,,2,si
NCT02925117,clinicaltrials,"A Phase 2b Multicenter, Randomized, Placebo-Controlled, Double-Blind Dose-Ranging Study to Evaluate ABT-494 (Upadacitinib) in Adult Subjects With Moderate to Severe Atopic Dermatitis",https://clinicaltrials.gov/study/NCT02925117,upadacitinib,,,1,si
NCT03050151,clinicaltrials,"An Open-label, Randomized, Actual Use Study of Dupilumab Auto-injector Device in Patients With Atopic Dermatitis",https://clinicaltrials.gov/study/NCT03050151,dupilumab,,,1,si
NCT03054428,clinicaltrials,"A Randomized, Double-blind, Placebo-controlled Study to Investigate the Efficacy and Safety of Dupilumab Monotherapy in Patients ≥12 to <18 Years of Age, With Moderate-to-severe Atopic Dermatitis",https://clinicaltrials.gov/study/NCT03054428,dupilumab,,,2,si
NCT03100344,clinicaltrials,"Randomized, Double-blind, Multi-center, Parallel-group, Placebo-controlled Dose-ranging Study to Assess the Efficacy and Safety of Nemolizumab in Moderate-to-severe Atopic Dermatitis Subjects With Severe Pruritus Receiving Topical Corticosteroids (TCS)",https://clinicaltrials.gov/study/NCT03100344,nemolizumab,,,1,si
NCT03131648,clinicaltrials,"A Randomised, Double-blind, Placebo-controlled, Phase 3 Trial to Evaluate the Efficacy and Safety of Tralokinumab Monotherapy in Subjects With Moderate to Severe Atopic Dermatitis Who Are Candidates for Systemic Therapy",https://clinicaltrials.gov/study/NCT03131648,tralokinumab,,,1,si
NCT03160885,clinicaltrials,"A Randomised, Double-blind, Placebo-controlled, Phase 3 Trial to Evaluate the Efficacy and Safety of Tralokinumab Monotherapy in Subjects With Moderate to Severe Atopic Dermatitis Who Are Candidates for Systemic Therapy",https://clinicaltrials.gov/study/NCT03160885,tralokinumab,,,1,si
NCT03334396,clinicaltrials,"A Multicenter, Randomized, Double-Blind, Placebo-Controlled, Phase 3 Study to Evaluate the Efficacy and Safety of Baricitinib in Adult Patients With Moderate to Severe Atopic Dermatitis",https://clinicaltrials.gov/study/NCT03334396,baricitinib,,,1,si
NCT03334422,clinicaltrials,"A Multicenter, Randomized, Double-Blind, Placebo-Controlled, Phase 3 Study to Evaluate the Efficacy and Safety of Baricitinib in Patients With Moderate to Severe Atopic Dermatitis",https://clinicaltrials.gov/study/NCT03334422,baricitinib,,,1,si
NCT03334435,clinicaltrials,"A Phase 3 Multicenter, Double-Blind Study to Evaluate the Long-Term Safety and Efficacy of Baricitinib in Adult Patients With Atopic Dermatitis",https://clinicaltrials.gov/study/NCT03334435,baricitinib,,,1,si
NCT03345914,clinicaltrials,"A Randomized, Double-blind, Placebo-controlled Study to Investigate the Efficacy and Safety of Dupilumab Administered Concomitantly With Topical Corticosteroids in Patients, ≥6 Years to <12 Years of Age, With Severe Atopic Dermatitis",https://clinicaltrials.gov/study/NCT03345914,dupilumab,,,1,si
NCT03346434,clinicaltrials,"A Phase 2/3 Study Investigating the Pharmacokinetics, Safety, and Efficacy of Dupilumab in Patients Aged ≥6 Months to <6 Years With Moderate-to-Severe Atopic Dermatitis",https://clinicaltrials.gov/study/NCT03346434,dupilumab,,,1,si
NCT03349060,clinicaltrials,"A PHASE 3 RANDOMIZED, DOUBLE-BLIND, PLACEBO-CONTROLLED, PARALLEL GROUP, MULTI-CENTER STUDY TO EVALUATE THE EFFICACY AND SAFETY OF PF-04965842 MONOTHERAPY IN SUBJECTS AGED 12 YEARS AND OLDER, WITH MODERATE TO SEVERE ATOPIC DERMATITIS",https://clinicaltrials.gov/study/NCT03349060,abrocitinib,,,1,si
NCT03358693,clinicaltrials,Systematic Profiling of Anti-cytokine Signatures in the Treatment of Chronic Inflammatory Skin Disorders,https://clinicaltrials.gov/study/NCT03358693,abrocitinib; baricitinib; lebrikizumab; nemolizumab; tralokinumab; upadacitinib,,,2,si
NCT03359356,clinicaltrials,Defining Reversal of Alopecia Areata (AA) Phenotype With Dupilumab in Patients With and Without Associated Atopic Dermatitis (AD),https://clinicaltrials.gov/study/NCT03359356,dupilumab,,,2,si
NCT03363854,clinicaltrials,"A Randomised, Double-blind, Placebo-controlled, Phase 3 Trial to Evaluate the Efficacy and Safety of Tralokinumab in Combination With Topical Corticosteroids in Subjects With Moderate to Severe Atopic Dermatitis",https://clinicaltrials.gov/study/NCT03363854,tralokinumab,,,1,si
NCT03411837,clinicaltrials,Dupilumab Registry Study,https://clinicaltrials.gov/study/NCT03411837,dupilumab,,,1,si
NCT03422822,clinicaltrials,"A PHASE 3 MULTI-CENTER, LONG-TERM EXTENSION STUDY INVESTIGATING THE EFFICACY AND SAFETY OF ABROCITINIB, WITH OR WITHOUT TOPICAL MEDICATIONS, ADMINISTERED TO SUBJECTS AGED 12 YEARS AND OLDER WITH MODERATE TO SEVERE ATOPIC DERMATITIS",https://clinicaltrials.gov/study/NCT03422822,abrocitinib,,,3,si
NCT03428100,clinicaltrials,"A Phase 3, Multicenter, Double-Blind, Randomized, Placebo-Controlled Study Evaluating the Safety and Efficacy of Baricitinib in Combination With Topical Corticosteroids in Adult Patients With Moderate-to-Severe Atopic Dermatitis Who Have Experienced Failure to Cyclosporine or Are Intolerant to, or H",https://clinicaltrials.gov/study/NCT03428100,baricitinib,,,1,si
NCT03435081,clinicaltrials,"A Multicenter, Randomized, Double-Blind, Placebo-Controlled, Phase 3 Study to Evaluate the Efficacy and Safety of Baricitinib in Adult Patients With Moderate to Severe Atopic Dermatitis",https://clinicaltrials.gov/study/NCT03435081,baricitinib,,,1,si
NCT03443024,clinicaltrials,"A Randomized, Double-Blind, Placebo-Controlled, Dose-Ranging Trial to Evaluate the Efficacy and Safety of Lebrikizumab in Patients With Moderate-to-Severe Atopic Dermatitis",https://clinicaltrials.gov/study/NCT03443024,lebrikizumab,,,1,si
NCT03526861,clinicaltrials,"A Randomised, Double-blind, Placebo-controlled, Parallel-group, Multi-centre Trial to Evaluate the Efficacy, Safety, and Tolerability of Tralokinumab Monotherapy in Adolescent Subjects With Moderate-to-severe Atopic Dermatitis (AD) Who Are Candidates for Systemic Therapy",https://clinicaltrials.gov/study/NCT03526861,tralokinumab,,,2,si
NCT03549416,clinicaltrials,"BioDay Registry: Prospective, Observational Data Collection Regarding the Use of New Systemic Treatment Options in Patients with Atopic Diseases in Daily Practice",https://clinicaltrials.gov/study/NCT03549416,abrocitinib; baricitinib; tralokinumab; upadacitinib,,,1,si
NCT03556592,clinicaltrials,"An Open-label, Multi Centre Drug-drug Interaction Trial to Investigate the Effects of Tralokinumab on the Pharmacokinetics of Selected Cytochrome P450 Substrates in Adult Subjects With Moderate-to-severe Atopic Dermatitis",https://clinicaltrials.gov/study/NCT03556592,tralokinumab,,,1,si
NCT03559270,clinicaltrials,"A Multicenter, Open-Label, Phase 3 Study to Evaluate the Efficacy and Safety of Baricitinib in Adult Patients With Moderate to Severe Atopic Dermatitis",https://clinicaltrials.gov/study/NCT03559270,baricitinib,,,1,si
NCT03562377,clinicaltrials,"A Randomised, Double-blind, Placebo-controlled Trial to Evaluate the Effect of Tralokinumab on Vaccine Antibody Responses in Adults With Moderate-to-severe Atopic Dermatitis Who Are Candidates for Systemic Therapy",https://clinicaltrials.gov/study/NCT03562377,tralokinumab,,,1,si
NCT03568318,clinicaltrials,"A Phase 3 Randomized, Placebo-Controlled, Double-Blind Study to Evaluate Upadacitinib in Combination With Topical Corticosteroids in Adolescent and Adult Subjects With Moderate to Severe Atopic Dermatitis",https://clinicaltrials.gov/study/NCT03568318,upadacitinib,,,1,si
NCT03569293,clinicaltrials,"A Phase 3 Randomized, Placebo-Controlled, Double-Blind Study to Evaluate Upadacitinib in Adolescent and Adult Subjects With Moderate to Severe Atopic Dermatitis",https://clinicaltrials.gov/study/NCT03569293,upadacitinib,,,1,si
NCT03575871,clinicaltrials,"A PHASE 3 RANDOMIZED, DOUBLE-BLIND, PLACEBO-CONTROLLED, PARALLEL GROUP, MULTI-CENTER STUDY TO EVALUATE THE EFFICACY AND SAFETY OF PF-04965842 MONOTHERAPY IN SUBJECTS AGED 12 YEARS AND OLDER, WITH MODERATE TO SEVERE ATOPIC DERMATITIS",https://clinicaltrials.gov/study/NCT03575871,abrocitinib,,,1,si
NCT03587805,clinicaltrials,"An Open-label, Single-arm, Multi-centre, Long-term Extension Trial to Evaluate the Safety and Efficacy of Tralokinumab in Subjects With Atopic Dermatitis Who Participated in Previous Tralokinumab Clinical Trials",https://clinicaltrials.gov/study/NCT03587805,tralokinumab,,,1,si
NCT03607422,clinicaltrials,"A Phase 3 Randomized, Placebo-Controlled, Double-Blind Study to Evaluate Upadacitinib in Adolescent and Adult Subjects With Moderate to Severe Atopic Dermatitis",https://clinicaltrials.gov/study/NCT03607422,upadacitinib,,,1,si
NCT03627767,clinicaltrials,"A PHASE 3 RANDOMIZED WITHDRAWAL, DOUBLE-BLIND, PLACEBO-CONTROLLED, MULTI-CENTER STUDY INVESTIGATING THE EFFICACY AND SAFETY OF PF-04965842 IN SUBJECTS AGED 12 YEARS AND OVER, WITH MODERATE TO SEVERE ATOPIC DERMATITIS WITH THE OPTION OF RESCUE TREATMENT IN FLARING SUBJECTS",https://clinicaltrials.gov/study/NCT03627767,abrocitinib,,,2,si
NCT03634345,clinicaltrials,"A PHASE 1, OPEN-LABEL, RANDOMIZED, FIXED-SEQUENCE, PARALLEL-COHORT STUDY TO ESTIMATE THE EFFECT OF FLUVOXAMINE OR FLUCONAZOLE, ON THE PHARMACOKINETICS, SAFETY AND TOLERABILITY OF A SINGLE DOSE OF PF-04965842 IN HEALTHY SUBJECTS",https://clinicaltrials.gov/study/NCT03634345,abrocitinib,,,1,si
NCT03646604,clinicaltrials,"An Open-label Multiple Dose Study to Evaluate the Pharmacokinetics, Safety and Tolerability of Upadacitinib in Pediatric Subjects With Severe Atopic Dermatitis",https://clinicaltrials.gov/study/NCT03646604,upadacitinib,,,1,si
NCT03661138,clinicaltrials,"A Phase 3 Randomized, Multicenter, Double-Blind Study to Evaluate the Safety of Upadacitinib in Combination With Topical Corticosteroids in Adolescent and Adult Subjects in Japan With Moderate to Severe Atopic Dermatitis",https://clinicaltrials.gov/study/NCT03661138,upadacitinib,,,1,si
NCT03667014,clinicaltrials,The Impact of Dupilumab on Quality of Life in Moderate to Severe Atopic Dermatitis Patients,https://clinicaltrials.gov/study/NCT03667014,dupilumab,,,1,si
NCT03683719,clinicaltrials,"A Phase 2b, Double-blind, Randomised, 5-arm, Vehicle-controlled, Dose-ranging Trial to Evaluate the Efficacy and Safety of Twice Daily Topical Application of Delgocitinib Cream 1, 3, 8, and 20 mg/g for 16 Weeks in Adult Subjects With Mild to Severe Chronic Hand Eczema",https://clinicaltrials.gov/study/NCT03683719,delgocitinib AND Atopic dermatitis,,,1,si
NCT03720470,clinicaltrials,"A PHASE 3 RANDOMIZED, DOUBLE-BLIND, DOUBLE-DUMMY, PLACEBO-CONTROLLED, PARALLEL GROUP, MULTI-CENTER STUDY INVESTIGATING THE EFFICACY AND SAFETY OF PF-04965842 AND DUPILUMAB IN COMPARISON WITH PLACEBO IN ADULT SUBJECTS ON BACKGROUND TOPICAL THERAPY, WITH MODERATE TO SEVERE ATOPIC DERMATITIS",https://clinicaltrials.gov/study/NCT03720470,abrocitinib; dupilumab,,,5,si
NCT03725722,clinicaltrials,"A Phase 2b, Double-blind, Randomised, 5-arm, Vehicle-controlled, Dose Ranging Trial to Evaluate the Efficacy and Safety of Twice Daily Topical Applications of Delgocitinib Cream 1, 3, 8, 20 mg/g for 8 Weeks in Adult Subjects With Mild to Severe Atopic Dermatitis.",https://clinicaltrials.gov/study/NCT03725722,delgocitinib AND Atopic dermatitis,,,1,si
NCT03733301,clinicaltrials,"A Multicenter, Randomized, Double-Blind, Placebo-Controlled, Phase 3 Study to Evaluate the Efficacy and Safety of Baricitinib in Combination With Topical Corticosteroids in Adult Patients With Moderate to Severe Atopic Dermatitis BREEZE-AD7",https://clinicaltrials.gov/study/NCT03733301,baricitinib,,,1,si
NCT03738397,clinicaltrials,"A Phase 3b Multicenter, Randomized, Double-Blind, Double-Dummy, Active Controlled Study Comparing the Safety and Efficacy of Upadacitinib to Dupilumab in Adult Subjects With Moderate to Severe Atopic Dermatitis",https://clinicaltrials.gov/study/NCT03738397,upadacitinib,,,1,si
NCT03761537,clinicaltrials,"A Randomised, Double-blind, Placebo-controlled, Parallel-group, Multi-centre, Phase 3 Trial Investigating the Efficacy, Safety, and Tolerability of Tralokinumab Administered in Combination With Topical Corticosteroids to Adult Subjects With Severe Atopic Dermatitis",https://clinicaltrials.gov/study/NCT03761537,tralokinumab,,,2,si
NCT03796182,clinicaltrials,"A PHASE 1, RANDOMIZED, 2-WAY CROSSOVER, OPEN LABEL STUDY TO ESTIMATE THE EFFECT OF PF-04965842 ON MATE1/2K ACTIVITY, USING METFORMIN AS A PROBE, IN HEALTHY PARTICIPANTS",https://clinicaltrials.gov/study/NCT03796182,abrocitinib,,,2,si
NCT03796676,clinicaltrials,"A PHASE 3, RANDOMIZED, DOUBLE-BLIND, PLACEBO-CONTROLLED, MULTI-CENTER STUDY INVESTIGATING THE EFFICACY AND SAFETY OF PF-04965842 CO-ADMINISTERED WITH BACKGROUND MEDICATED TOPICAL THERAPY IN ADOLESCENT PARTICIPANTS 12 TO <18 YEARS OF AGE WITH MODERATE-TO-SEVERE ATOPIC DERMATITIS",https://clinicaltrials.gov/study/NCT03796676,abrocitinib,,,1,si
NCT03826901,clinicaltrials,"A Phase 1 Open-label, Multi-centre, Single-arm Trial to Evaluate the Safety and Pharmacokinetics (Including MUsT) of Twice Daily Topical Application of Delgocitinib Cream for 8 Weeks in Adults, Adolescents, and Children With Moderate to Severe Atopic Dermatitis",https://clinicaltrials.gov/study/NCT03826901,delgocitinib AND Atopic dermatitis,,,1,si
NCT03915496,clinicaltrials,"A PHASE 2A, RANDOMIZED, DOUBLE-BLIND, PLACEBO-CONTROLLED, PARALLEL GROUP, MULTI-CENTER STUDY TO INVESTIGATE THE MECHANISM OF ACTION OF ABROCITINIB MONOTHERAPY IN ADULT PARTICIPANTS WITH MODERATE-TO-SEVERE ATOPIC DERMATITIS",https://clinicaltrials.gov/study/NCT03915496,abrocitinib,,,2,si
NCT03921411,clinicaltrials,"A Multicenter, Open-Label, Single-Group Clinical Trial to Assess the Pharmacokinetics and Safety of Nemolizumab (CD14152) in Adolescent Subjects (12-17 Years) With Moderate-to-Severe Atopic Dermatitis",https://clinicaltrials.gov/study/NCT03921411,nemolizumab,,,1,si
NCT03936335,clinicaltrials,Dupilumab and Pregnancy Outcomes: A Retrospective Cohort Study Using Administrative Healthcare Databases (Dupi PODS),https://clinicaltrials.gov/study/NCT03936335,dupilumab,,,1,si
NCT03952559,clinicaltrials,"A Phase 3, Multicenter, Randomized, Double-blind, Placebo-controlled, Parallel-group, Outpatient Study Evaluating the Pharmacokinetics, Efficacy, and Safety of Baricitinib in Pediatric Patients With Moderate to Severe Atopic Dermatitis",https://clinicaltrials.gov/study/NCT03952559,baricitinib,,,1,si
NCT03985943,clinicaltrials,"A Randomized, Double-Blind, Placebo-Controlled Study to Assess the Efficacy and Safety of Nemolizumab in Subjects With Moderate-to-Severe Atopic Dermatitis",https://clinicaltrials.gov/study/NCT03985943,nemolizumab,,,1,si
NCT03989206,clinicaltrials,"A Prospective, Multicenter, Long-Term Study to Assess the Safety and Efficacy of Nemolizumab (CD14152) in Subjects With Moderate-to-Severe Atopic Dermatitis",https://clinicaltrials.gov/study/NCT03989206,nemolizumab,,,1,si
NCT03989349,clinicaltrials,"A Randomized, Double-Blind, Placebo-Controlled Study to Assess the Efficacy and Safety of Nemolizumab in Subjects With Moderate-to-Severe Atopic Dermatitis",https://clinicaltrials.gov/study/NCT03989349,nemolizumab,,,1,si
NCT03992417,clinicaltrials,A Prospective Observational Study of Patients Receiving Dupixent® for Atopic Dermatitis,https://clinicaltrials.gov/study/NCT03992417,dupilumab,,,3,si
NCT04146363,clinicaltrials,"A Randomized, Double-blind, Placebo Controlled Trial to Evaluate the Efficacy and Safety of Lebrikizumab in Patients With Moderate to Severe Atopic Dermatitis",https://clinicaltrials.gov/study/NCT04146363,lebrikizumab,,,1,si
NCT04159597,clinicaltrials,Expanded Access to Upadacitinib,https://clinicaltrials.gov/study/NCT04159597,upadacitinib,,,1,si
NCT04178967,clinicaltrials,"A Randomized, Double-blind, Placebo Controlled Trial to Evaluate the Efficacy and Safety of Lebrikizumab in Patients With Moderate to Severe Atopic Dermatitis.",https://clinicaltrials.gov/study/NCT04178967,lebrikizumab,,,1,si
NCT04195698,clinicaltrials,"A Phase 3b, Open-Label Treatment Extension Study of Upadacitinib for the Treatment of Adult Subjects With Moderate to Severe Atopic Dermatitis Who Completed Treatment in Study M16-046",https://clinicaltrials.gov/study/NCT04195698,upadacitinib,,,1,si
NCT04250337,clinicaltrials,"A Randomized, Double-Blind, Placebo-Controlled Trial To Evaluate The Efficacy and Safety of Lebrikizumab When Used In Combination With Topical Corticosteroid Treatment In Patients With Moderate-To-Severe Atopic Dermatitis",https://clinicaltrials.gov/study/NCT04250337,lebrikizumab,,,1,si
NCT04250350,clinicaltrials,"An Open-Label, Single-Arm Study to Assess the Safety and Efficacy of Lebrikizumab in Adolescent Patients With Moderate-to-Severe Atopic Dermatitis",https://clinicaltrials.gov/study/NCT04250350,lebrikizumab,,,1,si
NCT04345367,clinicaltrials,"A PHASE 3B RANDOMIZED, DOUBLE-BLIND, DOUBLE-DUMMY, ACTIVE CONTROLLED MULTI-CENTER STUDY ASSESSING THE EFFICACY AND SAFETY OF ABROCITINIB COMPARED WITH DUPILUMAB IN ADULT PARTICIPANTS ON BACKGROUND TOPICAL THERAPY WITH MODERATE TO SEVERE ATOPIC DERMATITIS",https://clinicaltrials.gov/study/NCT04345367,abrocitinib; dupilumab,,,2,si
NCT04365387,clinicaltrials,"A Randomized, Double-Blind, Placebo-Controlled Study to Assess Immunization Responses in Adult and Adolescent Subjects With Moderate-to-Severe Atopic Dermatitis Treated With Nemolizumab",https://clinicaltrials.gov/study/NCT04365387,nemolizumab,,,1,si
NCT04392154,clinicaltrials,A Long-term Study to Assess the Safety and Efficacy of Lebrikizumab in Patients With Moderate-to-Severe Atopic Dermatitis (ADjoin),https://clinicaltrials.gov/study/NCT04392154,lebrikizumab,,,1,si
NCT04520308,clinicaltrials,"Effects of Interleukin (IL)-4/IL-13 Blockade on the Structure and Function of Cutaneous Sensory Nerves: An Open-label, Single-arm Longitudinal Study With Dupilumab",https://clinicaltrials.gov/study/NCT04520308,dupilumab,,,2,si
NCT04541810,clinicaltrials,Post-marketing Surveillance to Evaluate the Safety and Effectiveness of Upadacitinib in Korean Patients,https://clinicaltrials.gov/study/NCT04541810,upadacitinib,,,3,si
NCT04556461,clinicaltrials,Effects of Tralokinumab Treatment of Atopic Dermatitis on Skin Barrier Function,https://clinicaltrials.gov/study/NCT04556461,tralokinumab,,,1,si
NCT04562116,clinicaltrials,An Open-label Drug-Drug Interaction Study to Assess the Effects of Nemolizumab on Cytochrome P450 Substrates in Subjects With Moderate-to-Severe Atopic Dermatitis,https://clinicaltrials.gov/study/NCT04562116,nemolizumab,,,1,si
NCT04564755,clinicaltrials,ABROCITINIB EXPANDED ACCESS PROTOCOL FOR THE TREATMENT OF ADOLESCENTS AND ADULTS WITH MODERATE TO SEVERE ATOPIC DERMATITIS,https://clinicaltrials.gov/study/NCT04564755,abrocitinib,,,1,si
NCT04587453,clinicaltrials,"A Randomised, Double-blind, Placebo-controlled, Phase 3 Trial to Evaluate the Efficacy and Safety of Tralokinumab in Combination With Topical Corticosteroids in Japanese Subjects With Moderate-to-severe Atopic Dermatitis Who Are Candidates for Systemic Therapy",https://clinicaltrials.gov/study/NCT04587453,tralokinumab,,,2,si
NCT04626297,clinicaltrials,"A Phase 3, 16-week, Randomized, Double-Blind, Placebo-Controlled, Parallel- Group Study to Assess the Impact of Lebrikizumab on Vaccine Responses in Adult Patients With Moderate-to-Severe Atopic Dermatitis",https://clinicaltrials.gov/study/NCT04626297,lebrikizumab,,,1,si
NCT04666675,clinicaltrials,"A Phase 3b Randomized, Placebo-Controlled, Double-Blind Study to Evaluate the Efficacy and Safety of Upadacitinib in Adolescent and Adult Subjects With Moderate to Severe Atopic Dermatitis in Brazil",https://clinicaltrials.gov/study/NCT04666675,upadacitinib,,,3,si
NCT04760314,clinicaltrials,"A Randomized, Double-Blind, Placebo-Controlled Trial to Evaluate the Efficacy and Safety of Lebrikizumab When Used in Combination With Topical Corticosteroid Treatment in Japanese Patients With Moderate-to-Severe Atopic Dermatitis",https://clinicaltrials.gov/study/NCT04760314,lebrikizumab,,,1,si
NCT04871711,clinicaltrials,A Phase 3 Clinical Trial to Confirm Efficacy and Evaluate Safety of Twice-daily Delgocitinib Cream 20 mg/g Compared With Cream Vehicle for a 16-week Treatment Period in Adult Subjects With Moderate to Severe Chronic Hand Eczema (DELTA 1),https://clinicaltrials.gov/study/NCT04871711,delgocitinib AND Atopic dermatitis,,,1,si
NCT04872101,clinicaltrials,A Phase 3 Clinical Trial to Confirm Efficacy and Evaluate Safety of Twice-daily Delgocitinib Cream 20 mg/g Compared With Cream Vehicle for a 16-week Treatment Period in Adult Subjects With Moderate to Severe Chronic Hand Eczema (DELTA 2),https://clinicaltrials.gov/study/NCT04872101,delgocitinib AND Atopic dermatitis,,,1,si
NCT04878770,clinicaltrials,Use of the NMF Biomarker as Predictive Diagnostic for Effective Use of Cyclosporine and Dupilumab in the Treatment of Atopic Dermatitis,https://clinicaltrials.gov/study/NCT04878770,dupilumab,,,1,si
NCT04895423,clinicaltrials,Evaluation of the Effectiveness and Safety of Immunosuppressive and Biological Therapy of Atopic Dermatitis in Childhood,https://clinicaltrials.gov/study/NCT04895423,dupilumab,,,1,si
NCT04903093,clinicaltrials,"A PHASE 1, RANDOMIZED, CROSSOVER STUDY TO EVALUATE RELATIVE BIOAVAILABILITY OF ABROCITINIB ORAL SUSPENSION AND EFFECT OF AN ACID-REDUCING AGENT ON THE BIOAVAILABILITY OF ABROCITINIB COMMERCIAL TABLET AND TO ASSESS THE TASTE OF ABROCITINIB ORAL FORMULATIONS IN HEALTHY ADULT PARTICIPANTS AGED 18 TO 55",https://clinicaltrials.gov/study/NCT04903093,abrocitinib,,,2,si
NCT04921345,clinicaltrials,"A Multicenter, Open-Label, Single-Group Clinical Trial to Assess the Pharmacokinetics, Safety and Efficacy of Nemolizumab (CD14152) in Pediatric Subjects (Aged 2 to 11 Years) With Moderate-to-Severe Atopic Dermatitis",https://clinicaltrials.gov/study/NCT04921345,nemolizumab,,,1,si
NCT04949841,clinicaltrials,A Phase 3 Extension Trial of DELTA 1 and DELTA 2 to Evaluate the Long-term Safety of a Twice-daily Treatment With Delgocitinib Cream 20 mg/g as Needed for up to 36 Weeks in Adult Subjects With Chronic Hand Eczema (DELTA 3),https://clinicaltrials.gov/study/NCT04949841,delgocitinib AND Atopic dermatitis,,,1,si
NCT05029895,clinicaltrials,A Post-Marketing Observational Study to Evaluate Safety and Effectiveness of Upadacitinib in Adolescent Patients Ages 12 to <18 Years Old Diagnosed With Atopic Dermatitis (AD),https://clinicaltrials.gov/study/NCT05029895,upadacitinib,,,2,si
NCT05056779,clinicaltrials,"A Randomized, Double-Blind, Placebo-Controlled Study to Assess the Efficacy and Safety of Nemolizumab in Subjects With Moderate-to-Severe Atopic Dermatitis With Inadequate Response to or for Whom Cyclosporine A is Not Medically Advisable",https://clinicaltrials.gov/study/NCT05056779,nemolizumab,,,2,si
NCT05078294,clinicaltrials,Results in Real Clinical Practice of Treatment With Patients With Moderate-severe Atopic Dermatitis,https://clinicaltrials.gov/study/NCT05078294,baricitinib; dupilumab; upadacitinib,,,1,si
NCT05081557,clinicaltrials,Real World Utilization of Upadacitinib in Adult and Adolescent Patients Living With Moderate to Severe Atopic Dermatitis (AD-VISE),https://clinicaltrials.gov/study/NCT05081557,upadacitinib,,,2,si
NCT05099315,clinicaltrials,Identification of Skin-associated Microbiota in Atopic Dermatitis Patients Undergoing Systemic Therapy,https://clinicaltrials.gov/study/NCT05099315,baricitinib,,,2,si
NCT05139836,clinicaltrials,"Non-Interventional, Prospective Observational Cohort Study to Investigate the Effectiveness and Sustained Disease Control of an Upadacitinib Therapy in Moderate to Severe Atopic Dermatitis Patients Over Two Years",https://clinicaltrials.gov/study/NCT05139836,upadacitinib,,,3,si
NCT05140239,clinicaltrials,Effects of Abrocitinib Treatment of Moderate to Severe Atopic Dermatitis on Skin Barrier Function,https://clinicaltrials.gov/study/NCT05140239,abrocitinib,,,1,si
NCT05149313,clinicaltrials,"A Randomised, Double-Blind, Placebo-Controlled Phase 3 Clinical Trial to Assess the Efficacy and Safety of Lebrikizumab in Combination With Topical Corticosteroids in Adult and Adolescent Patients With Moderate-To-Severe Atopic Dermatitis That Are Not Adequately Controlled With Cyclosporine or For W",https://clinicaltrials.gov/study/NCT05149313,lebrikizumab,,,1,si
NCT05194540,clinicaltrials,"An Open-label, Single-arm, Phase 3 Trial to Evaluate the Efficacy and Safety of Tralokinumab Administered by an Autoinjector in Subjects With Moderate-to-severe Atopic Dermatitis",https://clinicaltrials.gov/study/NCT05194540,tralokinumab,,,1,si
NCT05214326,clinicaltrials,"A Real-World Study to Assess the Disease Control of Moderate to Severe Atopic Dermatitis in Patients Receiving Dupilumab Therapy, With Atopic Dermatitis Control Tool in Gulf Countries",https://clinicaltrials.gov/study/NCT05214326,dupilumab,,,2,si
NCT05250115,clinicaltrials,"This is a Prospective, Single-arm, Multicenter, Observational Non-interventional Study (NIS) in Germany of Patient Characteristics, Usage, and Effectiveness of Abrocitinib in Patients With Moderate to Severe Atopic Dermatitis (AD)",https://clinicaltrials.gov/study/NCT05250115,abrocitinib,,,3,si
NCT05259722,clinicaltrials,"A 24 Week, Randomised, Assessor Blinded, Active-controlled, Parallel Group, Phase 3, 2 Arm Trial to Compare the Efficacy and Safety of Delgocitinib Cream 20 mg/g Twice-daily With Alitretinoin Capsules Once-daily in Adult Participants With Severe Chronic Hand Eczema",https://clinicaltrials.gov/study/NCT05259722,delgocitinib AND Atopic dermatitis,,,2,si
NCT05355818,clinicaltrials,A Phase 3 Clinical Trial to Evaluate Efficacy and Safety of Twice-daily Applications of Delgocitinib Cream 20 mg/g Compared With Cream Vehicle for a 16-week Treatment Period in Adolescents 12-17 Years of Age With Moderate to Severe Chronic Hand Eczema (DELTA TEEN),https://clinicaltrials.gov/study/NCT05355818,delgocitinib AND Atopic dermatitis,,,2,si
NCT05369403,clinicaltrials,An Open-Label Study to Evaluate the Safety and Efficacy of Lebrikizumab in Adult and Adolescent Participants With Moderate-to-Severe Atopic Dermatitis Previously Treated With Dupilumab,https://clinicaltrials.gov/study/NCT05369403,dupilumab; lebrikizumab,,,1,si
NCT05372419,clinicaltrials,"An Open-Label, 24-Week Study to Investigate the Safety and Efficacy of Lebrikizumab in Adult and Adolescent Participants With Moderate-to-Severe Atopic Dermatitis and Skin of Color",https://clinicaltrials.gov/study/NCT05372419,lebrikizumab,,,1,si
NCT05375929,clinicaltrials,"A RANDOMIZED, OPEN-LABEL, PARALLEL-GROUP STUDY TO EVALUATE THE SAFETY AND EFFICACY OF ABROCITINIB 100 MG AND 200 MG TABLETS IN PARTICIPANTS AGED 12 YEARS AND OLDER WITH MODERATE TO SEVERE ATOPIC DERMATITIS IN INDIA",https://clinicaltrials.gov/study/NCT05375929,abrocitinib,,,2,si
NCT05378698,clinicaltrials,Effects of Tralokinumab in the Skin: an Immunologic and Molecular Investigation (TRALIS),https://clinicaltrials.gov/study/NCT05378698,tralokinumab,,,1,si
NCT05387980,clinicaltrials,CIBINQO® TABLETS SPECIAL INVESTIGATION,https://clinicaltrials.gov/study/NCT05387980,abrocitinib,,,1,si
NCT05388760,clinicaltrials,"A Single (Assessor) Blinded, Randomized, Parallel-group, Monotherapy Trial to Evaluate the Pharmacokinetics and Safety of Tralokinumab in Children (Age 6 to <12 Years) With Moderate-to-severe Atopic Dermatitis",https://clinicaltrials.gov/study/NCT05388760,tralokinumab,,,3,si
NCT05391061,clinicaltrials,Post Marketing Surveillance (PMS) Study for Cibinqo Tablet (Abrocitinib) in Patients With Moderate to Severe Atopic Dermatitis (AD) in Korea,https://clinicaltrials.gov/study/NCT05391061,abrocitinib,,,2,si
NCT05394792,clinicaltrials,CANadian Effectiveness of UPadacitinib in Adult Moderate-to-severe aTopIc derMatitis Patients Who Are Inadequate Responders to Dupilumab or diScontinuing Dupilumab Due to safEty/Tolerability Reasons: The CAN UpTIMISE Study,https://clinicaltrials.gov/study/NCT05394792,dupilumab; upadacitinib,,,3,si
NCT05405985,clinicaltrials,"A Randomized, Single-Dose, Open-Label, Parallel-Group Study in Healthy Volunteers to Assess the Relative Bioavailability of a Subcutaneous Dose of Nemolizumab When Administered With Auto-Injector Compared to Dual-Chamber Syringe",https://clinicaltrials.gov/study/NCT05405985,nemolizumab,,,1,si
NCT05451316,clinicaltrials,A Study to Evaluate Effectiveness of Upadacitinib in Moderate to Severe AD With Prurigo Nodularis in the Real World in Japan,https://clinicaltrials.gov/study/NCT05451316,upadacitinib,,,2,si
NCT05466578,clinicaltrials,Pre-approval Single-patient Expanded Access for Abrocitinib (PF-04965842),https://clinicaltrials.gov/study/NCT05466578,abrocitinib,,,1,si
NCT05486117,clinicaltrials,A Phase 1 Clinical Trial to Evaluate the Pharmacokinetics of Twice-daily Applications of Delgocitinib Cream 20 mg/g for 1 Week in Adult Subjects With Moderate to Severe Chronic Hand Eczema.,https://clinicaltrials.gov/study/NCT05486117,delgocitinib AND Atopic dermatitis,,,2,si
NCT05507580,clinicaltrials,"A Phase 3b/4 Randomized, Blinded, Treat-to-Target and Dose-Flexibility Study of Upadacitinib in Adult Subjects With Moderate to Severe Atopic Dermatitis",https://clinicaltrials.gov/study/NCT05507580,upadacitinib,,,4,si
NCT05559359,clinicaltrials,"A Randomized, Double-Blind, Placebo-Controlled, Phase 3 Study to Assess the Efficacy, Safety and Pharmacokinetics of Lebrikizumab Compared to Placebo in Participants 6 Months to <18 Years of Age With Moderate-to-Severe Atopic Dermatitis",https://clinicaltrials.gov/study/NCT05559359,lebrikizumab,,,1,si
NCT05590585,clinicaltrials,An Open-Label Single-Arm Study of Dupilumab in Adolescent and Adult Skin of Color Patients With Moderate-to-Severe Atopic Dermatitis,https://clinicaltrials.gov/study/NCT05590585,dupilumab,,,2,si
NCT05601882,clinicaltrials,"A Phase 3b/4 Randomized, Open-label, Efficacy Assessor Blinded Study, Comparing the Safety and Assessor Blinded Efficacy of Upadacitinib to Dupilumab in Subjects With Moderate to Severe Atopic Dermatitis (Level-Up)",https://clinicaltrials.gov/study/NCT05601882,dupilumab; upadacitinib,,,3,si
NCT05602207,clinicaltrials,Clinical and Molecular Effects of Abrocitinib in Subjects With Atopic Dermatitis With an Unsatisfactory Response or Facial Erythema After Treatment With Dupilumab,https://clinicaltrials.gov/study/NCT05602207,abrocitinib; dupilumab,,,1,si
NCT05624112,clinicaltrials,Open-label Exploratory Study to Evaluate the Effect of Dupilumab on Skin Barrier Function in Chinese Patients With Moderate to Severe Atopic Dermatitis,https://clinicaltrials.gov/study/NCT05624112,dupilumab,,,2,si
NCT05669794,clinicaltrials,Real-world Effectiveness and Use of UPaDAcitinib in Patients With moderaTE-to-severe Atopic Dermatitis,https://clinicaltrials.gov/study/NCT05669794,upadacitinib,,,2,si
NCT05674695,clinicaltrials,Spanish Academy of Dermatology and Venereology Registry of Atopic Dermatitis Therapy,https://clinicaltrials.gov/study/NCT05674695,baricitinib; dupilumab; upadacitinib,,,2,si
NCT05680298,clinicaltrials,Open-label Exploratory Study to Evaluate the Effect of Dupilumab on Skin Barrier Function in Chinese Pediatric Patients With Moderate-to-severe Atopic Dermatitis,https://clinicaltrials.gov/study/NCT05680298,dupilumab,,,3,si
NCT05682976,clinicaltrials,Prospective Multicentre Study on Ophthalmological Adverse Events of Tralokinumab in the Treatment of Atopic Dermatitis,https://clinicaltrials.gov/study/NCT05682976,tralokinumab,,,4,si
NCT05689151,clinicaltrials,Treating Atopic Dermatitis With Abrocitinib and Its Impact in Real Life: An Observational Cohort Study To Describe the Effectiveness of Abrocitinib in Patients With Moderate-to-Severe Atopic Dermatitis.,https://clinicaltrials.gov/study/NCT05689151,abrocitinib,,,2,si
NCT05694884,clinicaltrials,"A Randomized, Double-Blind, Placebo-Controlled, Multicenter Trial to Evaluate the Efficacy and Safety of Eblasakimab in Male or Female Moderate-to-Severe Atopic Dermatitis Patients Previously Treated With Dupilumab",https://clinicaltrials.gov/study/NCT05694884,dupilumab,,,1,si
NCT05721937,clinicaltrials,CIBINQOTM Pregnancy Registry: An Observational Study of the Safety of Abrocitinib Exposure in Pregnant Women and Their Offspring,https://clinicaltrials.gov/study/NCT05721937,abrocitinib,,,3,si
NCT05735483,clinicaltrials,"A Phase 3, Multicenter, Long-Term Extension Study to Assess the Safety and Efficacy of Lebrikizumab in Participants 6 Months to <18 Years of Age With Moderate-to-Severe Atopic Dermatitis",https://clinicaltrials.gov/study/NCT05735483,lebrikizumab,,,1,si
NCT05790330,clinicaltrials,"'Mind and Skin': A Prospective Cohort Study Evaluating the Impact of Inflammation, Itch and Sleep Disturbance on the Brain, Mental Health and Cognition, in Patients With Severe Atopy",https://clinicaltrials.gov/study/NCT05790330,dupilumab,,,1,si
NCT05916365,clinicaltrials,A 2-year Open-label Extension Study to Assess the Long-term Safety and Efficacy of Lebrikizumab in Adult and Adolescent Patients With Moderate-to-Severe Atopic Dermatitis,https://clinicaltrials.gov/study/NCT05916365,lebrikizumab,,,1,si
NCT05938478,clinicaltrials,Monitoring Pregnancy and Infant Outcomes Following Tralokinumab Exposure During Pregnancy in the US and Canada - PROTECT,https://clinicaltrials.gov/study/NCT05938478,tralokinumab,,,2,si
NCT05958407,clinicaltrials,"A Phase 3b, Interventional, Adaptive, Clinical Trial to Evaluate the Efficacy and Safety of Tralokinumab 300 mg Every Second Week Monotherapy Compared With Placebo in Subjects With Moderate-to-severe Atopic Hand Eczema Who Are Candidates for Systemic Therapy",https://clinicaltrials.gov/study/NCT05958407,tralokinumab,,,2,si
NCT05959083,clinicaltrials,"A Prospective, Multi-center, Post-marketing, Observational Study to Evaluate the Safety and Effectiveness of Upadacitinib in Chinese Adolescent and Adult Patients With Moderate to Severe Atopic Dermatitis (AD)",https://clinicaltrials.gov/study/NCT05959083,upadacitinib,,,2,si
NCT05969730,clinicaltrials,Efficacy and Safety of Baricitinib Versus Azathioprine in Combination With Topical Corticosteroids For Patients With Moderate-to-Severe Atopic Dermatitis,https://clinicaltrials.gov/study/NCT05969730,baricitinib,,,4,si
NCT05983068,clinicaltrials,"A Two-year, Phase 4, Open-label, Single-arm Treatment Study to Evaluate the Long-term Effect of Dupilumab on Skin Barrier Function in Pediatric Participants (≥6 to <15 Years of Age) With Moderate-to-severe Atopic Dermatitis",https://clinicaltrials.gov/study/NCT05983068,dupilumab,,,3,si
NCT05989932,clinicaltrials,Esperienza Real-world Sull'Uso di Upadacitinib Nel Trattamento Della Dermatite Atopica Moderata-severa Dell'Adulto,https://clinicaltrials.gov/study/NCT05989932,upadacitinib,,,1,si
NCT05990725,clinicaltrials,"A Phase 3b, Open-label Study to Evaluate the Effectiveness and Safety of Lebrikizumab Treatment in Adults and Adolescents With Moderate-to-Severe Atopic Dermatitis",https://clinicaltrials.gov/study/NCT05990725,lebrikizumab,,,1,si
NCT06004050,clinicaltrials,"A Phase 3 Trial to Evaluate Efficacy, Safety, and Pharmacokinetics of Twice-Daily Applications of Delgocitinib Cream 20 mg/g in Chinese Adults and Adolescents (12-17 Years of Age) With Moderate to Severe Chronic Hand Eczema",https://clinicaltrials.gov/study/NCT06004050,delgocitinib AND Atopic dermatitis,,,1,si
NCT06004986,clinicaltrials,"DUPI REDUCE Trial (DUPIlumab Dose REDUCtion in Patients With Controlled Atopic Eczema): a Multicenter, Low-intervention, Non-inferiority Randomized Controlled Trial, Embedded in the TREAT NL Registry",https://clinicaltrials.gov/study/NCT06004986,dupilumab,,,1,si
NCT06039241,clinicaltrials,"Prospective, Non-interventional, Observational Study for Multi-dimensional Assessment of Signs, Symptoms, Quality of Life and Disease Control of Long-term Treatment With Dupilumab in Patients With Atopic Dermatitis (≥6 Years)",https://clinicaltrials.gov/study/NCT06039241,dupilumab,,,4,si
NCT06099704,clinicaltrials,"A Prospective, Observational Study of Canadian Patients Receiving Dupixent® for Moderate to Severe Atopic Dermatitis",https://clinicaltrials.gov/study/NCT06099704,dupilumab,,,2,si
NCT06116526,clinicaltrials,Dupilumab De-escalation in Pediatric Atopic Dermatitis: A Pilot Trial,https://clinicaltrials.gov/study/NCT06116526,dupilumab,,,1,si
NCT06136767,clinicaltrials,Registry for Systemic Eczema Treatments,https://clinicaltrials.gov/study/NCT06136767,abrocitinib; tralokinumab; upadacitinib,,,1,si
NCT06169527,clinicaltrials,French Prospective Observational Study of Patients Receiving Dupilumab for Atopic Dermatitis.,https://clinicaltrials.gov/study/NCT06169527,dupilumab,,,2,si
NCT06182436,clinicaltrials,Use of Virtual Reality to Improve Pain and Anxiety Management of Children During Dupilumab Injection for Atopic Dermatitis (VR-DERMA),https://clinicaltrials.gov/study/NCT06182436,dupilumab,,,2,si
NCT06192563,clinicaltrials,A Prospective Observational Study of Adolescent Patients With Severe Atopic Dermatitis Despite Less Extensive Skin Lesions (Eczema Area and Severity Index Score < 16) Receiving Dupilumab,https://clinicaltrials.gov/study/NCT06192563,dupilumab,,,3,si
NCT06193434,clinicaltrials,"A Phase 1 FIH, Randomized, Double Blind, Placebo Controlled, SAD/MAD Study to Assess Safety, Tolerability and PK in Healthy Participants and in Atopic Dermatitis Patients",https://clinicaltrials.gov/study/NCT06193434,dupilumab,,,1,si
NCT06280716,clinicaltrials,"A Multicenter, Randomized, Double-Blind, Placebo-controlled, Phase 3 Trial to Investigate the Efficacy and Safety of Lebrikizumab When Used With/Without Topical Corticosteroid Treatment in Participants With Moderate-To-Severe Atopic Dermatitis",https://clinicaltrials.gov/study/NCT06280716,lebrikizumab,,,1,si
NCT06283550,clinicaltrials,"A Randomized, Double-Blind, Placebo-Controlled, Phase 2 Study to Evaluate the Efficacy, Safety, and Tolerability of Abrocitinib in Subjects With Moderate to Severe Chronic Hand Eczema Refractory to Corticosteroid Therapy",https://clinicaltrials.gov/study/NCT06283550,abrocitinib,,,1,si
NCT06311682,clinicaltrials,"A Phase 3 Multi-center Trial to Evaluate the Efficacy and Safety of Tralokinumab in Combination With Topical Corticosteroids in Children (Age 2 to <12 Years) and Infants (Age 6 Months to <2 Years) With Moderate-to-severe Atopic Dermatitis. The Trial is Randomized, Double-blind, Placebo-controlled, a",https://clinicaltrials.gov/study/NCT06311682,tralokinumab,,,4,si
NCT06353087,clinicaltrials,The Real-world Treatment Patterns and Clinical Outcomes in Moderate-to-severe Atopic Dermatitis (AD) Patients Receiving Abrocitinib,https://clinicaltrials.gov/study/NCT06353087,abrocitinib,,,1,si
NCT06366932,clinicaltrials,Optimization of Atopic Dermatitis Treatment That Requires Second-line Systemic Therapy Through Multiomic Predictive Models of Treatment Response (DermAtOmics-II),https://clinicaltrials.gov/study/NCT06366932,abrocitinib; baricitinib; tralokinumab; upadacitinib,,,1,si
NCT06389136,clinicaltrials,"A Phase 3b/4 Randomized, Open-label, Efficacy Assessor-Blinded Study, to Evaluate the Efficacy and Safety of Upadacitinib for the Treatment of Adult Subjects With Moderate to Severe Atopic Dermatitis and Inadequate Response to Dupilumab (SWITCH-UP)",https://clinicaltrials.gov/study/NCT06389136,upadacitinib,,,4,si
NCT06390722,clinicaltrials,"A Phase 3b/4 Randomized, Double-Blind, Placebo-Controlled Study Evaluating the Effect of Upadacitinib on Atopic Dermatitis-induced Sleep Disturbance in Adults With Moderate to Severe Atopic Dermatitis (SLEEP UP)",https://clinicaltrials.gov/study/NCT06390722,upadacitinib,,,4,si
NCT06421740,clinicaltrials,REal-world Utilization and Treatment Target ACHievement With Upadacitinib in Adolescents and Adults With Moderate to Severe Atopic Dermatitis in China,https://clinicaltrials.gov/study/NCT06421740,upadacitinib,,,2,si
NCT06444165,clinicaltrials,Study to Assess Lebrikizumab Pen Ease of Use in Patients With Atopic Dermatitis,https://clinicaltrials.gov/study/NCT06444165,lebrikizumab,,,1,si
NCT06461897,clinicaltrials,"A Phase 3, Open-label, Efficacy-Assessor-Blinded Study, Comparing the Safety and Efficacy of Upadacitinib to Dupilumab in Children From 2 to Less Than 12 Years of Age With Moderate to Severe Atopic Dermatitis",https://clinicaltrials.gov/study/NCT06461897,dupilumab; upadacitinib,,,3,si
NCT06465732,clinicaltrials,A Randomized Controlled Study to Evaluate the Efficacy and Safety of Dupilumab in Combination With Short-term Low-dose Tofacitinib in Adult Patients With Moderate to Severe Atopic Dermatitis,https://clinicaltrials.gov/study/NCT06465732,dupilumab,,,5,si
NCT06498167,clinicaltrials,Active Pharmacovigilance Study of the Medicine RinvoqTM (Upadacitinib),https://clinicaltrials.gov/study/NCT06498167,upadacitinib,,,1,si
NCT06503510,clinicaltrials,The Role of the Interleukin-13 Pathways on Pain and Itch Sensitivity in Patients With Atopic Dermatitis and Healthy Volunteers,https://clinicaltrials.gov/study/NCT06503510,lebrikizumab,,,1,si
NCT06503536,clinicaltrials,"REAL-world Patient characterISTICs, Treatment Pattern, Clinical Outcomes, and Healthcare Resource Utilization in Chinese Patients Receiving Upadacitinib for Atopic Dermatitis: A Retrospective Chart Review Study",https://clinicaltrials.gov/study/NCT06503536,upadacitinib,,,1,si
NCT06526182,clinicaltrials,"A Phase 3, 2-Part, Open-Label and Double-Blind, Randomised Study to Evaluate the Effectiveness and Safety of Lebrikizumab Treatment in Adults and Adolescents With Moderate-to-Severe Atopic Dermatitis",https://clinicaltrials.gov/study/NCT06526182,lebrikizumab,,,1,si
NCT06701331,clinicaltrials,"A Phase 3, Randomized, Placebo-Controlled, Double-Blind Study to Evaluate the Safety and Efficacy of Upadacitinib in Combination With Topical Corticosteroids in Children From 2 to Less Than 12 Years of Age in Japan With Moderate to Severe Atopic Dermatitis",https://clinicaltrials.gov/study/NCT06701331,upadacitinib,,,3,si
NCT06773455,clinicaltrials,"A Single-Center, Open-Label Study to Evaluate Tralokinumab in Atopic Dermatitis Subjects Who Experienced Inadequate Response on Dupilumab",https://clinicaltrials.gov/study/NCT06773455,dupilumab; tralokinumab,,,1,si
NCT06807268,clinicaltrials,"A 16-WEEK, MULTICENTER, INTERVENTIONAL, PHASE 3, RANDOMIZED, DOUBLE-BLIND, PLACEBO-CONTROLLED, PARALLEL GROUP STUDY TO INVESTIGATE EFFICACY AND SAFETY OF ABROCITINIB IN CHILDREN 6 TO LESS THAN 12 YEARS OF AGE WITH MODERATE-TO-SEVERE ATOPIC DERMATITIS",https://clinicaltrials.gov/study/NCT06807268,abrocitinib,,,1,si
NCT06807281,clinicaltrials,"A Phase 3, Multicenter, Long-Term, Open Label Study Evaluating the Safety and Efficacy of Abrocitinib, With or Without Topical Medications Administered to Pediatric Participants Aged 2 Years and Older With Moderate-to-Severe Atopic Dermatitis",https://clinicaltrials.gov/study/NCT06807281,abrocitinib,,,1,si
NCT06815380,clinicaltrials,"A European, Multicenter, Prospective Observational Phase IV Clinical Study to Assess the Impact of Lebrikizumab on Health-Related Well-Being and Control of Skin Manifestations in Patients With Moderate-to-Severe Atopic Dermatitis",https://clinicaltrials.gov/study/NCT06815380,lebrikizumab,,,3,si
NCT06884891,clinicaltrials,"A Multicenter Randomized, Double-blinded, Parallel, Positive-controlled, Phase III Comparative Study to Evaluate the Efficacy and Safety of QL2108 to Dupixent® in Adult Subjects With Moderate-to-Severe Atopic Dermatitis.",https://clinicaltrials.gov/study/NCT06884891,dupilumab,,,1,si
NCT06899204,clinicaltrials,"A Prospective, Multi-center Observational Study Characterizing Clinical Outcomes of Patients Receiving Abrocitinib for Moderate-to-severe Atopic Dermatitis Who Had an Inadequate Response (or Intolerance) to ≤2 Previous Biologic Therapies Approved for Moderate-to-severe Atopic Dermatitis",https://clinicaltrials.gov/study/NCT06899204,abrocitinib,,,2,si
NCT06906497,clinicaltrials,"A Phase IV, Non-randomized, Open-label Multinational Trial to Assess the Mechanism of Action for Lebrikizumab in Moderate-to-severe Atopic Dermatitis",https://clinicaltrials.gov/study/NCT06906497,lebrikizumab,,,1,si
NCT06921759,clinicaltrials,"A Multicenter, Randomized, Double-Blind, Placebo-Controlled, Parallel-Group Study to Evaluate the Efficacy and Safety of Lebrikizumab in Adult and Adolescent Participants With Moderate-to-Severe Atopic Hand and Foot Dermatitis",https://clinicaltrials.gov/study/NCT06921759,lebrikizumab,,,1,si
NCT06937788,clinicaltrials,Pragmatic Replication of the Heads Up Head-to-head Study of Upadacitinib and Dupilumab With TREATgermany Registry Data,https://clinicaltrials.gov/study/NCT06937788,upadacitinib,,,1,si
NCT06988605,clinicaltrials,Real-world Experience Using Nemolizumab in the Treatment of Moderate-to-Severe Atopic Dermatitis in Adolescents & Adults,https://clinicaltrials.gov/study/NCT06988605,nemolizumab,,,1,si
NCT07006792,clinicaltrials,"A Phase 4, Multicenter, Open-label, Single-arm Study to Investigate the Efficacy of Lebrikizumab in Adult and Adolescent Participants With Moderate Atopic Dermatitis and High Itch Burden",https://clinicaltrials.gov/study/NCT07006792,lebrikizumab,,,1,si
NCT07017231,clinicaltrials,The Role of the Interleukin-13 Pathways on Pain and Itch Sensitivity in Patients With Atopic Dermatitis and Healthy Volunteers,https://clinicaltrials.gov/study/NCT07017231,lebrikizumab,,,1,si
NCT07021495,clinicaltrials,"A Prospective, Multi-Center, Observational Biomarker Real-World Evidence Study for In-Depth Profiling of Patients With Chronic Immune-Mediated Inflammatory Skin Diseases in Daily Practice",https://clinicaltrials.gov/study/NCT07021495,abrocitinib; lebrikizumab; tralokinumab; upadacitinib,,,6,si
NCT07027527,clinicaltrials,"A Phase 1b, Open-label, Randomized, Multicenter, Active Comparator Study to Evaluate the Safety, Tolerability, and Pharmacokinetics of the Combination of APG777 + APG990 in Adults With Moderate-to-Severe Atopic Dermatitis",https://clinicaltrials.gov/study/NCT07027527,dupilumab,,,1,si
NCT07098000,clinicaltrials,The Role of Confocal Microscopy in Estimating Dupilumab Treatment Response for Moderate/Severe Atopic Dermatitis,https://clinicaltrials.gov/study/NCT07098000,dupilumab,,,3,si
NCT07242638,clinicaltrials,Use of Specific JAK Inhibition on Inflammatory Skin and Scalp Diseases in Down Syndrome R61AR084210,https://clinicaltrials.gov/study/NCT07242638,abrocitinib,,,1,si
NCT07262983,clinicaltrials,A Pilot Study to Evaluate the Safety and Tolerability of Baricitinib in Patients With Job s Syndrome With Lupus-like Disease and/or Atopic Dermatitis,https://clinicaltrials.gov/study/NCT07262983,baricitinib,,,3,si
NCT07352566,clinicaltrials,Utilization of a Cutaneous Therapy In Situ Microdevice,https://clinicaltrials.gov/study/NCT07352566,abrocitinib; dupilumab; lebrikizumab; nemolizumab; tralokinumab; upadacitinib,,,2,si
NCT07358156,clinicaltrials,"A Randomised, Double-blind, Three-arm, Parallel Group, Single Dose, Phase 1 Study to Compare the Pharmacokinetics, Pharmacodynamic, Immunogenicity, and Safety of CKD-706 With US-Dupixent®, and EU-Dupixent® in Healthy Adult Participants.",https://clinicaltrials.gov/study/NCT07358156,dupilumab,,,1,si
NCT07444801,clinicaltrials,Intervention With Tralokinumab in Patients With Moderate-to-severe Atopic Dermatitis With Genital Impact,https://clinicaltrials.gov/study/NCT07444801,tralokinumab,,,2,si
NCT07448363,clinicaltrials,National Registry of Patients With Atopic Dermatitis Under Treatment With Dupilumab and JAK Inhibitors Within the Costa Rican Social Security System,https://clinicaltrials.gov/study/NCT07448363,abrocitinib; baricitinib; upadacitinib,,,2,si
NCT07467564,clinicaltrials,The Impact of Dupilumab Treatment on Anxiety and Depression Symptoms in Patients With Moderate-to-Severe Atopic Dermatitis in Gulf Countries,https://clinicaltrials.gov/study/NCT07467564,dupilumab,,,1,si
NCT07542483,clinicaltrials,"A Phase 3, Randomised, Double-Blind, Placebo-Controlled, Parallel Group, Multicentre Study With a Double-Blind Extension Evaluating Efficacy and Safety of Lebrikizumab Administered to Adult Patients With Nummular Eczema Who Are Not Adequately Controlled With Topical Corticosteroids or When This Trea",https://clinicaltrials.gov/study/NCT07542483,lebrikizumab,,,1,si
NCT07568665,clinicaltrials,Evaluation by Confocal Reflectance Microscopy of the Skin Structure of Patients With Atopic Dermatitis Treated With Tralokinumab Biotherapy.,https://clinicaltrials.gov/study/NCT07568665,tralokinumab,,,2,si
NCT07603193,clinicaltrials,"Prospective, Non-interventional, Multicenter Real-world Evidence Study on Effectiveness and Safety of Treatment of Patients With Moderate to Severe Chronic Hand Eczema With Delgocitinib Cream (20mg/g)",https://clinicaltrials.gov/study/NCT07603193,delgocitinib AND Atopic dermatitis,,,2,si
NCT07660835,clinicaltrials,"A Multicenter, Open-Label, Single-Group Clinical Study to Assess the Pharmacokinetics, Safety and Efficacy of Nemolizumab in Pediatric Subjects (Aged 6 to 23 Months) With Moderate-to-Severe Atopic Dermatitis Not Adequately Controlled With Topical Therapy",https://clinicaltrials.gov/study/NCT07660835,nemolizumab,,,1,si
24175400,pubmed,Immunology of atopic dermatitis: novel insights into mechanisms and immunomodulatory therapies.,https://pubmed.ncbi.nlm.nih.gov/24175400/,dupilumab,,,2,no
25006719,pubmed,Dupilumab treatment in adults with moderate-to-severe atopic dermatitis.,https://pubmed.ncbi.nlm.nih.gov/25006719/,dupilumab,,,5,si
25482871,pubmed,Dupilumab improves the molecular signature in skin of patients with moderate-to-severe atopic dermatitis.,https://pubmed.ncbi.nlm.nih.gov/25482871/,dupilumab,,,3,si
25542094,pubmed,New pathogenic and therapeutic paradigms in atopic dermatitis.,https://pubmed.ncbi.nlm.nih.gov/25542094/,dupilumab,,,2,no
25584909,pubmed,Atopic dermatitis: the updated practice parameter and beyond.,https://pubmed.ncbi.nlm.nih.gov/25584909/,dupilumab,,,3,si
25645542,pubmed,[Status quo and prospects for systemic therapy of atopic dermatitis. Biologics ante portas].,https://pubmed.ncbi.nlm.nih.gov/25645542/,dupilumab,,,2,no
25931325,pubmed,Mediators of Chronic Pruritus in Atopic Dermatitis: Getting the Itch Out?,https://pubmed.ncbi.nlm.nih.gov/25931325/,dupilumab,,,4,no
26012985,pubmed,[Dupilumab effective in atopic dermatitis].,https://pubmed.ncbi.nlm.nih.gov/26012985/,dupilumab,,,1,no
26239452,pubmed,"Immune Pathways in Atopic Dermatitis, and Definition of Biomarkers through Broad and Targeted Therapeutics.",https://pubmed.ncbi.nlm.nih.gov/26239452/,dupilumab,,,2,no
26308331,pubmed,Current novel approaches in systemic therapy of atopic dermatitis: specific inhibition of cutaneous Th2 polarized inflammation and itch.,https://pubmed.ncbi.nlm.nih.gov/26308331/,dupilumab,,,3,no
26428945,pubmed,Dupilumab for the treatment of atopic dermatitis: A clinical trial review.,https://pubmed.ncbi.nlm.nih.gov/26428945/,dupilumab,,,2,no
26454361,pubmed,"Efficacy and safety of dupilumab in adults with moderate-to-severe atopic dermatitis inadequately controlled by topical treatments: a randomised, placebo-controlled, dose-ranging phase 2b trial.",https://pubmed.ncbi.nlm.nih.gov/26454361/,dupilumab,,,6,si
26457448,pubmed,The anti-IL-4 receptor alpha antibody dupilumab: facing a new era in treating atopic dermatitis.,https://pubmed.ncbi.nlm.nih.gov/26457448/,dupilumab,,,2,no
26547214,pubmed,Systemic Agents for Severe Atopic Dermatitis in Children.,https://pubmed.ncbi.nlm.nih.gov/26547214/,dupilumab,,,3,no
26598956,pubmed,Drug evaluation review: dupilumab in atopic dermatitis.,https://pubmed.ncbi.nlm.nih.gov/26598956/,dupilumab,,,2,no
26617291,pubmed,[Atopic dermatitis of the adult].,https://pubmed.ncbi.nlm.nih.gov/26617291/,dupilumab,,,2,no
26777100,pubmed,Patient burden of moderate to severe atopic dermatitis (AD): Insights from a phase 2b clinical trial of dupilumab in adults.,https://pubmed.ncbi.nlm.nih.gov/26777100/,dupilumab,,,3,si
26792414,pubmed,[What's New in Dermatological Therapy?].,https://pubmed.ncbi.nlm.nih.gov/26792414/,dupilumab,,,2,no
26808004,pubmed,Target-oriented therapy: Emerging drugs for atopic dermatitis.,https://pubmed.ncbi.nlm.nih.gov/26808004/,dupilumab,,,2,no
26836729,pubmed,Effect of Subcutaneous Dupilumab on Nasal Polyp Burden in Patients With Chronic Sinusitis and Nasal Polyposis: A Randomized Clinical Trial.,https://pubmed.ncbi.nlm.nih.gov/26836729/,dupilumab,,,4,no
26967382,pubmed,The adaptive immune system in atopic dermatitis and implications on therapy.,https://pubmed.ncbi.nlm.nih.gov/26967382/,dupilumab,,,3,no
27223113,pubmed,"Dupilumab, A Monoclonal Antibody for Atopic Dermatitis: A Review of Current Literature.",https://pubmed.ncbi.nlm.nih.gov/27223113/,dupilumab,,,2,no
27268421,pubmed,"Dupilumab therapy provides clinically meaningful improvement in patient-reported outcomes (PROs): A phase IIb, randomized, placebo-controlled, clinical trial in adult patients with moderate to severe atopic dermatitis (AD).",https://pubmed.ncbi.nlm.nih.gov/27268421/,dupilumab,,,3,si
27497276,pubmed,Cellular and molecular immunologic mechanisms in patients with atopic dermatitis.,https://pubmed.ncbi.nlm.nih.gov/27497276/,dupilumab,,,4,no
27525671,pubmed,Assessing the New and Emerging Treatments for Atopic Dermatitis.,https://pubmed.ncbi.nlm.nih.gov/27525671/,dupilumab; crisaborole,,,2,no
27578076,pubmed,Itch in Atopic Dermatitis Management.,https://pubmed.ncbi.nlm.nih.gov/27578076/,dupilumab,,,2,no
27635033,pubmed,Review of Systemic Treatment Options for Adult Atopic Dermatitis.,https://pubmed.ncbi.nlm.nih.gov/27635033/,atopic_dermatitis,,,2,no
27690741,pubmed,Two Phase 3 Trials of Dupilumab versus Placebo in Atopic Dermatitis.,https://pubmed.ncbi.nlm.nih.gov/27690741/,dupilumab,,,11,si
27714851,pubmed,Cynomolgus monkey model of interleukin-31-induced scratching depicts blockade of human interleukin-31 receptor A by a humanized monoclonal antibody.,https://pubmed.ncbi.nlm.nih.gov/27714851/,nemolizumab,,,3,si
27778477,pubmed,"Exploratory Population PK Analysis of Dupilumab, a Fully Human Monoclonal Antibody Against IL-4Rα, in Atopic Dermatitis Patients and Normal Volunteers.",https://pubmed.ncbi.nlm.nih.gov/27778477/,dupilumab,,,2,no
27956146,pubmed,Structural Characterisation Reveals Mechanism of IL-13-Neutralising Monoclonal Antibody Tralokinumab as Inhibition of Binding to IL-13Rα1 and IL-13Rα2.,https://pubmed.ncbi.nlm.nih.gov/27956146/,tralokinumab,,,3,si
28139263,pubmed,JAK inhibitors in dermatology: The promise of a new drug class.,https://pubmed.ncbi.nlm.nih.gov/28139263/,atopic_dermatitis,,,2,si
28165826,pubmed,Dupilumab in the treatment of moderate-to-severe atopic dermatitis.,https://pubmed.ncbi.nlm.nih.gov/28165826/,dupilumab,,,3,no
28169015,pubmed,Janus kinase inhibitors in dermatology: A systematic review.,https://pubmed.ncbi.nlm.nih.gov/28169015/,atopic_dermatitis,,,2,no
28249150,pubmed,Anti-Interleukin-31 Receptor A Antibody for Atopic Dermatitis.,https://pubmed.ncbi.nlm.nih.gov/28249150/,nemolizumab,,,5,si
28277826,pubmed,Commonality of the IL-4/IL-13 pathway in atopic diseases.,https://pubmed.ncbi.nlm.nih.gov/28277826/,dupilumab,,,3,no
28290136,pubmed,Baricitinib: First Global Approval.,https://pubmed.ncbi.nlm.nih.gov/28290136/,baricitinib,,,3,no
28366479,pubmed,Biologic Therapy in the Treatment of Chronic Skin Disorders.,https://pubmed.ncbi.nlm.nih.gov/28366479/,dupilumab,,,2,no
28478972,pubmed,"Long-term management of moderate-to-severe atopic dermatitis with dupilumab and concomitant topical corticosteroids (LIBERTY AD CHRONOS): a 1-year, randomised, double-blinded, placebo-controlled, phase 3 trial.",https://pubmed.ncbi.nlm.nih.gov/28478972/,dupilumab,,,7,si
28503712,pubmed,"Dupilumab Improves General Health-Related Quality-of-Life in Patients with Moderate-to-Severe Atopic Dermatitis: Pooled Results from Two Randomized, Controlled Phase 3 Clinical Trials.",https://pubmed.ncbi.nlm.nih.gov/28503712/,dupilumab,,,4,si
28547386,pubmed,Dupilumab: First Global Approval.,https://pubmed.ncbi.nlm.nih.gov/28547386/,dupilumab,,,2,no
28553077,pubmed,"Spotlight on dupilumab in the treatment of atopic dermatitis: design, development, and potential place in therapy.",https://pubmed.ncbi.nlm.nih.gov/28553077/,dupilumab,,,2,no
28555328,pubmed,Evolving Concepts in Atopic Dermatitis.,https://pubmed.ncbi.nlm.nih.gov/28555328/,dupilumab; crisaborole,,,2,si
28604121,pubmed,Atopic dermatitis 2017: where we were 10-15 years ago in psoriasis.,https://pubmed.ncbi.nlm.nih.gov/28604121/,atopic_dermatitis,,,1,no
28646393,pubmed,The Changing Landscape of Alopecia Areata: The Therapeutic Paradigm.,https://pubmed.ncbi.nlm.nih.gov/28646393/,atopic_dermatitis,,,3,si
28652155,pubmed,Advances in atopic dermatitis and urticarial in 2016.,https://pubmed.ncbi.nlm.nih.gov/28652155/,dupilumab,,,2,no
28654711,pubmed,Addressing the immunopathogenesis of atopic dermatitis: advances in topical and systemic treatment.,https://pubmed.ncbi.nlm.nih.gov/28654711/,dupilumab; crisaborole,,,2,no
28658541,pubmed,The interplay between genetic and environmental factors in the pathogenesis of atopic dermatitis.,https://pubmed.ncbi.nlm.nih.gov/28658541/,dupilumab,,,2,no
28668106,pubmed,Atopic dermatitis treatment: Current state of the art and emerging therapies.,https://pubmed.ncbi.nlm.nih.gov/28668106/,dupilumab,,,2,no
28674469,pubmed,Pharmaceutical Approval Update.,https://pubmed.ncbi.nlm.nih.gov/28674469/,dupilumab,,,1,no
28703903,pubmed,Dosage Optimization of Nemolizumab Using Population Pharmacokinetic and Pharmacokinetic-Pharmacodynamic Modeling and Simulation.,https://pubmed.ncbi.nlm.nih.gov/28703903/,nemolizumab,,,2,si
28708993,pubmed,IL-4Rα Inhibitor for Atopic Disease.,https://pubmed.ncbi.nlm.nih.gov/28708993/,dupilumab,,,1,no
28845523,pubmed,"Dupilumab treatment improves quality of life in adult patients with moderate-to-severe atopic dermatitis: results from a randomized, placebo-controlled clinical trial.",https://pubmed.ncbi.nlm.nih.gov/28845523/,dupilumab,,,3,si
28853956,pubmed,New and emerging targeted systemic therapies: a new era for atopic dermatitis.,https://pubmed.ncbi.nlm.nih.gov/28853956/,dupilumab,,,3,no
28861617,pubmed,Novel Therapeutic Approaches to Atopic Dermatitis.,https://pubmed.ncbi.nlm.nih.gov/28861617/,dupilumab; crisaborole,,,2,no
28887947,pubmed,Therapeutic pipeline for atopic dermatitis: End of the drought?,https://pubmed.ncbi.nlm.nih.gov/28887947/,dupilumab; crisaborole,,,3,si
28895959,pubmed,Atopic dermatitis: emerging therapies.,https://pubmed.ncbi.nlm.nih.gov/28895959/,dupilumab; crisaborole,,,1,no
28933010,pubmed,Economic Evaluation of Dupilumab for the Treatment of Moderate-to-Severe Atopic Dermatitis in Adults.,https://pubmed.ncbi.nlm.nih.gov/28933010/,dupilumab,,,3,si
28970084,pubmed,Expert Perspectives on Management of Moderate-to-Severe Atopic Dermatitis: A Multidisciplinary Consensus Addressing Current and Emerging Therapies.,https://pubmed.ncbi.nlm.nih.gov/28970084/,dupilumab,,,3,si
28987493,pubmed,Risk of infection in patients with atopic dermatitis treated with dupilumab: A meta-analysis of randomized controlled trials.,https://pubmed.ncbi.nlm.nih.gov/28987493/,dupilumab,,,4,no
28990423,pubmed,Dupilumab for the treatment of asthma.,https://pubmed.ncbi.nlm.nih.gov/28990423/,dupilumab,,,2,no
29063435,pubmed,Prescription Treatment Options.,https://pubmed.ncbi.nlm.nih.gov/29063435/,dupilumab,,,2,no
29091379,pubmed,Dupilumab for Moderate-to-Severe Atopic Dermatitis.,https://pubmed.ncbi.nlm.nih.gov/29091379/,dupilumab,,,2,si
29098604,pubmed,Are Biologics Efficacious in Atopic Dermatitis? A Systematic Review and Meta-Analysis.,https://pubmed.ncbi.nlm.nih.gov/29098604/,dupilumab; tralokinumab; lebrikizumab; nemolizumab,,,4,no
29122151,pubmed,Biologic Therapy for Atopic Dermatitis: Moving Beyond the Practice Parameter and Guidelines.,https://pubmed.ncbi.nlm.nih.gov/29122151/,dupilumab,,,3,no
29169558,pubmed,"After Decades Without any Developments, New Drugs May Revolutionize the Treatment of Atopic Dermatitis.",https://pubmed.ncbi.nlm.nih.gov/29169558/,atopic_dermatitis,,,1,no
29182975,pubmed,Adverse events of Dupilumab in adults with moderate-to-severe atopic dermatitis: A meta-analysis.,https://pubmed.ncbi.nlm.nih.gov/29182975/,dupilumab,,,3,no
29191053,pubmed,Diagnosis and Management of Conjunctivitis for the Dermatologist.,https://pubmed.ncbi.nlm.nih.gov/29191053/,dupilumab,,,2,no
29193016,pubmed,"Dupilumab with concomitant topical corticosteroid treatment in adults with atopic dermatitis with an inadequate response or intolerance to ciclosporin A or when this treatment is medically inadvisable: a placebo-controlled, randomized phase III clinical trial (LIBERTY AD CAFÉ).",https://pubmed.ncbi.nlm.nih.gov/29193016/,dupilumab,,,5,si
29237258,pubmed,"Diagnosis and management of moderate to severe adult atopic dermatitis: a Consensus by the Italian Society of Dermatology and Venereology (SIDeMaST), the Italian Association of Hospital Dermatologists (ADOI), the Italian Society of Allergy, Asthma and Clinical Immunology (SIAAIC), and the Italian So",https://pubmed.ncbi.nlm.nih.gov/29237258/,dupilumab,,,3,si
29238761,pubmed,Dupilumab: human monoclonal antibody against IL-4Rα for moderate to severe atopic dermatitis.,https://pubmed.ncbi.nlm.nih.gov/29238761/,dupilumab,,,2,no
29248518,pubmed,Emerging therapies for atopic dermatitis: JAK inhibitors.,https://pubmed.ncbi.nlm.nih.gov/29248518/,atopic_dermatitis,,,2,si
29248519,pubmed,T-cell inhibitors for atopic dermatitis.,https://pubmed.ncbi.nlm.nih.gov/29248519/,dupilumab,,,2,no
29249252,pubmed,[What's new in dermatological treatment?].,https://pubmed.ncbi.nlm.nih.gov/29249252/,dupilumab,,,2,no
29260094,pubmed,Cicatricial ectropion in a patient treated with dupilumab.,https://pubmed.ncbi.nlm.nih.gov/29260094/,dupilumab,,,2,no
29312544,pubmed,Efficacy and safety of dupilumab for the treatment of moderate-to-severe atopic dermatitis in adults.,https://pubmed.ncbi.nlm.nih.gov/29312544/,dupilumab,,,3,no
29315479,pubmed,Long-term management of moderate-to-severe atopic dermatitis with dupilumab and concomitant topical corticosteroids (LIBERTY AD CHRONOS): a critical appraisal.,https://pubmed.ncbi.nlm.nih.gov/29315479/,dupilumab,,,4,no
29320765,pubmed,Emerging Treatment Options in Atopic Dermatitis: Systemic Therapies.,https://pubmed.ncbi.nlm.nih.gov/29320765/,atopic_dermatitis,,,3,no
29353026,pubmed,"Efficacy and safety of lebrikizumab (an anti-IL-13 monoclonal antibody) in adults with moderate-to-severe atopic dermatitis inadequately controlled by topical corticosteroids: A randomized, placebo-controlled phase II trial (TREBLE).",https://pubmed.ncbi.nlm.nih.gov/29353026/,lebrikizumab,,,4,si
29410014,pubmed,"Baricitinib in adult patients with moderate-to-severe atopic dermatitis: A phase 2 parallel, double-blinded, randomized placebo-controlled multiple-dose study.",https://pubmed.ncbi.nlm.nih.gov/29410014/,baricitinib,,,4,si
29416367,pubmed,Profile of dupilumab and its potential in the treatment of inadequately controlled moderate-to-severe atopic dermatitis.,https://pubmed.ncbi.nlm.nih.gov/29416367/,dupilumab,,,2,no
29422431,pubmed,Dupilumab for the Treatment of Atopic Dermatitis.,https://pubmed.ncbi.nlm.nih.gov/29422431/,dupilumab,,,2,no
29429506,pubmed,[What's new in internal medecine?].,https://pubmed.ncbi.nlm.nih.gov/29429506/,dupilumab,,,5,no
29433635,pubmed,[Current and upcoming treatments of adult atopic dermatitis].,https://pubmed.ncbi.nlm.nih.gov/29433635/,dupilumab; tralokinumab; lebrikizumab; nemolizumab,,,1,no
29451112,pubmed,[Regained freedom for patients with atopic dermatitis; fast and long-term effects of dupilumab].,https://pubmed.ncbi.nlm.nih.gov/29451112/,dupilumab,,,1,no
29470609,pubmed,[New aspects in systemic treatment of atopic dermatitis].,https://pubmed.ncbi.nlm.nih.gov/29470609/,dupilumab,,,3,no
29471919,pubmed,Dupilumab: A review of its use in the treatment of atopic dermatitis.,https://pubmed.ncbi.nlm.nih.gov/29471919/,dupilumab,,,4,si
29472119,pubmed,Dupilumab treatment in moderate-to-severe atopic dermatitis: A systematic review and meta-analysis.,https://pubmed.ncbi.nlm.nih.gov/29472119/,dupilumab,,,3,si
29498038,pubmed,Evaluation of Potential Disease-Mediated Drug-Drug Interaction in Patients With Moderate-to-Severe Atopic Dermatitis Receiving Dupilumab.,https://pubmed.ncbi.nlm.nih.gov/29498038/,dupilumab,,,3,no
29503598,pubmed,Dupilumab: an evidence-based review of its potential in the treatment of atopic dermatitis.,https://pubmed.ncbi.nlm.nih.gov/29503598/,dupilumab,,,4,no
29524262,pubmed,Interleukin-31 and interleukin-31 receptor: New therapeutic targets for atopic dermatitis.,https://pubmed.ncbi.nlm.nih.gov/29524262/,atopic_dermatitis,,,1,si
29537454,pubmed,Dupilumab in the Treatment of Dyshidrosis: A Report of Two Cases.,https://pubmed.ncbi.nlm.nih.gov/29537454/,dupilumab,,,2,no
29545264,pubmed,▼Dupilumab for atopic dermatitis.,https://pubmed.ncbi.nlm.nih.gov/29545264/,dupilumab,,,1,no
29557246,pubmed,Dupilumab for treatment of atopic dermatitis.,https://pubmed.ncbi.nlm.nih.gov/29557246/,dupilumab,,,3,si
29589656,pubmed,[What's new in the management of atopic dermatitis in children and adolescents ?].,https://pubmed.ncbi.nlm.nih.gov/29589656/,dupilumab; crisaborole,,,4,no
29622380,pubmed,"A randomized, placebo-controlled, single ascending-dose study to assess the safety, tolerability, pharmacokinetics, and immunogenicity of subcutaneous tralokinumab in Japanese healthy volunteers.",https://pubmed.ncbi.nlm.nih.gov/29622380/,tralokinumab,,,3,no
29630150,pubmed,A possible role for dupilumab (Dupixent) in the management of idiopathic chronic eczematous eruption of aging.,https://pubmed.ncbi.nlm.nih.gov/29630150/,dupilumab,,,3,no
29659645,pubmed,Systemic Therapy of Atopic Dermatitis: Welcome to the Revolution.,https://pubmed.ncbi.nlm.nih.gov/29659645/,dupilumab,,,1,no
29725983,pubmed,"Liberty Asthma QUEST: Phase 3 Randomized, Double-Blind, Placebo-Controlled, Parallel-Group Study to Evaluate Dupilumab Efficacy/Safety in Patients with Uncontrolled, Moderate-to-Severe Asthma.",https://pubmed.ncbi.nlm.nih.gov/29725983/,dupilumab,,,4,no
29750772,pubmed,The ins and outs of an 'outside-in' view of allergies: atopic dermatitis and allergy prevention.,https://pubmed.ncbi.nlm.nih.gov/29750772/,dupilumab,,,3,no
29753033,pubmed,"Nemolizumab in patients with moderate-to-severe atopic dermatitis: Randomized, phase II, long-term extension study.",https://pubmed.ncbi.nlm.nih.gov/29753033/,nemolizumab,,,3,si
29785811,pubmed,After the approval of dupilumab for moderate-to-severe atopic dermatitis: what is next on the research agenda?,https://pubmed.ncbi.nlm.nih.gov/29785811/,dupilumab,,,1,no
29808418,pubmed,Determining the Value of Two Biologic Drugs for Chronic Inflammatory Skin Diseases: Results of a Multi-Criteria Decision Analysis.,https://pubmed.ncbi.nlm.nih.gov/29808418/,dupilumab,,,3,no
29870461,pubmed,Monoclonal antibodies for the treatment of atopic dermatitis.,https://pubmed.ncbi.nlm.nih.gov/29870461/,dupilumab,,,3,no
29878606,pubmed,Consensus-based European guidelines for treatment of atopic eczema (atopic dermatitis) in adults and children: part II.,https://pubmed.ncbi.nlm.nih.gov/29878606/,dupilumab,,,4,si
29906525,pubmed,"Treatment of atopic dermatitis with tralokinumab, an anti-IL-13 mAb.",https://pubmed.ncbi.nlm.nih.gov/29906525/,tralokinumab,,,3,si
29939132,pubmed,Dupilumab: A New Paradigm for the Treatment of Allergic Diseases.,https://pubmed.ncbi.nlm.nih.gov/29939132/,dupilumab,,,3,no
29977237,pubmed,"Phenotype, Function, and Mobilization of 6-Sulfo LacNAc-Expressing Monocytes in Atopic Dermatitis.",https://pubmed.ncbi.nlm.nih.gov/29977237/,dupilumab,,,3,no
30005097,pubmed,Economic Evaluation of Dupilumab for Moderate-to-Severe Atopic Dermatitis: A Cost-Utility Analysis.,https://pubmed.ncbi.nlm.nih.gov/30005097/,dupilumab,,,4,si
30027349,pubmed,Dupilumab: A Review in Moderate-to-Severe Atopic Dermatitis.,https://pubmed.ncbi.nlm.nih.gov/30027349/,dupilumab,,,3,si
30058384,pubmed,Investigational drugs for atopic dermatitis.,https://pubmed.ncbi.nlm.nih.gov/30058384/,dupilumab,,,2,no
30092324,pubmed,"Dupilumab does not affect correlates of vaccine-induced immunity: A randomized, placebo-controlled trial in adults with moderate-to-severe atopic dermatitis.",https://pubmed.ncbi.nlm.nih.gov/30092324/,dupilumab,,,3,si
30093077,pubmed,[Key-studies on dupilumab].,https://pubmed.ncbi.nlm.nih.gov/30093077/,dupilumab,,,1,no
30095475,pubmed,Novel systemic drugs in treatment of atopic dermatitis: results from phase II and phase III studies published in 2017/2018.,https://pubmed.ncbi.nlm.nih.gov/30095475/,dupilumab; tralokinumab; lebrikizumab; nemolizumab; baricitinib,,,3,no
30159581,pubmed,Systemic Treatment for Severe Atopic Dermatitis.,https://pubmed.ncbi.nlm.nih.gov/30159581/,dupilumab,,,3,no
30167653,pubmed,Risk Factors for Dupilumab-Associated Conjunctivitis in Patients With Atopic Dermatitis.,https://pubmed.ncbi.nlm.nih.gov/30167653/,dupilumab,,,4,no
30171358,pubmed,Biologics and Small Molecule Agents in Allergic and Immunologic Skin Diseases.,https://pubmed.ncbi.nlm.nih.gov/30171358/,dupilumab,,,3,no
30179979,pubmed,Effective Use of Dupilumab in Managing Systemic Allergic Contact Dermatitis.,https://pubmed.ncbi.nlm.nih.gov/30179979/,dupilumab,,,2,no
30181845,pubmed,"Dupilumab in atopic dermatitis: rationale, latest evidence and place in therapy.",https://pubmed.ncbi.nlm.nih.gov/30181845/,dupilumab,,,3,no
30182182,pubmed,Treatment of Atopic Dermatitis with Biologic Drugs.,https://pubmed.ncbi.nlm.nih.gov/30182182/,dupilumab,,,3,no
30186024,pubmed,Dupilumab (Dupixent): An Interleukin-4 Receptor Antagonist for Atopic Dermatitis.,https://pubmed.ncbi.nlm.nih.gov/30186024/,dupilumab,,,1,no
30194992,pubmed,Dupilumab progressively improves systemic and cutaneous abnormalities in patients with atopic dermatitis.,https://pubmed.ncbi.nlm.nih.gov/30194992/,dupilumab,,,4,si
30211823,pubmed,Efficacy and safety of dupilumab for the treatment of moderate-to-severe atopic dermatitis in adults: A pooled analysis of two phase 2 clinical trials.,https://pubmed.ncbi.nlm.nih.gov/30211823/,dupilumab,,,3,no
30216151,pubmed,"Dupixent, a New Entrant In the Asthma Lists.",https://pubmed.ncbi.nlm.nih.gov/30216151/,dupilumab,,,1,no
30246906,pubmed,A case series of dupilumab-treated allergic contact dermatitis patients.,https://pubmed.ncbi.nlm.nih.gov/30246906/,dupilumab,,,3,no
30278478,pubmed,[Mexican consensus on the diagnosis and treatment of atopic dermatitis in adolescents and adults].,https://pubmed.ncbi.nlm.nih.gov/30278478/,dupilumab,,,7,no
30296535,pubmed,Relative efficacy of systemic treatments for atopic dermatitis.,https://pubmed.ncbi.nlm.nih.gov/30296535/,dupilumab; tralokinumab; lebrikizumab,,,3,no
30338546,pubmed,Long-term off-label dupilumab in pediatric atopic dermatitis: A case series.,https://pubmed.ncbi.nlm.nih.gov/30338546/,dupilumab,,,3,no
30372706,pubmed,Dupilumab for off-label treatment of moderate to severe childhood atopic dermatitis.,https://pubmed.ncbi.nlm.nih.gov/30372706/,dupilumab,,,2,no
30401319,pubmed,Severe atopic dermatitis: Therapeutic update.,https://pubmed.ncbi.nlm.nih.gov/30401319/,dupilumab,,,3,no
30407206,pubmed,Interleukin-4/interleukin-13 versus interleukin-5: a comparison of molecular targets in biologic therapy for the treatment of severe asthma.,https://pubmed.ncbi.nlm.nih.gov/30407206/,dupilumab,,,3,no
30433838,pubmed,JAK-inhibitors in dermatology: current evidence and future applications.,https://pubmed.ncbi.nlm.nih.gov/30433838/,baricitinib; ruxolitinib,,,3,no
30464078,pubmed,[ALLERGIC SKIN DISORDERS].,https://pubmed.ncbi.nlm.nih.gov/30464078/,atopic_dermatitis,,,1,no
30488542,pubmed,Dupilumab reduces local type 2 pro-inflammatory biomarkers in chronic rhinosinusitis with nasal polyposis.,https://pubmed.ncbi.nlm.nih.gov/30488542/,dupilumab,,,3,no
30501539,pubmed,Oral small molecules for the treatment of atopic dermatitis: a systematic review.,https://pubmed.ncbi.nlm.nih.gov/30501539/,baricitinib,,,3,no
30548724,pubmed,What's new in the treatment of atopic dermatitis?,https://pubmed.ncbi.nlm.nih.gov/30548724/,dupilumab; crisaborole,,,1,no
30598172,pubmed,Strategies for Successful Management of Severe Atopic Dermatitis.,https://pubmed.ncbi.nlm.nih.gov/30598172/,dupilumab,,,2,no
30601075,pubmed,An update on the topical and oral therapy options for treating pediatric atopic dermatitis.,https://pubmed.ncbi.nlm.nih.gov/30601075/,atopic_dermatitis,,,2,no
30619628,pubmed,From Bench to Clinic: the Potential of Therapeutic Targeting of the IL-22 Signaling Pathway in Atopic Dermatitis.,https://pubmed.ncbi.nlm.nih.gov/30619628/,dupilumab,,,3,no
30627621,pubmed,Recalcitrant anal and genital pruritus treated with dupilumab.,https://pubmed.ncbi.nlm.nih.gov/30627621/,dupilumab,,,2,no
30628496,pubmed,A case of infective endocarditis associated with atopic dermatitis perioperatively treated with dupilumab.,https://pubmed.ncbi.nlm.nih.gov/30628496/,dupilumab,,,1,no
30628518,pubmed,Two differing presentations of periocular dermatitis as a side effect of dupilumab for atopic dermatitis.,https://pubmed.ncbi.nlm.nih.gov/30628518/,dupilumab,,,1,no
30653240,pubmed,Eye Complications During Dupilumab Treatment for Severe Atopic Dermatitis.,https://pubmed.ncbi.nlm.nih.gov/30653240/,dupilumab,,,2,no
30679974,pubmed,Biological therapies for atopic dermatitis: An update.,https://pubmed.ncbi.nlm.nih.gov/30679974/,dupilumab; tralokinumab; lebrikizumab; nemolizumab; crisaborole,,,2,no
30693618,pubmed,Current and emerging therapies for hand eczema.,https://pubmed.ncbi.nlm.nih.gov/30693618/,dupilumab; delgocitinib,,,3,si
30717578,pubmed,Omalizumab for atopic dermatitis: evidence for and against its use.,https://pubmed.ncbi.nlm.nih.gov/30717578/,dupilumab,,,3,si
30729499,pubmed,Peak Pruritus Numerical Rating Scale: psychometric validation and responder definition for assessing itch in moderate-to-severe atopic dermatitis.,https://pubmed.ncbi.nlm.nih.gov/30729499/,dupilumab,,,4,si
30768375,pubmed,Towards personalized treatment in atopic dermatitis.,https://pubmed.ncbi.nlm.nih.gov/30768375/,dupilumab,,,3,no
30785362,pubmed,A review of dupilumab in the treatment of atopic diseases.,https://pubmed.ncbi.nlm.nih.gov/30785362/,dupilumab,,,2,si
30787245,pubmed,[No title available],https://pubmed.ncbi.nlm.nih.gov/30787245/,atopic_dermatitis,,,1,no
30791102,pubmed,Dupilumab provides important clinical benefits to patients with atopic dermatitis who do not achieve clear or almost clear skin according to the Investigator's Global Assessment: a pooled analysis of data from two phase III trials.,https://pubmed.ncbi.nlm.nih.gov/30791102/,dupilumab,,,4,si
30815760,pubmed,New and Potential Treatments for Atopic Dermatitis: Biologicals and Small Molecules.,https://pubmed.ncbi.nlm.nih.gov/30815760/,dupilumab,,,2,no
30825336,pubmed,Understanding the immune landscape in atopic dermatitis: The era of biologics and emerging therapeutic approaches.,https://pubmed.ncbi.nlm.nih.gov/30825336/,dupilumab; tralokinumab; lebrikizumab,,,3,no
30825533,pubmed,Effectiveness and safety of dupilumab for the treatment of atopic dermatitis in a real-life French multicenter adult cohort.,https://pubmed.ncbi.nlm.nih.gov/30825533/,dupilumab,,,3,si
30829809,pubmed,Dupilumab for Systemic Allergy Syndrome With Dermatitis.,https://pubmed.ncbi.nlm.nih.gov/30829809/,dupilumab,,,2,no
30850043,pubmed,What's New in Atopic Dermatitis.,https://pubmed.ncbi.nlm.nih.gov/30850043/,dupilumab,,,1,no
30851191,pubmed,Conjunctivitis in dupilumab clinical trials.,https://pubmed.ncbi.nlm.nih.gov/30851191/,dupilumab,,,6,si
30873757,pubmed,Management of dupilumab-associated conjunctivitis in atopic dermatitis.,https://pubmed.ncbi.nlm.nih.gov/30873757/,dupilumab,,,2,no
30881583,pubmed,MONOCLONAL ANTIBODY THERAPIES for Atopic Dermatitis: Where Are We Now in the Spectrum of Disease Management?,https://pubmed.ncbi.nlm.nih.gov/30881583/,dupilumab,,,2,no
30885752,pubmed,Variable impact of dupilumab on patch testing results and allergic contact dermatitis in adults with atopic dermatitis.,https://pubmed.ncbi.nlm.nih.gov/30885752/,dupilumab,,,3,no
30914699,pubmed,Assessment and Clinical Relevance of Serum IL-19 Levels in Psoriasis and Atopic Dermatitis Using a Sensitive and Specific Novel Immunoassay.,https://pubmed.ncbi.nlm.nih.gov/30914699/,baricitinib,,,3,si
30919315,pubmed,Management Recommendations for Dupilumab Partial and Non-durable Responders in Atopic Dermatitis.,https://pubmed.ncbi.nlm.nih.gov/30919315/,dupilumab,,,2,si
30933446,pubmed,Ottawa (ON): Canadian Agency for Drugs and Technologies in Health; 2018 Jul. CADTH Common Drug Reviews.,https://pubmed.ncbi.nlm.nih.gov/30933446/,dupilumab,,,2,no
30933448,pubmed,Ottawa (ON): Canadian Agency for Drugs and Technologies in Health; 2018 Jul. CADTH Common Drug Reviews.,https://pubmed.ncbi.nlm.nih.gov/30933448/,dupilumab,,,1,no
30945835,pubmed,[Ocular symptoms associated with dupilumab in atopic dermatitis].,https://pubmed.ncbi.nlm.nih.gov/30945835/,dupilumab,,,2,no
30959559,pubmed,Treatment of atopic dermatitis with dupilumab: experience from a tertiary referral centre.,https://pubmed.ncbi.nlm.nih.gov/30959559/,dupilumab,,,4,si
30962700,pubmed,Treatment-resistant atopic dermatitis: challenges and solutions.,https://pubmed.ncbi.nlm.nih.gov/30962700/,dupilumab,,,3,no
30980485,pubmed,"Fifty-two week follow-up safety and effectiveness results of dupilumab treatment of moderate-to-severe atopic dermatitis from a retrospective, multicentric series.",https://pubmed.ncbi.nlm.nih.gov/30980485/,dupilumab,,,2,no
30991456,pubmed,Translational drug discovery and development with the use of tissue-relevant biomarkers: Towards more physiological relevance and better prediction of clinical efficacy.,https://pubmed.ncbi.nlm.nih.gov/30991456/,dupilumab,,,3,no
31021399,pubmed,"Treatment of moderate-to-severe atopic dermatitis with dupilumab in real clinical practice: a multicentre, retrospective case series.",https://pubmed.ncbi.nlm.nih.gov/31021399/,atopic_dermatitis,,,1,no
31026869,pubmed,[Dupilumab-Associated Healing of Alopecia Areata in an Atopic Dermatitis Patient].,https://pubmed.ncbi.nlm.nih.gov/31026869/,dupilumab,,,4,no
31037315,pubmed,Two Cancer Patients Receiving Dupilumab for Treatment of Atopic Dermatitis.,https://pubmed.ncbi.nlm.nih.gov/31037315/,dupilumab,,,1,no
31042259,pubmed,Assessment of the Development of New Regional Dermatoses in Patients Treated for Atopic Dermatitis With Dupilumab.,https://pubmed.ncbi.nlm.nih.gov/31042259/,dupilumab,,,1,no
31056788,pubmed,Conjunctivitis in atopic dermatitis patients with and without dupilumab therapy - international eczema council survey and opinion.,https://pubmed.ncbi.nlm.nih.gov/31056788/,dupilumab,,,4,no
31066001,pubmed,Infections in Dupilumab Clinical Trials in Atopic Dermatitis: A Comprehensive Pooled Analysis.,https://pubmed.ncbi.nlm.nih.gov/31066001/,dupilumab,,,4,si
31099402,pubmed,Dupilumab Versus Cyclosporine for the Treatment of Moderate-to-Severe Atopic Dermatitis in Adults: Indirect Comparison Using the Eczema Area and Severity Index.,https://pubmed.ncbi.nlm.nih.gov/31099402/,dupilumab,,,3,no
31105944,pubmed,A case report of therapeutically challenging chronic actinic dermatitis.,https://pubmed.ncbi.nlm.nih.gov/31105944/,dupilumab,,,1,no
31109652,pubmed,Efficacy and safety of dupilumab monotherapy in adults with moderate-to-severe atopic dermatitis: a pooled analysis of two phase 3 randomized trials (LIBERTY AD SOLO 1 and LIBERTY AD SOLO 2).,https://pubmed.ncbi.nlm.nih.gov/31109652/,dupilumab,,,4,si
31123339,pubmed,Engineering of anti-human interleukin-4 receptor alpha antibodies with potent antagonistic activity.,https://pubmed.ncbi.nlm.nih.gov/31123339/,dupilumab,,,3,no
31132923,pubmed,Rosacea associated with dupilumab therapy.,https://pubmed.ncbi.nlm.nih.gov/31132923/,dupilumab,,,2,si
31145194,pubmed,Dupilumab after the 2017 approval for the treatment of atopic dermatitis: what's new and what's next?,https://pubmed.ncbi.nlm.nih.gov/31145194/,dupilumab,,,3,no
31145810,pubmed,Effectiveness of dupilumab treatment in 95 patients with atopic dermatitis: daily practice data.,https://pubmed.ncbi.nlm.nih.gov/31145810/,dupilumab,,,5,no
31158390,pubmed,Comparative safety of systemic immunomodulatory medications in adults with atopic dermatitis.,https://pubmed.ncbi.nlm.nih.gov/31158390/,dupilumab,,,3,no
31166620,pubmed,Nemolizumab in moderate to severe atopic dermatitis: An exploratory analysis of work productivity and activity impairment in a randomized phase II study.,https://pubmed.ncbi.nlm.nih.gov/31166620/,nemolizumab,,,4,no
31178231,pubmed,Cyclosporine 0.1% (Ikervis(®)) treatment in steroid-dependent dupilumab-associated conjunctivitis.,https://pubmed.ncbi.nlm.nih.gov/31178231/,dupilumab,,,1,no
31179791,pubmed,"Dupilumab improves patient-reported symptoms of atopic dermatitis, symptoms of anxiety and depression, and health-related quality of life in moderate-to-severe atopic dermatitis: analysis of pooled data from the randomized trials SOLO 1 and SOLO 2.",https://pubmed.ncbi.nlm.nih.gov/31179791/,dupilumab,,,3,si
31182684,pubmed,Pathogenesis of Atopic Dermatitis: Current Paradigm.,https://pubmed.ncbi.nlm.nih.gov/31182684/,dupilumab,,,2,no
31187925,pubmed,Effect of dupilumab on hand eczema in patients with atopic dermatitis: An observational study.,https://pubmed.ncbi.nlm.nih.gov/31187925/,dupilumab,,,3,si
31190731,pubmed,Dupilumab side effect in a patient with atopic dermatitis: a case report study.,https://pubmed.ncbi.nlm.nih.gov/31190731/,dupilumab,,,2,no
31210470,pubmed,Dupilumab for atopic dermatitis: evidence to date.,https://pubmed.ncbi.nlm.nih.gov/31210470/,dupilumab,,,3,no
31218914,pubmed,Dupilumab in the treatment of asthma.,https://pubmed.ncbi.nlm.nih.gov/31218914/,dupilumab,,,2,no
31230264,pubmed,Ocular Surface Diseases Induced by Dupilumab in Severe Atopic Dermatitis.,https://pubmed.ncbi.nlm.nih.gov/31230264/,dupilumab,,,3,no
31230370,pubmed,Interleukin-13: Targeting an underestimated cytokine in atopic dermatitis.,https://pubmed.ncbi.nlm.nih.gov/31230370/,dupilumab,,,2,si
31231591,pubmed,Comparison of treatment standards in Atopic Dermatitis management across selected geographies prior to emerging targeted therapies onset.,https://pubmed.ncbi.nlm.nih.gov/31231591/,dupilumab,,,2,no
31233177,pubmed,Dupilumab in Treatment of Chronic Prurigo: A Case Series and Literature Review.,https://pubmed.ncbi.nlm.nih.gov/31233177/,dupilumab,,,1,no
31252032,pubmed,IL-4Rα Blockade by Dupilumab Decreases Staphylococcus aureus Colonization and Increases Microbial Diversity in Atopic Dermatitis.,https://pubmed.ncbi.nlm.nih.gov/31252032/,dupilumab,,,3,si
31261222,pubmed,Successful Use of Dupilumab for Recalcitrant Atopic Dermatitis in an HIV Patient.,https://pubmed.ncbi.nlm.nih.gov/31261222/,dupilumab,,,1,no
31261951,pubmed,Chronic Pruritus Responding to Dupilumab-A Case Series.,https://pubmed.ncbi.nlm.nih.gov/31261951/,dupilumab,,,3,no
31270775,pubmed,Patient-Reported Outcome Measures in Atopic Dermatitis and Chronic Hand Eczema in Adults.,https://pubmed.ncbi.nlm.nih.gov/31270775/,dupilumab,,,5,si
31286499,pubmed,Real-world experience of dupilumab treatment for atopic dermatitis in adults: a retrospective analysis of patients' records.,https://pubmed.ncbi.nlm.nih.gov/31286499/,dupilumab,,,3,no
31291386,pubmed,Dupilumab in the treatment of severe atopic dermatitis refractory to systemic immunosuppression: case report.,https://pubmed.ncbi.nlm.nih.gov/31291386/,dupilumab,,,6,no
31306557,pubmed,Dupilumab and alopecia: A Janus effect.,https://pubmed.ncbi.nlm.nih.gov/31306557/,dupilumab,,,1,no
31308337,pubmed,[TWO CASES OF USING DUPILUMAB FOR REFRACTORY ATOPIC DERMATITIS WHO HAD HISTORIES OF BACTEREMIA AND UNDERLYING CONGENITAL HEART DISEASE].,https://pubmed.ncbi.nlm.nih.gov/31308337/,dupilumab,,,2,no
31318324,pubmed,Novel topical and systemic therapies in atopic dermatitis.,https://pubmed.ncbi.nlm.nih.gov/31318324/,dupilumab,,,2,no
31352589,pubmed,Ocular Co-Morbidities of Atopic Dermatitis. Part II: Ocular Disease Secondary to Treatments.,https://pubmed.ncbi.nlm.nih.gov/31352589/,dupilumab,,,2,no
31364023,pubmed,New and Emerging Therapies for Pediatric Atopic Dermatitis.,https://pubmed.ncbi.nlm.nih.gov/31364023/,dupilumab; tralokinumab; lebrikizumab; nemolizumab; upadacitinib; baricitinib; ruxolitinib; crisaborole; delgocitinib,,,2,no
31374300,pubmed,Dupilumab shows long-term safety and efficacy in patients with moderate to severe atopic dermatitis enrolled in a phase 3 open-label extension study.,https://pubmed.ncbi.nlm.nih.gov/31374300/,dupilumab,,,3,si
31407311,pubmed,"Laboratory safety of dupilumab in moderate-to-severe atopic dermatitis: results from three phase III trials (LIBERTY AD SOLO 1, LIBERTY AD SOLO 2, LIBERTY AD CHRONOS).",https://pubmed.ncbi.nlm.nih.gov/31407311/,dupilumab,,,6,si
31424712,pubmed,"Efficacy of Dupilumab in Different Racial Subgroups of Adults With Moderate-to-Severe Atopic Dermatitis in Three Randomized, Placebo-Controlled Phase 3 Trials.",https://pubmed.ncbi.nlm.nih.gov/31424712/,dupilumab,,,4,si
31437869,pubmed,Rapid disappearance of both severe atopic dermatitis and cold urticaria following dupilumab treatment.,https://pubmed.ncbi.nlm.nih.gov/31437869/,dupilumab,,,1,no
31441782,pubmed,Reactivation of Alopecia Areata After Dupilumab Therapy for Atopic Dermatitis.,https://pubmed.ncbi.nlm.nih.gov/31441782/,dupilumab,,,1,si
31442084,pubmed,Dupilumab and prurigo nodularis-like phenotype in atopic dermatitis: our experience of efficacy.,https://pubmed.ncbi.nlm.nih.gov/31442084/,dupilumab,,,2,no
31444793,pubmed,New biological treatments for asthma and skin allergies.,https://pubmed.ncbi.nlm.nih.gov/31444793/,dupilumab,,,2,no
31449914,pubmed,Phase 2B randomized study of nemolizumab in adults with moderate-to-severe atopic dermatitis and severe pruritus.,https://pubmed.ncbi.nlm.nih.gov/31449914/,nemolizumab,,,4,si
31474543,pubmed,"Update on Atopic Dermatitis: Diagnosis, Severity Assessment, and Treatment Selection.",https://pubmed.ncbi.nlm.nih.gov/31474543/,dupilumab; crisaborole,,,2,si
31483439,pubmed,Development or Exacerbation of Head and Neck Dermatitis in Patients Treated for Atopic Dermatitis With Dupilumab.,https://pubmed.ncbi.nlm.nih.gov/31483439/,dupilumab,,,1,si
31493365,pubmed,Update on Atopic Dermatitis.,https://pubmed.ncbi.nlm.nih.gov/31493365/,dupilumab,,,6,si
31505056,pubmed,Interleukin-4 and interleukin-13 evoke scratching behaviour in mice.,https://pubmed.ncbi.nlm.nih.gov/31505056/,dupilumab,,,3,no
31505066,pubmed,Mechanisms of Dupilumab.,https://pubmed.ncbi.nlm.nih.gov/31505066/,dupilumab,,,2,si
31509236,pubmed,The IL-13-OVOL1-FLG axis in atopic dermatitis.,https://pubmed.ncbi.nlm.nih.gov/31509236/,dupilumab; tralokinumab,,,2,si
31514420,pubmed,Biologic Treatment Options for Pediatric Psoriasis and Atopic Dermatitis.,https://pubmed.ncbi.nlm.nih.gov/31514420/,dupilumab,,,3,no
31515578,pubmed,[Treatment of hand eczema].,https://pubmed.ncbi.nlm.nih.gov/31515578/,dupilumab,,,3,no
31517666,pubmed,Effectiveness of Dupilumab for the Treatment of Generalized Prurigo Nodularis Phenotype of Adult Atopic Dermatitis.,https://pubmed.ncbi.nlm.nih.gov/31517666/,dupilumab,,,3,no
31524352,pubmed,Dupilumab Treatment for Prurigo Nodularis and Pruritis.,https://pubmed.ncbi.nlm.nih.gov/31524352/,dupilumab,,,1,no
31535057,pubmed,Dupilumab-associated blepharoconjunctivitis.,https://pubmed.ncbi.nlm.nih.gov/31535057/,dupilumab,,,3,si
31543428,pubmed,"Efficacy and safety of dupilumab in patients with severe chronic rhinosinusitis with nasal polyps (LIBERTY NP SINUS-24 and LIBERTY NP SINUS-52): results from two multicentre, randomised, double-blind, placebo-controlled, parallel-group phase 3 trials.",https://pubmed.ncbi.nlm.nih.gov/31543428/,dupilumab,,,8,no
31554632,pubmed,"Dupilumab-induced ocular surface disease (DIOSD) in patients with atopic dermatitis: clinical presentation, risk factors for development and outcomes of treatment with tacrolimus ointment.",https://pubmed.ncbi.nlm.nih.gov/31554632/,dupilumab,,,3,no
31562940,pubmed,The impact of dupilumab on patch testing and the prevalence of comorbid allergic contact dermatitis in recalcitrant atopic dermatitis: A retrospective chart review.,https://pubmed.ncbi.nlm.nih.gov/31562940/,dupilumab,,,3,no
31564057,pubmed,Efficacy and safety of dupilumab in Japanese adults with moderate-to-severe atopic dermatitis: a subanalysis of three clinical trials.,https://pubmed.ncbi.nlm.nih.gov/31564057/,dupilumab,,,5,si
31577341,pubmed,Efficacy and Safety of Oral Janus Kinase 1 Inhibitor Abrocitinib for Patients With Atopic Dermatitis: A Phase 2 Randomized Clinical Trial.,https://pubmed.ncbi.nlm.nih.gov/31577341/,abrocitinib,,,6,si
31593343,pubmed,Dupilumab is very effective in a large cohort of difficult-to-treat adult atopic dermatitis patients: First clinical and biomarker results from the BioDay registry.,https://pubmed.ncbi.nlm.nih.gov/31593343/,dupilumab,,,4,si
31595499,pubmed,Dupilumab in adolescents with uncontrolled moderate-to-severe atopic dermatitis: results from a phase IIa open-label trial and subsequent phase III open-label extension.,https://pubmed.ncbi.nlm.nih.gov/31595499/,dupilumab,,,6,si
31596502,pubmed,Antagonism of the interleukin 4 receptor α promotes T(H) 1-signalling among T cells from patients with atopic dermatitis after stimulation.,https://pubmed.ncbi.nlm.nih.gov/31596502/,atopic_dermatitis,,,2,no
31603635,pubmed,Dupilumab in Dermatology: Potential for Uses Beyond Atopic Dermatitis.,https://pubmed.ncbi.nlm.nih.gov/31603635/,dupilumab,,,2,no
31606479,pubmed,Off-label use of dupilumab for pediatric patients with atopic dermatitis: A multicenter retrospective review.,https://pubmed.ncbi.nlm.nih.gov/31606479/,dupilumab,,,3,no
31606872,pubmed,"Scoping Review on the Use of Drugs Targeting JAK/STAT Pathway in Atopic Dermatitis, Vitiligo, and Alopecia Areata.",https://pubmed.ncbi.nlm.nih.gov/31606872/,upadacitinib; baricitinib; abrocitinib; ruxolitinib; delgocitinib,,,3,si
31625221,pubmed,Italian guidelines for therapy of atopic dermatitis-Adapted from consensus-based European guidelines for treatment of atopic eczema (atopic dermatitis).,https://pubmed.ncbi.nlm.nih.gov/31625221/,atopic_dermatitis,,,7,no
31631717,pubmed,Atopic dermatitis epidemiology and unmet need in the United Kingdom.,https://pubmed.ncbi.nlm.nih.gov/31631717/,dupilumab,,,2,si
31639238,pubmed,Treatment of refractory conjunctivitis associated to dupilumab with topical pimecrolimus applied to the eyelid skin.,https://pubmed.ncbi.nlm.nih.gov/31639238/,dupilumab,,,2,no
31641952,pubmed,Responder Threshold for Patient-Oriented Eczema Measure (POEM) and Children's Dermatology Life Quality Index (CDLQI) in Adolescents with Atopic Dermatitis.,https://pubmed.ncbi.nlm.nih.gov/31641952/,dupilumab,,,4,si
31643386,pubmed,LiverTox®: Clinical and Research Information on Drug-Induced Liver Injury [Internet]. Bethesda (MD): National Institute of Diabetes and Digestive and Kidney Diseases; 2012–. 2018 Aug 1.,https://pubmed.ncbi.nlm.nih.gov/31643386/,dupilumab,,,1,no
31647347,pubmed,Real-life experience on effectiveness and safety of dupilumab in adult patients with moderate-to-severe atopic dermatitis.,https://pubmed.ncbi.nlm.nih.gov/31647347/,dupilumab,,,3,no
31664753,pubmed,The use of selective Th2 blocker dupilumab for the treatment of atopic dermatitis in a heart transplant patient: Case report.,https://pubmed.ncbi.nlm.nih.gov/31664753/,dupilumab,,,2,no
31675394,pubmed,Ocular complications of atopic dermatitis.,https://pubmed.ncbi.nlm.nih.gov/31675394/,dupilumab,,,1,no
31681828,pubmed,Dupilumab facial redness: Positive effect of itraconazole.,https://pubmed.ncbi.nlm.nih.gov/31681828/,dupilumab,,,1,si
31690295,pubmed,Validation of the Atopic Dermatitis Control Tool (ADCT©) using a longitudinal survey of biologic-treated patients with atopic dermatitis.,https://pubmed.ncbi.nlm.nih.gov/31690295/,dupilumab,,,4,no
31690400,pubmed,"Immunobiologic treatments for severe asthma, atopic dermatitis, and chronic urticaria.",https://pubmed.ncbi.nlm.nih.gov/31690400/,dupilumab,,,1,no
31693077,pubmed,Efficacy and Safety of Dupilumab in Adolescents With Uncontrolled Moderate to Severe Atopic Dermatitis: A Phase 3 Randomized Clinical Trial.,https://pubmed.ncbi.nlm.nih.gov/31693077/,dupilumab,,,5,si
31693426,pubmed,Dupilumab use in dermatologic conditions beyond atopic dermatitis - a systematic review.,https://pubmed.ncbi.nlm.nih.gov/31693426/,dupilumab,,,3,no
31701537,pubmed,"Pharmacokinetics of Upadacitinib in Healthy Subjects and Subjects With Rheumatoid Arthritis, Crohn's Disease, Ulcerative Colitis, or Atopic Dermatitis: Population Analyses of Phase 1 and 2 Clinical Trials.",https://pubmed.ncbi.nlm.nih.gov/31701537/,upadacitinib,,,3,no
31721316,pubmed,"Baseline characteristics, disease severity and treatment history of patients with atopic dermatitis included in the German AD Registry TREATgermany.",https://pubmed.ncbi.nlm.nih.gov/31721316/,dupilumab,,,4,no
31723106,pubmed,[CLINICAL PRACTICE GUIDELINES FOR THE MANAGEMENT OF ATOPIC DERMATITIS: SOME POINTS IN THE TREATMENT WITH TOPICAL CORTICOSTEROIDS].,https://pubmed.ncbi.nlm.nih.gov/31723106/,atopic_dermatitis,,,1,no
31728936,pubmed,A Clinician's Guide to the Recognition and Management of Dupilumab-Associated Conjunctivitis.,https://pubmed.ncbi.nlm.nih.gov/31728936/,dupilumab,,,2,no
31749159,pubmed,Clinical and histopathological characterization of paradoxical head and neck erythema in patients with atopic dermatitis treated with dupilumab: a case series.,https://pubmed.ncbi.nlm.nih.gov/31749159/,dupilumab,,,3,si
31766073,pubmed,Improvement of alopecia areata with Dupilumab in a patient with severe atopic dermatitis and review the literature.,https://pubmed.ncbi.nlm.nih.gov/31766073/,dupilumab,,,1,no
31786154,pubmed,"Upadacitinib in adults with moderate to severe atopic dermatitis: 16-week results from a randomized, placebo-controlled trial.",https://pubmed.ncbi.nlm.nih.gov/31786154/,upadacitinib,,,4,si
31789489,pubmed,Atopic Dermatitis Host and Environment Model: Revisiting Therapeutic Options.,https://pubmed.ncbi.nlm.nih.gov/31789489/,dupilumab,,,2,no
31823222,pubmed,Clinically Meaningful Responses to Dupilumab in Adolescents with Uncontrolled Moderate-to-Severe Atopic Dermatitis: Post-hoc Analyses from a Randomized Clinical Trial.,https://pubmed.ncbi.nlm.nih.gov/31823222/,dupilumab,,,5,si
31829527,pubmed,Simultaneous effectiveness of dupilumab in atopic dermatitis and alopecia areata in two patients.,https://pubmed.ncbi.nlm.nih.gov/31829527/,dupilumab,,,1,no
31838750,pubmed,"Dual blockade of IL-4 and IL-13 with dupilumab, an IL-4Rα antibody, is required to broadly inhibit type 2 inflammation.",https://pubmed.ncbi.nlm.nih.gov/31838750/,dupilumab,,,4,si
31864429,pubmed,"Targeting T2 Inflammation by Dupilumab Impacts on the Microbiomic ""Ménage à Trois"" of Atopic Dermatitis.",https://pubmed.ncbi.nlm.nih.gov/31864429/,dupilumab,,,1,no
31876900,pubmed,Efficacy and Safety of Multiple Dupilumab Dose Regimens After Initial Successful Treatment in Patients With Atopic Dermatitis: A Randomized Clinical Trial.,https://pubmed.ncbi.nlm.nih.gov/31876900/,dupilumab,,,5,si
31888394,pubmed,Punctal stenosis associated with dupilumab therapy for atopic dermatitis.,https://pubmed.ncbi.nlm.nih.gov/31888394/,dupilumab,,,1,no
31903911,pubmed,[Monoclonal antibodies: also for dermatologists!].,https://pubmed.ncbi.nlm.nih.gov/31903911/,dupilumab,,,3,no
31909149,pubmed,"Investigating the role of allergic contact dermatitis in residual ocular surface disease on dupilumab (ROSDD)(,).",https://pubmed.ncbi.nlm.nih.gov/31909149/,dupilumab,,,3,no
31914819,pubmed,Anti-IL-4/IL-13 for the treatment of asthma: the story so far.,https://pubmed.ncbi.nlm.nih.gov/31914819/,dupilumab,,,2,no
31917498,pubmed,Dupilumab for prurigo nodularis: Case series and review of the literature.,https://pubmed.ncbi.nlm.nih.gov/31917498/,dupilumab,,,3,no
31932274,pubmed,Dupilumab-Associated Conjunctivitis in Patients With Atopic Dermatitis: A Multicenter Real-Life Experience.,https://pubmed.ncbi.nlm.nih.gov/31932274/,dupilumab,,,1,no
31964499,pubmed,Innovation in Atopic Dermatitis: From Pathogenesis to Treatment.,https://pubmed.ncbi.nlm.nih.gov/31964499/,dupilumab; tralokinumab; lebrikizumab; upadacitinib; baricitinib; abrocitinib,,,2,si
31985517,pubmed,Dupilumab-Associated Conjunctivitis in Patients With Atopic Dermatitis.,https://pubmed.ncbi.nlm.nih.gov/31985517/,dupilumab,,,2,no
31991016,pubmed,Polyenthesitis during treatment with dupilumab for atopic dermatitis.,https://pubmed.ncbi.nlm.nih.gov/31991016/,dupilumab,,,1,no
31994421,pubmed,Hypersensitivity and adverse reactions to biologics for asthma and allergic diseases.,https://pubmed.ncbi.nlm.nih.gov/31994421/,dupilumab,,,2,no
31995838,pubmed,Baricitinib in patients with moderate-to-severe atopic dermatitis and inadequate response to topical corticosteroids: results from two randomized monotherapy phase III trials.,https://pubmed.ncbi.nlm.nih.gov/31995838/,baricitinib,,,3,si
31997736,pubmed,Les traitements systémiques de la dermatite atopique: Systemic treatments of atopic dermatitis.,https://pubmed.ncbi.nlm.nih.gov/31997736/,dupilumab,,,1,no
32003247,pubmed,Efficacy of biologics in atopic dermatitis.,https://pubmed.ncbi.nlm.nih.gov/32003247/,dupilumab,,,2,no
32007360,pubmed,Dupilumab: Basic aspects and applications to allergic diseases.,https://pubmed.ncbi.nlm.nih.gov/32007360/,dupilumab,,,2,no
32015973,pubmed,Palmoplantar Pustulosis-like Eruption Induced by Baricitinib for Treatment of Rheumatoid Arthritis.,https://pubmed.ncbi.nlm.nih.gov/32015973/,baricitinib,,,2,no
32045153,pubmed,Dupilumab for bullous pemphigoid with intractable pruritus.,https://pubmed.ncbi.nlm.nih.gov/32045153/,dupilumab,,,2,no
32050818,pubmed,An overview of drug discovery efforts for eczema: why is this itch so difficult to scratch?,https://pubmed.ncbi.nlm.nih.gov/32050818/,dupilumab; crisaborole,,,3,no
32076895,pubmed,Biologicals in the Treatment of Pediatric Atopic Diseases.,https://pubmed.ncbi.nlm.nih.gov/32076895/,dupilumab,,,2,no
32084290,pubmed,The cost of dupilumab treatment for severe atopic dermatitis is largely offset by broader health-care savings and improvement in quality of life.,https://pubmed.ncbi.nlm.nih.gov/32084290/,dupilumab,,,1,no
32086792,pubmed,Atopic Dermatitis in Older Adults: A Review of Treatment Options.,https://pubmed.ncbi.nlm.nih.gov/32086792/,dupilumab,,,3,si
32092216,pubmed,Efficacy of Dupilumab in two patients with severe and recalcitrant atopic dermatitis previously treated with extracorporeal photopheresis.,https://pubmed.ncbi.nlm.nih.gov/32092216/,dupilumab,,,3,no
32095497,pubmed,Dupilumab-induced phenotype switching from atopic dermatitis to psoriasis.,https://pubmed.ncbi.nlm.nih.gov/32095497/,dupilumab,,,1,no
32096596,pubmed,Base and Covariate Population Pharmacokinetic Analyses of Dupilumab Using Phase 3 Data.,https://pubmed.ncbi.nlm.nih.gov/32096596/,dupilumab,,,3,no
32099414,pubmed,Profile of Baricitinib and Its Potential in the Treatment of Moderate to Severe Atopic Dermatitis: A Short Review on the Emerging Clinical Evidence.,https://pubmed.ncbi.nlm.nih.gov/32099414/,baricitinib,,,2,no
32100586,pubmed,Pharmacological management of atopic dermatitis in the elderly.,https://pubmed.ncbi.nlm.nih.gov/32100586/,dupilumab; crisaborole,,,3,no
32101256,pubmed,"Efficacy and Safety of Lebrikizumab, a High-Affinity Interleukin 13 Inhibitor, in Adults With Moderate to Severe Atopic Dermatitis: A Phase 2b Randomized Clinical Trial.",https://pubmed.ncbi.nlm.nih.gov/32101256/,lebrikizumab,,,6,si
32102112,pubmed,Biologics for chronic rhinosinusitis.,https://pubmed.ncbi.nlm.nih.gov/32102112/,dupilumab,,,12,no
32104006,pubmed,Therapeutic Potential of Lebrikizumab in the Treatment of Atopic Dermatitis.,https://pubmed.ncbi.nlm.nih.gov/32104006/,lebrikizumab,,,3,si
32105426,pubmed,"Systematic review about 10 interventions in dermatitis. A document from the Latin American Society of Allergy, Asthma, and Immunology.",https://pubmed.ncbi.nlm.nih.gov/32105426/,atopic_dermatitis,,,5,no
32125741,pubmed,Effectiveness of dupilumab for the treatment of nummular eczema phenotype of atopic dermatitis in adults.,https://pubmed.ncbi.nlm.nih.gov/32125741/,dupilumab,,,2,no
32135208,pubmed,"Dupilumab treatment results in early and sustained improvements in itch in adolescents and adults with moderate to severe atopic dermatitis: Analysis of the randomized phase 3 studies SOLO 1 and SOLO 2, AD ADOL, and CHRONOS.",https://pubmed.ncbi.nlm.nih.gov/32135208/,dupilumab,,,3,si
32155280,pubmed,Atopic Dermatitis: Update on Pathogenesis and Therapy.,https://pubmed.ncbi.nlm.nih.gov/32155280/,dupilumab; crisaborole,,,2,no
32157553,pubmed,Dupilumab to Treat Type 2 Inflammatory Diseases in Children and Adolescents.,https://pubmed.ncbi.nlm.nih.gov/32157553/,dupilumab,,,2,no
32158216,pubmed,Therapeutic Potential of Dupilumab in the Treatment of Chronic Rhinosinusitis with Nasal Polyps: Evidence to Date.,https://pubmed.ncbi.nlm.nih.gov/32158216/,dupilumab,,,3,no
32179945,pubmed,[Psoriasis in dupilumab-treated atopic dermatitis].,https://pubmed.ncbi.nlm.nih.gov/32179945/,dupilumab,,,2,no
32183179,pubmed,Clinical Response and Quality of Life in Patients with Severe Atopic Dermatitis Treated with Dupilumab: A Single-Center Real-Life Experience.,https://pubmed.ncbi.nlm.nih.gov/32183179/,dupilumab,,,4,si
32184610,pubmed,Updated Evaluation of Dupilumab in the Treatment of Asthma: Patient Selection and Reported Outcomes.,https://pubmed.ncbi.nlm.nih.gov/32184610/,dupilumab,,,3,no
32207198,pubmed,Microscopic and functional changes observed with dynamic optical coherence tomography for severe refractory atopic dermatitis treated with dupilumab.,https://pubmed.ncbi.nlm.nih.gov/32207198/,dupilumab,,,3,no
32208940,pubmed,An evaluation of baricitinib as a therapeutic option for adult patients with moderate to severe atopic dermatitis.,https://pubmed.ncbi.nlm.nih.gov/32208940/,dupilumab; baricitinib,,,2,no
32209864,pubmed,"Staphylococcus aureus in Atopic Dermatitis: Past, Present, and Future.",https://pubmed.ncbi.nlm.nih.gov/32209864/,dupilumab,,,2,no
32219519,pubmed,[Janus kinase inhibitors : State of the art in clinical use and future perspectives].,https://pubmed.ncbi.nlm.nih.gov/32219519/,upadacitinib; baricitinib,,,3,no
32228187,pubmed,"How is safety of dermatology drugs assessed: trials, registries, and spontaneous reporting.",https://pubmed.ncbi.nlm.nih.gov/32228187/,dupilumab,,,3,no
32229281,pubmed,"Dupilumab improves clinical manifestations, symptoms, and quality of life in adult patients with chronic nodular prurigo.",https://pubmed.ncbi.nlm.nih.gov/32229281/,dupilumab,,,3,no
32240527,pubmed,Dupilumab: A Review in Chronic Rhinosinusitis with Nasal Polyps.,https://pubmed.ncbi.nlm.nih.gov/32240527/,dupilumab,,,3,no
32249095,pubmed,"Severe atopic dermatitis: Dupilumab is not just safer, but more efficient.",https://pubmed.ncbi.nlm.nih.gov/32249095/,dupilumab,,,2,no
32265139,pubmed,"Dupilumab for Atopic Dermatitis, a Possible Risk Factor of Juvenile Ischemic Stroke: A Case Report.",https://pubmed.ncbi.nlm.nih.gov/32265139/,dupilumab,,,2,no
32281445,pubmed,Dupilumab for atopic dermatitis: what are patients learning on YouTube?,https://pubmed.ncbi.nlm.nih.gov/32281445/,dupilumab,,,1,no
32311803,pubmed,Alopecia areata development in atopic dermatitis patients treated with dupilumab.,https://pubmed.ncbi.nlm.nih.gov/32311803/,dupilumab,,,1,no
32318104,pubmed,Consensus on the Clinical Approach to Moderate-to-Severe Atopic Dermatitis in Spain: A Delphi Survey.,https://pubmed.ncbi.nlm.nih.gov/32318104/,dupilumab; crisaborole,,,4,no
32320001,pubmed,Systemic Immunomodulatory Treatments for Patients With Atopic Dermatitis: A Systematic Review and Network Meta-analysis.,https://pubmed.ncbi.nlm.nih.gov/32320001/,dupilumab,,,5,si
32323259,pubmed,New and Emerging Biologics for Atopic Dermatitis.,https://pubmed.ncbi.nlm.nih.gov/32323259/,dupilumab,,,2,no
32339362,pubmed,"No evidence of increased risk for Coronavirus Disease 2019 (COVID-19) in patients treated with Dupilumab for atopic dermatitis in a high-epidemic area - Bergamo, Lombardy, Italy.",https://pubmed.ncbi.nlm.nih.gov/32339362/,atopic_dermatitis,,,1,no
32344789,pubmed,Dupilumab for the Treatment of Atopic Dermatitis in an Austrian Cohort-Real-Life Data Shows Rosacea-Like Folliculitis.,https://pubmed.ncbi.nlm.nih.gov/32344789/,dupilumab,,,2,si
32347763,pubmed,Dupilumab provides rapid and sustained improvement in SCORAD outcomes in adults with moderate-to-severe atopic dermatitis: combined results of four randomized phase 3 trials.,https://pubmed.ncbi.nlm.nih.gov/32347763/,dupilumab,,,3,no
32348036,pubmed,"Pharmacokinetics, Pharmacodynamics, Safety, and Tolerability of Dupilumab in Healthy Adult Subjects.",https://pubmed.ncbi.nlm.nih.gov/32348036/,dupilumab,,,4,no
32355092,pubmed,A Practical Approach to Recalcitrant Face and Neck Dermatitis in Atopic Dermatitis.,https://pubmed.ncbi.nlm.nih.gov/32355092/,dupilumab,,,2,si
32360519,pubmed,Dupilumab to treat severe atopic dermatitis in autosomal dominant hyper-IgE syndrome.,https://pubmed.ncbi.nlm.nih.gov/32360519/,dupilumab,,,1,no
32362061,pubmed,Dupilumab and COVID-19: What should we expect?,https://pubmed.ncbi.nlm.nih.gov/32362061/,dupilumab,,,3,no
32365237,pubmed,Efficacy and safety of dupilumab in atopic dermatitis in elderly patients: a retrospective study.,https://pubmed.ncbi.nlm.nih.gov/32365237/,dupilumab,,,1,no
32375958,pubmed,Biologics for oral corticosteroid-dependent asthma.,https://pubmed.ncbi.nlm.nih.gov/32375958/,dupilumab,,,3,no
32378300,pubmed,Omalizumab for treatment of refractory severe atopic dermatitis. A pediatric perspective.,https://pubmed.ncbi.nlm.nih.gov/32378300/,dupilumab,,,2,no
32379943,pubmed,"Safety and efficacy of dupilumab in a patient with severe atopic dermatitis and HIV infection, with 15 months of follow-up.",https://pubmed.ncbi.nlm.nih.gov/32379943/,atopic_dermatitis,,,1,no
32382467,pubmed,Dupilumab for Atopic Dermatitis: The Silver Bullet We Have Been Searching for?,https://pubmed.ncbi.nlm.nih.gov/32382467/,dupilumab,,,2,no
32412211,pubmed,Atopic Dermatitis: Diagnosis and Treatment.,https://pubmed.ncbi.nlm.nih.gov/32412211/,dupilumab; crisaborole,,,3,si
32424957,pubmed,Efficacy of dupilumab in atopic comorbidities associated with moderate-to-severe adult atopic dermatitis.,https://pubmed.ncbi.nlm.nih.gov/32424957/,dupilumab,,,3,no
32426016,pubmed,Conjunctivitis in patients with atopic dermatitis treated with dupilumab.,https://pubmed.ncbi.nlm.nih.gov/32426016/,dupilumab,,,3,no
32435023,pubmed,[THREE CASES OF ATOPIC DERMATITIS CHILDREN WITH INTRACTABLE PRURIGO NODULARIS].,https://pubmed.ncbi.nlm.nih.gov/32435023/,atopic_dermatitis,,,2,no
32438781,pubmed,"Diagnosis and management of moderate to severe atopic dermatitis in adolescents. A Consensus by the Italian Society of Dermatology and Venereology (SIDeMaST), the Italian Association of Hospital Dermatologists and Public Health (ADOI), the Italian Association of Hospital and Territorial Allergists a",https://pubmed.ncbi.nlm.nih.gov/32438781/,dupilumab,,,4,no
32439390,pubmed,Ocular surface disease associated with dupilumab treatment for atopic diseases.,https://pubmed.ncbi.nlm.nih.gov/32439390/,dupilumab,,,2,no
32442020,pubmed,Short-Term Evaluation of the Real-World Efficacy and Safety of Dupilumab for the Treatment of Moderate-to-Severe Atopic Dermatitis: A Canadian Multicenter Retrospective Cohort Study.,https://pubmed.ncbi.nlm.nih.gov/32442020/,dupilumab,,,3,no
32458536,pubmed,Considerations for safety in the use of systemic medications for psoriasis and atopic dermatitis during the COVID-19 pandemic.,https://pubmed.ncbi.nlm.nih.gov/32458536/,dupilumab,,,3,no
32467806,pubmed,Clinical Psoriasiform Dermatitis Following Dupilumab Use for Autoeczematization Secondary to Chronic Stasis Dermatitis.,https://pubmed.ncbi.nlm.nih.gov/32467806/,dupilumab,,,2,no
32472465,pubmed,Targeted Therapies for Eosinophilic Gastrointestinal Disorders.,https://pubmed.ncbi.nlm.nih.gov/32472465/,dupilumab,,,2,no
32476149,pubmed,Assessing the need for routine safety testing for patients being treated with dupilumab for moderate-to-severe atopic dermatitis.,https://pubmed.ncbi.nlm.nih.gov/32476149/,dupilumab,,,3,no
32485210,pubmed,"Long-term effectiveness and safety of treatment with dupilumab in patients with atopic dermatitis: Results of the TREAT NL (TREatment of ATopic eczema, the Netherlands) registry.",https://pubmed.ncbi.nlm.nih.gov/32485210/,dupilumab,,,3,no
32489345,pubmed,"Atopic dermatitis. Interdisciplinary diagnostic and therapeutic recommendations of the Polish Dermatological Society, Polish Society of Allergology, Polish Pediatric Society and Polish Society of Family Medicine. Part II. Systemic treatment and new therapeutic methods.",https://pubmed.ncbi.nlm.nih.gov/32489345/,atopic_dermatitis,,,2,no
32489715,pubmed,Something to Sweat About: Two Cases of Dupilumab-Induced Hyperhidrosis and Bromhidrosis.,https://pubmed.ncbi.nlm.nih.gov/32489715/,dupilumab,,,3,no
32490817,pubmed,Onset of Schamberg Disease and Resolution of Alopecia Areata During Treatment of Atopic Dermatitis With Dupilumab.,https://pubmed.ncbi.nlm.nih.gov/32490817/,dupilumab,,,1,no
32492087,pubmed,Efficacy and Safety of Abrocitinib in Patients With Moderate-to-Severe Atopic Dermatitis: A Randomized Clinical Trial.,https://pubmed.ncbi.nlm.nih.gov/32492087/,abrocitinib,,,6,si
32499033,pubmed,"Endophenotypic Variations of Atopic Dermatitis by Age, Race, and Ethnicity.",https://pubmed.ncbi.nlm.nih.gov/32499033/,atopic_dermatitis,,,3,no
32507066,pubmed,Review and analysis of biologic therapies currently in phase II and phase III clinical trials for atopic dermatitis.,https://pubmed.ncbi.nlm.nih.gov/32507066/,tralokinumab; lebrikizumab; nemolizumab,,,3,no
32511738,pubmed,Massive Acute Alopecia of the Scalp in a Patient Treated with Dupilumab.,https://pubmed.ncbi.nlm.nih.gov/32511738/,dupilumab,,,1,no
32519223,pubmed,New and Emerging Systemic Treatments for Atopic Dermatitis.,https://pubmed.ncbi.nlm.nih.gov/32519223/,dupilumab; tralokinumab; lebrikizumab; nemolizumab; upadacitinib; baricitinib; abrocitinib,,,2,si
32521566,pubmed,Incidence and risk factors for dupilumab associated ocular adverse events: a real-life prospective study.,https://pubmed.ncbi.nlm.nih.gov/32521566/,dupilumab,,,3,no
32525769,pubmed,Novel Therapeutic Approaches and Targets for the Treatment of Atopic Dermatitis.,https://pubmed.ncbi.nlm.nih.gov/32525769/,dupilumab,,,3,no
32530345,pubmed,A review of upadacitinib in rheumatoid arthritis.,https://pubmed.ncbi.nlm.nih.gov/32530345/,upadacitinib,,,2,no
32533873,pubmed,Understanding the significance of cytokines and chemokines in the pathogenesis of alopecia areata.,https://pubmed.ncbi.nlm.nih.gov/32533873/,dupilumab,,,3,no
32536629,pubmed,[No title available],https://pubmed.ncbi.nlm.nih.gov/32536629/,atopic_dermatitis,,,1,no
32548920,pubmed,Higher baseline serum lactate dehydrogenase level is associated with poor effectiveness of dupilumab in the long term in patients with atopic dermatitis.,https://pubmed.ncbi.nlm.nih.gov/32548920/,dupilumab,,,3,no
32554823,pubmed,Painless thyroiditis in a dupilumab-treated patient.,https://pubmed.ncbi.nlm.nih.gov/32554823/,dupilumab,,,3,no
32555122,pubmed,Drugs for atopic dermatitis.,https://pubmed.ncbi.nlm.nih.gov/32555122/,atopic_dermatitis,,,1,no
32556344,pubmed,Transitory Dissemination of Molluscum Contagiosum in a Patient Treated with Dupilumab for Atopic Dermatitis.,https://pubmed.ncbi.nlm.nih.gov/32556344/,dupilumab,,,1,no
32557382,pubmed,Dupilumab Provides Favorable Safety and Sustained Efficacy for up to 3 Years in an Open-Label Study of Adults with Moderate-to-Severe Atopic Dermatitis.,https://pubmed.ncbi.nlm.nih.gov/32557382/,dupilumab,,,3,si
32558511,pubmed,[Analysis of a case series of adult patients with severe atopic dermatitis treated with dupilumab in Argentina].,https://pubmed.ncbi.nlm.nih.gov/32558511/,dupilumab,,,7,no
32564976,pubmed,Taiwanese Dermatological Association consensus for the management of atopic dermatitis: A 2020 update.,https://pubmed.ncbi.nlm.nih.gov/32564976/,dupilumab,,,3,no
32574587,pubmed,"Efficacy and safety of dupilumab with concomitant topical corticosteroids in children 6 to 11 years old with severe atopic dermatitis: A randomized, double-blinded, placebo-controlled phase 3 trial.",https://pubmed.ncbi.nlm.nih.gov/32574587/,dupilumab,,,4,si
32599878,pubmed,Retrospective Study of Dupilumab Treatment for Moderate to Severe Atopic Dermatitis in Korea: Efficacy and Safety of Dupilumab in Real-World Practice.,https://pubmed.ncbi.nlm.nih.gov/32599878/,dupilumab,,,4,si
32602761,pubmed,Dupilumab in pediatric dermatology.,https://pubmed.ncbi.nlm.nih.gov/32602761/,dupilumab,,,3,no
32607738,pubmed,Costs and Treatment Patterns Among Patients with Atopic Dermatitis Using Advanced Therapies in the United States: Analysis of a Retrospective Claims Database.,https://pubmed.ncbi.nlm.nih.gov/32607738/,dupilumab,,,4,no
32607924,pubmed,Treatments for Childhood Atopic Dermatitis: an Update on Emerging Therapies.,https://pubmed.ncbi.nlm.nih.gov/32607924/,dupilumab; upadacitinib; baricitinib; abrocitinib,,,4,no
32613649,pubmed,A study into the drug dupilumab in Japanese adults with moderate-to-severe atopic dermatitis.,https://pubmed.ncbi.nlm.nih.gov/32613649/,dupilumab,,,3,no
32615169,pubmed,Atopic dermatitis displays stable and dynamic skin transcriptome signatures.,https://pubmed.ncbi.nlm.nih.gov/32615169/,dupilumab,,,3,si
32617839,pubmed,Current and Future Monoclonal Antibodies in the Treatment of Atopic Dermatitis.,https://pubmed.ncbi.nlm.nih.gov/32617839/,dupilumab,,,2,no
32621690,pubmed,Development of Sézary syndrome following the administration of dupilumab.,https://pubmed.ncbi.nlm.nih.gov/32621690/,dupilumab,,,1,no
32633446,pubmed,Drug survival of dupilumab compared to cyclosporin in moderate-to-severe atopic dermatitis patients.,https://pubmed.ncbi.nlm.nih.gov/32633446/,dupilumab,,,2,no
32640132,pubmed,Trial of Nemolizumab and Topical Agents for Atopic Dermatitis with Pruritus.,https://pubmed.ncbi.nlm.nih.gov/32640132/,nemolizumab,,,5,si
32641259,pubmed,Racial and Ethnic Disparities in Access to Emerging and Frontline Therapies in Common Dermatological Conditions: A Cross-Sectional Study.,https://pubmed.ncbi.nlm.nih.gov/32641259/,dupilumab; crisaborole,,,4,no
32645632,pubmed,"Baricitinib, a drug with potential effect to prevent SARS-COV-2 from entering target cells and control cytokine storm induced by COVID-19.",https://pubmed.ncbi.nlm.nih.gov/32645632/,baricitinib,,,4,no
32666644,pubmed,Modern therapies in atopic dermatitis: biologics and small molecule drugs.,https://pubmed.ncbi.nlm.nih.gov/32666644/,dupilumab,,,2,no
32673880,pubmed,Pragmatic Clinical Perspective on Biologics for Severe Refractory Type 2 Asthma.,https://pubmed.ncbi.nlm.nih.gov/32673880/,dupilumab,,,3,no
32691892,pubmed,Efficacy and safety of dupilumab for moderate-to-severe atopic dermatitis: A systematic review for the EAACI biologicals guidelines.,https://pubmed.ncbi.nlm.nih.gov/32691892/,dupilumab,,,3,no
32692977,pubmed,RF-Conjuntivitis Associated With Dupilumab in Atopic Dermatitis.,https://pubmed.ncbi.nlm.nih.gov/32692977/,dupilumab,,,1,no
32699634,pubmed,Psoriasis appearing after dupilumab therapy in atopic dermatitis: A case report.,https://pubmed.ncbi.nlm.nih.gov/32699634/,dupilumab,,,2,no
32703039,pubmed,Baricitinib: therapeutic potential for moderate to severe atopic dermatitis.,https://pubmed.ncbi.nlm.nih.gov/32703039/,baricitinib,,,3,no
32711801,pubmed,"Efficacy and safety of abrocitinib in adults and adolescents with moderate-to-severe atopic dermatitis (JADE MONO-1): a multicentre, double-blind, randomised, placebo-controlled, phase 3 trial.",https://pubmed.ncbi.nlm.nih.gov/32711801/,abrocitinib,,,7,si
32714676,pubmed,Resolution of Treatment-Refractory Prurigo Nodularis With Dupilumab: A Case Series.,https://pubmed.ncbi.nlm.nih.gov/32714676/,dupilumab,,,1,no
32720530,pubmed,Dupilumab for the treatment of adolescents with atopic dermatitis.,https://pubmed.ncbi.nlm.nih.gov/32720530/,dupilumab,,,3,no
32726553,pubmed,Dupilumab Improves Atopic Dermatitis and Post-Inflammatory Hyperpigmentation in Patient With Skin of Color.,https://pubmed.ncbi.nlm.nih.gov/32726553/,dupilumab,,,2,no
32730675,pubmed,Machine learning applied to atopic dermatitis transcriptome reveals distinct therapy-dependent modification of the keratinocyte immunophenotype.,https://pubmed.ncbi.nlm.nih.gov/32730675/,dupilumab,,,4,no
32739313,pubmed,Real-world persistence with dupilumab among adults with atopic dermatitis.,https://pubmed.ncbi.nlm.nih.gov/32739313/,dupilumab,,,3,si
32741227,pubmed,Abrocitinib: a potential treatment for moderate-to-severe atopic dermatitis.,https://pubmed.ncbi.nlm.nih.gov/32741227/,abrocitinib,,,2,si
32776305,pubmed,Selective JAK1 Inhibitors for the Treatment of Atopic Dermatitis: Focus on Upadacitinib and Abrocitinib.,https://pubmed.ncbi.nlm.nih.gov/32776305/,upadacitinib; abrocitinib,,,3,no
32776586,pubmed,"Use of dupilumab in a patient with atopic dermatitis, severe asthma, and HIV infection.",https://pubmed.ncbi.nlm.nih.gov/32776586/,dupilumab,,,1,no
32779323,pubmed,Psoriasis onset under dupilumab treatment in two patients affected by atopic dermatitis and one patient affected by alopecia areata: Clinical and dermoscopic patterns.,https://pubmed.ncbi.nlm.nih.gov/32779323/,dupilumab,,,1,no
32779378,pubmed,"Dupilumab in atopic dermatitis, a protocol for SARS-COV-2-infected patients.",https://pubmed.ncbi.nlm.nih.gov/32779378/,atopic_dermatitis,,,1,no
32789996,pubmed,Dupilumab significantly improves sleep outcomes in adult patients with atopic dermatitis: results from five randomized clinical trials.,https://pubmed.ncbi.nlm.nih.gov/32789996/,dupilumab,,,1,no
32793843,pubmed,Corneal ulceration associated with dupilumab use in a patient with atopic dermatitis.,https://pubmed.ncbi.nlm.nih.gov/32793843/,dupilumab,,,1,no
32801940,pubmed,Dupilumab-Associated Blepharoconjunctivitis with Giant Papillae.,https://pubmed.ncbi.nlm.nih.gov/32801940/,dupilumab,,,3,no
32818591,pubmed,New treatments in atopic dermatitis.,https://pubmed.ncbi.nlm.nih.gov/32818591/,dupilumab; crisaborole,,,4,si
32822481,pubmed,Inclusion of Older Adults in Randomized Clinical Trials for Systemic Medications for Atopic Dermatitis: A Systematic Review.,https://pubmed.ncbi.nlm.nih.gov/32822481/,dupilumab,,,4,si
32822798,pubmed,Real-world evidence of dupilumab efficacy and risk of adverse events: A systematic review and meta-analysis.,https://pubmed.ncbi.nlm.nih.gov/32822798/,dupilumab,,,3,si
32824992,pubmed,Efficacy of Dupilumab on Different Phenotypes of Atopic Dermatitis: One-Year Experience of 221 Patients.,https://pubmed.ncbi.nlm.nih.gov/32824992/,dupilumab,,,4,no
32826648,pubmed,"Dupilumab-Associated Ocular Surface Disease: Clinical Characteristics, Treatment, and Follow-Up.",https://pubmed.ncbi.nlm.nih.gov/32826648/,dupilumab,,,3,no
32830463,pubmed,Kinetic-Pharmacodynamic Model of Platelet Time Course in Patients With Moderate-to-Severe Atopic Dermatitis Treated With Oral Janus Kinase 1 Inhibitor Abrocitinib.,https://pubmed.ncbi.nlm.nih.gov/32830463/,abrocitinib,,,2,no
32849633,pubmed,Tape-Strip Proteomic Profiling of Atopic Dermatitis on Dupilumab Identifies Minimally Invasive Biomarkers.,https://pubmed.ncbi.nlm.nih.gov/32849633/,dupilumab,,,3,si
32856123,pubmed,[Treatment of simultaneously occurring urticaria and atopic dermatitis with dupilumab].,https://pubmed.ncbi.nlm.nih.gov/32856123/,dupilumab,,,2,no
32856595,pubmed,"Use of Dupilumab in 543 Adult Patients With Moderate-to-Severe Atopic Dermatitis: A Multicenter, Retrospective Study.",https://pubmed.ncbi.nlm.nih.gov/32856595/,dupilumab,,,4,si
32867653,pubmed,Brief Academic Review and Clinical Practice Guidelines for Pediatric Atopic Dermatitis.,https://pubmed.ncbi.nlm.nih.gov/32867653/,dupilumab,,,3,no
32882092,pubmed,Safe and effective treatment of atopic dermatitis using dupilumab over 23 months in a patient with HIV.,https://pubmed.ncbi.nlm.nih.gov/32882092/,dupilumab,,,2,no
32884748,pubmed,Effectiveness of Dupilumab in the treatment of both atopic dermatitis and alopecia universalis.,https://pubmed.ncbi.nlm.nih.gov/32884748/,dupilumab,,,1,no
32892674,pubmed,Dupilumab use in atopic dermatitis and beyond in skin diseases.,https://pubmed.ncbi.nlm.nih.gov/32892674/,dupilumab,,,1,no
32893393,pubmed,"A phase 2, open-label study of single-dose dupilumab in children aged 6 months to <6 years with severe uncontrolled atopic dermatitis: pharmacokinetics, safety and efficacy.",https://pubmed.ncbi.nlm.nih.gov/32893393/,dupilumab,,,4,si
32915172,pubmed,"Use of biologicals in allergic and type-2 inflammatory diseases during the current COVID-19 pandemic: Position paper of Ärzteverband Deutscher Allergologen (AeDA)(A), Deutsche Gesellschaft für Allergologie und Klinische Immunologie (DGAKI)(B), Gesellschaft für Pädiatrische Allergologie und Umweltmed",https://pubmed.ncbi.nlm.nih.gov/32915172/,atopic_dermatitis,,,10,no
32926175,pubmed,Management of Ocular Manifestations of Atopic Dermatitis: A Consensus Meeting Using a Modified Delphi Process.,https://pubmed.ncbi.nlm.nih.gov/32926175/,dupilumab,,,2,no
32926462,pubmed,Pooled safety analysis of baricitinib in adult patients with atopic dermatitis from 8 randomized clinical trials.,https://pubmed.ncbi.nlm.nih.gov/32926462/,baricitinib,,,5,si
32935079,pubmed,Role of Dupilumab in Approved Indications of COVID-19 Patient: an Efficacy-Based Nonsystematic Critical Analysis.,https://pubmed.ncbi.nlm.nih.gov/32935079/,dupilumab,,,2,no
32935496,pubmed,Facial Redness in Atopic Dermatitis Patients Treated With Dupilumab: A Case Series.,https://pubmed.ncbi.nlm.nih.gov/32935496/,dupilumab,,,1,no
32943257,pubmed,Dupilumab therapy for patients with refractory eosinophilic otitis media associated with bronchial asthma.,https://pubmed.ncbi.nlm.nih.gov/32943257/,dupilumab,,,3,no
32944024,pubmed,Facial erythema after the treatment of dupilumab in SLE patient.,https://pubmed.ncbi.nlm.nih.gov/32944024/,dupilumab,,,3,no
32946967,pubmed,Dupilumab shows long-term effectiveness in a large cohort of treatment-refractory atopic dermatitis patients in daily practice: 52-Week results from the Dutch BioDay registry.,https://pubmed.ncbi.nlm.nih.gov/32946967/,dupilumab,,,2,no
32957324,pubmed,Exploration of biomarkers to predict clinical improvement of atopic dermatitis in patients treated with dupilumab: A study protocol.,https://pubmed.ncbi.nlm.nih.gov/32957324/,dupilumab,,,6,no
32962676,pubmed,Weight gain in patients with severe atopic dermatitis treated with dupilumab: a cohort study.,https://pubmed.ncbi.nlm.nih.gov/32962676/,dupilumab,,,4,no
32968566,pubmed,Review of Prominent Cytokines as Superior Therapeutic Targets for Moderate-to-Severe Atopic Dermatitis.,https://pubmed.ncbi.nlm.nih.gov/32968566/,dupilumab,,,2,no
32969489,pubmed,Dupilumab provides favourable long-term safety and efficacy in children aged ≥ 6 to < 12 years with uncontrolled severe atopic dermatitis: results from an open-label phase IIa study and subsequent phase III open-label extension study.,https://pubmed.ncbi.nlm.nih.gov/32969489/,dupilumab,,,4,si
32969750,pubmed,Abrocitinib for the treatment of atopic dermatitis.,https://pubmed.ncbi.nlm.nih.gov/32969750/,abrocitinib,,,3,si
32989751,pubmed,"Dupilumab treatment ameliorates clinical and hematological symptoms, including blood eosinophilia, in patients with atopic dermatitis.",https://pubmed.ncbi.nlm.nih.gov/32989751/,dupilumab,,,3,si
33000465,pubmed,"Tralokinumab for moderate-to-severe atopic dermatitis: results from two 52-week, randomized, double-blind, multicentre, placebo-controlled phase III trials (ECZTRA 1 and ECZTRA 2).",https://pubmed.ncbi.nlm.nih.gov/33000465/,tralokinumab,,,5,si
33000503,pubmed,"Tralokinumab plus topical corticosteroids for the treatment of moderate-to-severe atopic dermatitis: results from the double-blind, randomized, multicentre, placebo-controlled phase III ECZTRA 3 trial.",https://pubmed.ncbi.nlm.nih.gov/33000503/,tralokinumab,,,3,si
33001140,pubmed,Efficacy and Safety of Baricitinib Combined With Topical Corticosteroids for Treatment of Moderate to Severe Atopic Dermatitis: A Randomized Clinical Trial.,https://pubmed.ncbi.nlm.nih.gov/33001140/,baricitinib,,,6,si
33012322,pubmed,Biologics for Atopic Dermatitis.,https://pubmed.ncbi.nlm.nih.gov/33012322/,dupilumab,,,1,no
33017108,pubmed,Dermatologic Applications and Safety Considerations of Janus Kinase Inhibitors.,https://pubmed.ncbi.nlm.nih.gov/33017108/,atopic_dermatitis,,,2,no
33029817,pubmed,Dupilumab treatment of atopic dermatitis leading to successful treatment of alopecia universalis: A Japanese case report.,https://pubmed.ncbi.nlm.nih.gov/33029817/,dupilumab,,,1,no
33038471,pubmed,Dupilumab and the risk of conjunctivitis and serious infection in patients with atopic dermatitis: A propensity score-matched cohort study.,https://pubmed.ncbi.nlm.nih.gov/33038471/,dupilumab,,,3,no
33045848,pubmed,Emerging systemic therapies for atopic dermatitis: biologics.,https://pubmed.ncbi.nlm.nih.gov/33045848/,dupilumab; lebrikizumab; nemolizumab,,,2,no
33047298,pubmed,Patient-Reported Ocular Disorders and Symptoms in Adults with Moderate-to-Severe Atopic Dermatitis: Screening and Baseline Survey Data from a Clinical Trial.,https://pubmed.ncbi.nlm.nih.gov/33047298/,dupilumab,,,4,no
33062619,pubmed,Targeting IL-4 for the Treatment of Atopic Dermatitis.,https://pubmed.ncbi.nlm.nih.gov/33062619/,atopic_dermatitis,,,2,si
33074181,pubmed,Atopic Dermatitis - Current State of Research on Biological Treatment.,https://pubmed.ncbi.nlm.nih.gov/33074181/,dupilumab; crisaborole,,,4,no
33074565,pubmed,Systemic treatments in the management of atopic dermatitis: A systematic review and meta-analysis.,https://pubmed.ncbi.nlm.nih.gov/33074565/,dupilumab; upadacitinib; baricitinib,,,4,no
33078990,pubmed,Current and emerging biologics for the treatment of pediatric atopic dermatitis.,https://pubmed.ncbi.nlm.nih.gov/33078990/,dupilumab,,,3,no
33099796,pubmed,Angioedema: A potential complication of dupilumab in atopic dermatitis.,https://pubmed.ncbi.nlm.nih.gov/33099796/,dupilumab,,,1,no
33104116,pubmed,Cutaneous T-cell lymphoma and concomitant atopic dermatitis responding to dupilumab.,https://pubmed.ncbi.nlm.nih.gov/33104116/,dupilumab,,,1,no
33104117,pubmed,Update on pediatric atopic dermatitis.,https://pubmed.ncbi.nlm.nih.gov/33104117/,dupilumab; crisaborole,,,2,no
33128337,pubmed,"New emergent therapies for atopic dermatitis: A review of safety profile with respect to female fertility, pregnancy, and breastfeeding.",https://pubmed.ncbi.nlm.nih.gov/33128337/,atopic_dermatitis,,,2,no
33138725,pubmed,Targeted Molecular Therapies in Allergy and Rhinology.,https://pubmed.ncbi.nlm.nih.gov/33138725/,atopic_dermatitis,,,2,no
33140290,pubmed,Immunosuppressive and Immunomodulating Therapy for Atopic Dermatitis in Pregnancy: An Appraisal of the Literature.,https://pubmed.ncbi.nlm.nih.gov/33140290/,atopic_dermatitis,,,4,no
33143506,pubmed,Emerging systemic therapies for atopic dermatitis: oral small molecules and targeted topical agents.,https://pubmed.ncbi.nlm.nih.gov/33143506/,upadacitinib; baricitinib; abrocitinib; ruxolitinib; delgocitinib,,,3,no
33156550,pubmed,Exposure-Response Analyses for Upadacitinib Efficacy in Subjects With Atopic Dermatitis-Analyses of Phase 2b Study to Support Selection of Phase 3 Doses.,https://pubmed.ncbi.nlm.nih.gov/33156550/,upadacitinib,,,3,no
33165005,pubmed,Dupilumab Significantly Modulates Pain and Discomfort in Patients With Atopic Dermatitis: A Post Hoc Analysis of 5 Randomized Clinical Trials.,https://pubmed.ncbi.nlm.nih.gov/33165005/,dupilumab,,,4,si
33172122,pubmed,JAK-STAT Inhibitors in Atopic Dermatitis from Pathogenesis to Clinical Trials Results.,https://pubmed.ncbi.nlm.nih.gov/33172122/,atopic_dermatitis,,,2,si
33175219,pubmed,[Recommendations when switching therapy from immunosuppressive drugs to dupilumab in patients with atopic dermatitis].,https://pubmed.ncbi.nlm.nih.gov/33175219/,dupilumab,,,4,no
33188136,pubmed,Points to consider for the treatment of immune-mediated inflammatory diseases with Janus kinase inhibitors: a systematic literature research.,https://pubmed.ncbi.nlm.nih.gov/33188136/,upadacitinib; baricitinib,,,3,no
33200955,pubmed,Dupilumab in prurigo nodularis: a systematic review of current evidence and analysis of predictive factors to response.,https://pubmed.ncbi.nlm.nih.gov/33200955/,dupilumab,,,5,no
33205485,pubmed,ETFAD/EADV Eczema task force 2020 position paper on diagnosis and treatment of atopic dermatitis in adults and children.,https://pubmed.ncbi.nlm.nih.gov/33205485/,dupilumab,,,4,si
33222559,pubmed,Baricitinib improves symptoms in patients with moderate-to-severe atopic dermatitis and inadequate response to topical corticosteroids: patient-reported outcomes from two randomized monotherapy phase III trials.,https://pubmed.ncbi.nlm.nih.gov/33222559/,baricitinib,,,3,si
33232538,pubmed,De novo psoriasis in atopic dermatitis patients treated with dupilumab: a retrospective cohort.,https://pubmed.ncbi.nlm.nih.gov/33232538/,dupilumab,,,1,si
33233866,pubmed,Regulation of Skin Barrier Function via Competition between AHR Axis versus IL-13/IL-4‒JAK‒STAT6/STAT3 Axis: Pathogenic and Therapeutic Implications in Atopic Dermatitis.,https://pubmed.ncbi.nlm.nih.gov/33233866/,dupilumab,,,3,no
33239998,pubmed,"Biological drugs in the treatment of atopic dermatitis - current recommendations of the Polish Dermatological Society, the Polish Society of Allergology, the Polish Pediatric Society and the Polish Society of Family Medicine.",https://pubmed.ncbi.nlm.nih.gov/33239998/,dupilumab,,,2,no
33240390,pubmed,"Emerging systemic JAK inhibitors in the treatment of atopic dermatitis: a review of abrocitinib, baricitinib, and upadacitinib.",https://pubmed.ncbi.nlm.nih.gov/33240390/,upadacitinib; baricitinib; abrocitinib,,,3,si
33253386,pubmed,Regulation of entheseal IL-23 expression by IL-4 and IL-13 as an explanation for arthropathy development under dupilumab therapy.,https://pubmed.ncbi.nlm.nih.gov/33253386/,dupilumab,,,4,no
33273230,pubmed,Mycosis Fungoides Unmasked by Dupilumab Treatment in a Patient With a History of Atopic Dermatitis.,https://pubmed.ncbi.nlm.nih.gov/33273230/,dupilumab,,,1,no
33273236,pubmed,Transitioning From Immunosuppressants to Dupilumab in Pediatric Atopic Dermatitis.,https://pubmed.ncbi.nlm.nih.gov/33273236/,dupilumab,,,2,no
33275064,pubmed,Therapeutic targeting of the IL-13 pathway in skin inflammation.,https://pubmed.ncbi.nlm.nih.gov/33275064/,dupilumab; tralokinumab; lebrikizumab,,,3,si
33282108,pubmed,Biologic Treatment Options for Pediatric Psoriasis and Atopic Dermatitis-A Review.,https://pubmed.ncbi.nlm.nih.gov/33282108/,dupilumab,,,3,no
33289987,pubmed,Ottawa (ON): Canadian Agency for Drugs and Technologies in Health; 2020 Jun. CADTH Common Drug Reviews.,https://pubmed.ncbi.nlm.nih.gov/33289987/,dupilumab,,,1,no
33292019,pubmed,Time to meaningful clinical response in reduction of itch in atopic dermatitis.,https://pubmed.ncbi.nlm.nih.gov/33292019/,nemolizumab,,,3,si
33304976,pubmed,Dupilumab in HIV-positive patients: A case series report of 4 patients.,https://pubmed.ncbi.nlm.nih.gov/33304976/,dupilumab,,,1,no
33310981,pubmed,[EFFECTS OF DUPILUMAB ON PERENNIAL ALLERGIC RHINITIS IN ATOPIC DERMATITIS PATIENTS].,https://pubmed.ncbi.nlm.nih.gov/33310981/,dupilumab,,,3,no
33315229,pubmed,Real-World Experience and Laboratory Monitoring of Dupilumab in Patients with Moderate to Severe Atopic Dermatitis in a Tertiary Centre.,https://pubmed.ncbi.nlm.nih.gov/33315229/,dupilumab,,,3,no
33332697,pubmed,"Dupilumab therapy of atopic dermatitis of the elderly: a multicentre, real-life study.",https://pubmed.ncbi.nlm.nih.gov/33332697/,dupilumab,,,5,no
33332865,pubmed,Dupilumab in Elderly Patients With Severe Atopic Dermatitis.,https://pubmed.ncbi.nlm.nih.gov/33332865/,dupilumab,,,3,si
33333295,pubmed,Health-related quality of life with tralokinumab in moderate-to-severe atopic dermatitis: A phase 2b randomized study.,https://pubmed.ncbi.nlm.nih.gov/33333295/,tralokinumab,,,4,si
33347600,pubmed,Tralokinumab for atopic dermatitis: a promising new therapy.,https://pubmed.ncbi.nlm.nih.gov/33347600/,tralokinumab,,,1,no
33350863,pubmed,Inhibition of IL-13: A New Pathway for Atopic Dermatitis.,https://pubmed.ncbi.nlm.nih.gov/33350863/,dupilumab; tralokinumab; lebrikizumab,,,3,si
33377547,pubmed,Current treatments for atopic dermatitis in Japan.,https://pubmed.ncbi.nlm.nih.gov/33377547/,dupilumab; delgocitinib,,,2,no
33380928,pubmed,Early Adoption of Dupilumab in the Medicare Population in 2017.,https://pubmed.ncbi.nlm.nih.gov/33380928/,dupilumab,,,3,no
33382444,pubmed,Development and Content Validation of Pruritus and Symptoms Assessment for Atopic Dermatitis (PSAAD) in Adolescents and Adults with Moderate-to-Severe AD.,https://pubmed.ncbi.nlm.nih.gov/33382444/,abrocitinib,,,4,no
33390269,pubmed,Elevated NK-cell transcriptional signature and dysbalance of resting and activated NK cells in atopic dermatitis.,https://pubmed.ncbi.nlm.nih.gov/33390269/,dupilumab,,,3,si
33401279,pubmed,A Short Cycle of Narrow-Band UVB Phototherapy in the Early Phase of Dupilumab Therapy Can Provide a Quicker Improvement of Severe Atopic Dermatitis.,https://pubmed.ncbi.nlm.nih.gov/33401279/,dupilumab,,,3,no
33426747,pubmed,New-onset head and neck dermatitis in adolescent patients after dupilumab therapy for atopic dermatitis.,https://pubmed.ncbi.nlm.nih.gov/33426747/,dupilumab,,,2,no
33428978,pubmed,Facial and neck erythema associated with dupilumab treatment: A systematic review.,https://pubmed.ncbi.nlm.nih.gov/33428978/,dupilumab,,,3,si
33430628,pubmed,IL-13 antagonists in the treatment of atopic dermatitis.,https://pubmed.ncbi.nlm.nih.gov/33430628/,dupilumab; tralokinumab; lebrikizumab,,,2,no
33443824,pubmed,[Chronic rhinosinusitis with nasal polyps : is there a place for monoclonal antibodies in 2020 ?].,https://pubmed.ncbi.nlm.nih.gov/33443824/,dupilumab,,,3,no
33453450,pubmed,Dupilumab Improves Asthma and Sinonasal Outcomes in Adults with Moderate to Severe Atopic Dermatitis.,https://pubmed.ncbi.nlm.nih.gov/33453450/,dupilumab,,,4,si
33459728,pubmed,State-of-the-art overview on biological treatment for CRSwNP.,https://pubmed.ncbi.nlm.nih.gov/33459728/,dupilumab,,,5,no
33477153,pubmed,Successful Combination of Systemic Agents for the Treatment of Atopic Dermatitis Resistant to Dupilumab Therapy.,https://pubmed.ncbi.nlm.nih.gov/33477153/,dupilumab,,,4,no
33481203,pubmed,Conjunctivitis in Dupilumab Clinical Trials for Adolescents with Atopic Dermatitis or Asthma.,https://pubmed.ncbi.nlm.nih.gov/33481203/,dupilumab,,,6,si
33483337,pubmed,"Persistence of mature dendritic cells, T(H)2A, and Tc2 cells characterize clinically resolved atopic dermatitis under IL-4Rα blockade.",https://pubmed.ncbi.nlm.nih.gov/33483337/,dupilumab,,,4,no
33484582,pubmed,Janus kinase inhibitors for atopic dermatitis: a promising treatment modality.,https://pubmed.ncbi.nlm.nih.gov/33484582/,upadacitinib; baricitinib; abrocitinib; ruxolitinib,,,3,si
33491884,pubmed,"Update ""Systemic treatment of atopic dermatitis"" of the S2k-guideline on atopic dermatitis.",https://pubmed.ncbi.nlm.nih.gov/33491884/,dupilumab,,,3,no
33504973,pubmed,"Dupilumab-associated ocular surface disease: presentation, management and long-term sequelae.",https://pubmed.ncbi.nlm.nih.gov/33504973/,dupilumab,,,3,si
33523410,pubmed,At the Dawn of a Therapeutic Revolution for Atopic Dermatitis: An Interview with Dr Anne-Claire Fougerousse.,https://pubmed.ncbi.nlm.nih.gov/33523410/,dupilumab,,,3,no
33538044,pubmed,EAACI Biologicals Guidelines-dupilumab for children and adults with moderate-to-severe atopic dermatitis.,https://pubmed.ncbi.nlm.nih.gov/33538044/,dupilumab,,,2,no
33557637,pubmed,Laboratory safety of dupilumab for up to 3 years in adults with moderate-to-severe atopic dermatitis: results from an open-label extension study.,https://pubmed.ncbi.nlm.nih.gov/33557637/,dupilumab,,,3,si
33559859,pubmed,"Interleukin-31, a Potent Pruritus-Inducing Cytokine and Its Role in Inflammatory Disease and in the Tumor Microenvironment.",https://pubmed.ncbi.nlm.nih.gov/33559859/,atopic_dermatitis,,,2,no
33588666,pubmed,Dupilumab as promising treatment for prurigo nodularis: current evidences.,https://pubmed.ncbi.nlm.nih.gov/33588666/,dupilumab,,,2,no
33591542,pubmed,Atopic Dermatitis: A Patient and Dermatologist's Perspective.,https://pubmed.ncbi.nlm.nih.gov/33591542/,dupilumab,,,3,no
33595883,pubmed,Novel agents for atopic dermatitis in patients over 50 years of age: A case series.,https://pubmed.ncbi.nlm.nih.gov/33595883/,dupilumab; upadacitinib,,,2,no
33600915,pubmed,Baricitinib in patients with moderate-to-severe atopic dermatitis: Results from a randomized monotherapy phase 3 trial in the United States and Canada (BREEZE-AD5).,https://pubmed.ncbi.nlm.nih.gov/33600915/,baricitinib,,,3,si
33610558,pubmed,Early and Long-Term Effects of Dupilumab Treatment on Circulating T-Cell Functions in Patients with Moderate-to-Severe Atopic Dermatitis.,https://pubmed.ncbi.nlm.nih.gov/33610558/,dupilumab,,,4,si
33644103,pubmed,Interleukin-31 as a Clinical Target for Pruritus Treatment.,https://pubmed.ncbi.nlm.nih.gov/33644103/,nemolizumab,,,2,si
33644104,pubmed,"Interleukin-31 Signaling Bridges the Gap Between Immune Cells, the Nervous System and Epithelial Tissues.",https://pubmed.ncbi.nlm.nih.gov/33644104/,nemolizumab,,,2,si
33651467,pubmed,Instrumental evaluation of skin barrier function and clinical outcomes during dupilumab treatment for atopic dermatitis: An observational study.,https://pubmed.ncbi.nlm.nih.gov/33651467/,dupilumab,,,3,no
33655423,pubmed,"Effect of Dupilumab on Laboratory Parameters in Adolescents with Atopic Dermatitis: Results from a Randomized, Placebo-Controlled, Phase 3 Clinical Trial.",https://pubmed.ncbi.nlm.nih.gov/33655423/,dupilumab,,,5,si
33657668,pubmed,Dupilumab treatment in patients with atopic dermatitis: a comparative cohort study between the Netherlands and Japan shows a discrepancy in patient-reported outcome measures.,https://pubmed.ncbi.nlm.nih.gov/33657668/,dupilumab,,,3,no
33658822,pubmed,Use of Systemic Medications for Treating Adult Atopic Dermatitis in France: Results of a Practice Survey.,https://pubmed.ncbi.nlm.nih.gov/33658822/,dupilumab,,,3,no
33662453,pubmed,Advances in the pathophysiology of atopic dermatitis revealed by novel therapeutics and clinical trials.,https://pubmed.ncbi.nlm.nih.gov/33662453/,dupilumab; crisaborole; delgocitinib,,,2,si
33667539,pubmed,"Comment on ""Long-term effectiveness and safety of treatment with dupilumab in patients with atopic dermatitis: Results of the TREAT NL (TREatment of ATopic eczema, the Netherlands) registry"".",https://pubmed.ncbi.nlm.nih.gov/33667539/,atopic_dermatitis,,,1,no
33685604,pubmed,Biologics for Treatment of Atopic Dermatitis: Current Status and Future Prospect.,https://pubmed.ncbi.nlm.nih.gov/33685604/,dupilumab; tralokinumab; lebrikizumab; nemolizumab,,,2,no
33710614,pubmed,Biologics for chronic rhinosinusitis.,https://pubmed.ncbi.nlm.nih.gov/33710614/,dupilumab,,,10,no
33711179,pubmed,Nemolizumab is associated with a rapid improvement in atopic dermatitis signs and symptoms: subpopulation (EASI ≥ 16) analysis of randomized phase 2B study.,https://pubmed.ncbi.nlm.nih.gov/33711179/,nemolizumab,,,4,si
33712985,pubmed,Efficacy and Safety of Dupilumab in Clinical Practice: One Year of Experience on 165 Adult Patients from a Tertiary Referral Centre.,https://pubmed.ncbi.nlm.nih.gov/33712985/,dupilumab,,,3,no
33717370,pubmed,"Efficacy and Safety of Biologic Agents in Chronic Urticaria, Asthma and Atopic Dermatitis - A Real-life Experience.",https://pubmed.ncbi.nlm.nih.gov/33717370/,dupilumab,,,3,no
33725337,pubmed,Effectiveness and Safety of Long-Term Dupilumab Treatment in Elderly Patients with Atopic Dermatitis: A Multicenter Real-Life Observational Study.,https://pubmed.ncbi.nlm.nih.gov/33725337/,dupilumab,,,4,no
33725800,pubmed,Retrospective analysis of adverse events with dupilumab reported to the United States Food and Drug Administration.,https://pubmed.ncbi.nlm.nih.gov/33725800/,dupilumab,,,3,no
33728583,pubmed,Translating the Investigator's Static Global Assessment to the Eczema Area and Severity Index in Studies of Crisaborole for Atopic Dermatitis.,https://pubmed.ncbi.nlm.nih.gov/33728583/,abrocitinib; crisaborole,,,4,no
33730377,pubmed,Dupilumab-induced phenotype switch from atopic dermatitis to psoriasis is characterized by de novo interleukin-17A expression: a case report.,https://pubmed.ncbi.nlm.nih.gov/33730377/,dupilumab,,,1,si
33731985,pubmed,The Efficacy and Safety of Abrocitinib as a Treatment Option for Atopic Dermatitis: A Short Report of the Clinical Data.,https://pubmed.ncbi.nlm.nih.gov/33731985/,dupilumab; abrocitinib,,,2,no
33735876,pubmed,Biological Therapies for Atopic Dermatitis: A Systematic Review.,https://pubmed.ncbi.nlm.nih.gov/33735876/,dupilumab; nemolizumab; abrocitinib; delgocitinib,,,4,si
33742710,pubmed,"Dupilumab shows slow, steady effectiveness for intractable prurigo in patients with atopic dermatitis.",https://pubmed.ncbi.nlm.nih.gov/33742710/,dupilumab,,,3,no
33744356,pubmed,"Tralokinumab does not impact vaccine-induced immune responses: Results from a 30-week, randomized, placebo-controlled trial in adults with moderate-to-severe atopic dermatitis.",https://pubmed.ncbi.nlm.nih.gov/33744356/,tralokinumab,,,3,si
33749838,pubmed,Effects of Hepatic Impairment on the Pharmacokinetics of Abrocitinib and Its Metabolites.,https://pubmed.ncbi.nlm.nih.gov/33749838/,abrocitinib,,,3,no
33751751,pubmed,Dupilumab for children and adolescents with atopic dermatitis: An Asian perspective.,https://pubmed.ncbi.nlm.nih.gov/33751751/,dupilumab,,,3,no
33761207,pubmed,Abrocitinib versus Placebo or Dupilumab for Atopic Dermatitis.,https://pubmed.ncbi.nlm.nih.gov/33761207/,dupilumab; abrocitinib,,,11,si
33769900,pubmed,The emerging role of dupilumab in dermatological indications.,https://pubmed.ncbi.nlm.nih.gov/33769900/,dupilumab,,,3,no
33795561,pubmed,Patient-Reported Symptoms and Disease Impacts in Adults With Moderate-to-Severe Atopic Dermatitis: Results From a Phase 2b Study With Abrocitinib.,https://pubmed.ncbi.nlm.nih.gov/33795561/,abrocitinib,,,3,si
33797094,pubmed,"Atopic dermatitis, dupilumab and cancers: a case series.",https://pubmed.ncbi.nlm.nih.gov/33797094/,atopic_dermatitis,,,1,no
33807098,pubmed,Pruritus as a Distinctive Feature of Type 2 Inflammation.,https://pubmed.ncbi.nlm.nih.gov/33807098/,atopic_dermatitis,,,3,si
33807704,pubmed,Immunological Properties of Atopic Dermatitis-Associated Alopecia Areata.,https://pubmed.ncbi.nlm.nih.gov/33807704/,dupilumab,,,4,si
33815789,pubmed,Early responders within seven days of dupilumab treatment for severe asthma evaluated by patient-reported outcome: a pilot study.,https://pubmed.ncbi.nlm.nih.gov/33815789/,dupilumab,,,4,no
33826132,pubmed,Extended Safety Analysis of Baricitinib 2 mg in Adult Patients with Atopic Dermatitis: An Integrated Analysis from Eight Randomized Clinical Trials.,https://pubmed.ncbi.nlm.nih.gov/33826132/,baricitinib,,,4,si
33826474,pubmed,Association of Dupilumab with Intraocular Inflammation.,https://pubmed.ncbi.nlm.nih.gov/33826474/,dupilumab,,,2,no
33834521,pubmed,"Impact of baricitinib in combination with topical steroids on atopic dermatitis symptoms, quality of life and functioning in adult patients with moderate-to-severe atopic dermatitis from the BREEZE-AD7 Phase 3 randomized trial.",https://pubmed.ncbi.nlm.nih.gov/33834521/,baricitinib,,,5,si
33838838,pubmed,Emerging Systemic Therapeutic Biologics and Small Molecules for Atopic Dermatitis: How to Decide Which Treatment Is Right for Your Patients.,https://pubmed.ncbi.nlm.nih.gov/33838838/,dupilumab,,,1,no
33844308,pubmed,Eczema herpeticum in atopic dermatitis.,https://pubmed.ncbi.nlm.nih.gov/33844308/,dupilumab,,,3,no
33844417,pubmed,Exosomes derived from human adipose tissue-derived mesenchymal stem cells for the treatment of dupilumab-related facial redness in patients with atopic dermatitis: A report of two cases.,https://pubmed.ncbi.nlm.nih.gov/33844417/,dupilumab,,,3,no
33851078,pubmed,The evaluation of dupilumab treatment response in atopic dermatitis patients.,https://pubmed.ncbi.nlm.nih.gov/33851078/,dupilumab,,,2,no
33866573,pubmed,Vascular inflammation in moderate-to-severe atopic dermatitis is associated with enhanced Th2 response.,https://pubmed.ncbi.nlm.nih.gov/33866573/,dupilumab,,,4,no
33866905,pubmed,Can we safely use systemic treatment in atopic dermatitis during the COVID-19 pandemic? Overview of selected conventional and biologic systemic therapies.,https://pubmed.ncbi.nlm.nih.gov/33866905/,dupilumab,,,3,no
33870531,pubmed,Baricitinib: From Rheumatoid Arthritis to COVID-19.,https://pubmed.ncbi.nlm.nih.gov/33870531/,baricitinib,,,2,no
33871362,pubmed,Drug survival rates and reasons for drug discontinuation in patients with atopic dermatitis: a retrospective study of adult outpatients.,https://pubmed.ncbi.nlm.nih.gov/33871362/,dupilumab,,,2,no
33871424,pubmed,Biologics in atopic dermatitis.,https://pubmed.ncbi.nlm.nih.gov/33871424/,dupilumab; tralokinumab,,,2,no
33878856,pubmed,"Dupilumab treatment induced similar improvements in signs, symptoms, and quality of life in adults with moderate-to-severe atopic dermatitis with baseline Eczema Area and Severity Index Score <24 or ≥24.",https://pubmed.ncbi.nlm.nih.gov/33878856/,dupilumab,,,4,no
33889195,pubmed,Selective IL-13 inhibitors for the treatment of atopic dermatitis.,https://pubmed.ncbi.nlm.nih.gov/33889195/,dupilumab; tralokinumab; lebrikizumab,,,3,si
33894014,pubmed,A mathematical model to identify optimal combinations of drug targets for dupilumab poor responders in atopic dermatitis.,https://pubmed.ncbi.nlm.nih.gov/33894014/,dupilumab; tralokinumab; lebrikizumab; nemolizumab,,,4,no
33894325,pubmed,Treatment of patients with atopic dermatitis with weekly dupilumab dosing: A single institutional retrospective medical record review and survey.,https://pubmed.ncbi.nlm.nih.gov/33894325/,dupilumab,,,1,no
33898680,pubmed,Eczematous reactions to psoriasis biologics treated with dupilumab: A case series.,https://pubmed.ncbi.nlm.nih.gov/33898680/,dupilumab,,,1,no
33898684,pubmed,Treatment efficacy of dupilumab in a hyper-immunoglobulin E syndrome patient with severe atopic dermatitis.,https://pubmed.ncbi.nlm.nih.gov/33898684/,dupilumab,,,1,no
33899152,pubmed,Itch and Sleep Improvements with Baricitinib in Patients with Atopic Dermatitis: A Post Hoc Analysis of 3 Phase 3 Studies.,https://pubmed.ncbi.nlm.nih.gov/33899152/,baricitinib,,,4,si
33912642,pubmed,Ulcerative injection-site reaction associated with dupilumab therapy.,https://pubmed.ncbi.nlm.nih.gov/33912642/,dupilumab,,,1,si
33924978,pubmed,Interleukin-31 and Pruritic Skin.,https://pubmed.ncbi.nlm.nih.gov/33924978/,nemolizumab,,,2,si
33934410,pubmed,Head and neck severity index is associated to a significant worsening of quality of life in atopic dermatitis patients.,https://pubmed.ncbi.nlm.nih.gov/33934410/,atopic_dermatitis,,,1,si
33954933,pubmed,Impact of Oral Abrocitinib Monotherapy on Patient-Reported Symptoms and Quality of Life in Adolescents and Adults with Moderate-to-Severe Atopic Dermatitis: A Pooled Analysis of Patient-Reported Outcomes.,https://pubmed.ncbi.nlm.nih.gov/33954933/,abrocitinib,,,5,si
33960047,pubmed,Effects of dupilumab treatment on patch test reactions: A retrospective evaluation.,https://pubmed.ncbi.nlm.nih.gov/33960047/,dupilumab,,,1,no
33964871,pubmed,Anti-IL-4Ralpha monoclonal antibody dupilumab mimics ulcerative colitis: a case report.,https://pubmed.ncbi.nlm.nih.gov/33964871/,dupilumab,,,3,no
33966304,pubmed,The use of biologics in food allergy.,https://pubmed.ncbi.nlm.nih.gov/33966304/,dupilumab; tralokinumab; nemolizumab,,,4,no
33969522,pubmed,Paternal and maternal use of dupilumab in patients with atopic dermatitis: a case series.,https://pubmed.ncbi.nlm.nih.gov/33969522/,dupilumab,,,2,no
33978100,pubmed,Efficacy and safety of dupilumab in two adolescents with severe atopic dermatitis.,https://pubmed.ncbi.nlm.nih.gov/33978100/,dupilumab,,,7,no
33978711,pubmed,Long-term Efficacy of Baricitinib in Adults With Moderate to Severe Atopic Dermatitis Who Were Treatment Responders or Partial Responders: An Extension Study of 2 Randomized Clinical Trials.,https://pubmed.ncbi.nlm.nih.gov/33978711/,baricitinib,,,5,si
33981166,pubmed,Dupilumab Induced Limbal Stem Cell Deficiency.,https://pubmed.ncbi.nlm.nih.gov/33981166/,dupilumab,,,2,no
33991374,pubmed,Comparative efficacy and safety of systemic therapies used in moderate-to-severe atopic dermatitis: a systematic literature review and network meta-analysis.,https://pubmed.ncbi.nlm.nih.gov/33991374/,dupilumab; tralokinumab; lebrikizumab; nemolizumab; upadacitinib; baricitinib; abrocitinib,,,4,si
33999579,pubmed,Successful treatment of bullous pemphigoid with dupilumab: a case and brief review of the literature.,https://pubmed.ncbi.nlm.nih.gov/33999579/,dupilumab,,,1,no
34001568,pubmed,Advances in atopic dermatitis.,https://pubmed.ncbi.nlm.nih.gov/34001568/,atopic_dermatitis,,,2,no
34001717,pubmed,Novel treatments for pediatric atopic dermatitis.,https://pubmed.ncbi.nlm.nih.gov/34001717/,dupilumab; crisaborole,,,3,no
34003519,pubmed,Insights into adult atopic dermatitis heterogeneity derived from circulating biomarker profiling in patients with moderate-to-severe disease.,https://pubmed.ncbi.nlm.nih.gov/34003519/,baricitinib,,,5,si
34012301,pubmed,Experimental Drugs with the Potential to Treat Atopic Eczema.,https://pubmed.ncbi.nlm.nih.gov/34012301/,dupilumab; crisaborole,,,3,no
34013539,pubmed,Work ability and quality of working life in atopic dermatitis patients treated with dupilumab.,https://pubmed.ncbi.nlm.nih.gov/34013539/,dupilumab,,,3,si
34018694,pubmed,Successful treatment of recurrent exit site and tunnel infections caused by atopic dermatitis with dupilumab: A case report.,https://pubmed.ncbi.nlm.nih.gov/34018694/,dupilumab,,,1,no
34023008,pubmed,"Once-daily upadacitinib versus placebo in adolescents and adults with moderate-to-severe atopic dermatitis (Measure Up 1 and Measure Up 2): results from two replicate double-blind, randomised controlled phase 3 trials.",https://pubmed.ncbi.nlm.nih.gov/34023008/,upadacitinib,,,11,si
34023009,pubmed,"Safety and efficacy of upadacitinib in combination with topical corticosteroids in adolescents and adults with moderate-to-severe atopic dermatitis (AD Up): results from a randomised, double-blind, placebo-controlled, phase 3 trial.",https://pubmed.ncbi.nlm.nih.gov/34023009/,upadacitinib,,,9,si
34037253,pubmed,Prevalence of ocular disease during dupilumab treatment for atopic dermatitis: a bicentric retrospective comparative cohort study.,https://pubmed.ncbi.nlm.nih.gov/34037253/,dupilumab,,,2,no
34037298,pubmed,A case of lichen amyloidosis associated with atopic dermatitis successfully treated with dupilumab: A case report and literature review.,https://pubmed.ncbi.nlm.nih.gov/34037298/,dupilumab,,,1,no
34037993,pubmed,"Dupilumab suppresses type 2 inflammatory biomarkers across multiple atopic, allergic diseases.",https://pubmed.ncbi.nlm.nih.gov/34037993/,dupilumab,,,5,si
34043018,pubmed,Transient Increase in Circulating Basophils and Eosinophils in Dupilumab-associated Conjunctivitis in Patients with Atopic Dermatitis.,https://pubmed.ncbi.nlm.nih.gov/34043018/,dupilumab,,,1,no
34043252,pubmed,Treatment options for DOCK8 deficiency-related severe dermatitis.,https://pubmed.ncbi.nlm.nih.gov/34043252/,dupilumab,,,3,no
34046851,pubmed,Definition of Clinically Meaningful Within-Patient Changes in POEM and CDLQI in Children 6 to 11 Years of Age with Severe Atopic Dermatitis.,https://pubmed.ncbi.nlm.nih.gov/34046851/,dupilumab,,,4,si
34048591,pubmed,Nail changes successfully treated with dupilumab in a patient with severe atopic dermatitis.,https://pubmed.ncbi.nlm.nih.gov/34048591/,dupilumab,,,1,no
34076879,pubmed,"Recommendations for Vaccination in Children with Atopic Dermatitis Treated with Dupilumab: A Consensus Meeting, 2020.",https://pubmed.ncbi.nlm.nih.gov/34076879/,dupilumab,,,3,no
34103945,pubmed,Current Perspectives on the Systemic Management of Atopic Dermatitis.,https://pubmed.ncbi.nlm.nih.gov/34103945/,dupilumab,,,1,si
34106037,pubmed,"The IL-4, IL-13 and IL-31 pathways in atopic dermatitis.",https://pubmed.ncbi.nlm.nih.gov/34106037/,atopic_dermatitis,,,3,si
34114910,pubmed,Safety of dupilumab in patients with atopic dermatitis: expert opinion.,https://pubmed.ncbi.nlm.nih.gov/34114910/,dupilumab,,,3,si
34126094,pubmed,Management of inadequate response and adverse effects to dupilumab in atopic dermatitis.,https://pubmed.ncbi.nlm.nih.gov/34126094/,dupilumab,,,3,si
34132660,pubmed,Evolution of Dupilumab-Associated Cutaneous Atypical Lymphoid Infiltrates.,https://pubmed.ncbi.nlm.nih.gov/34132660/,dupilumab,,,3,no
34134707,pubmed,Dupilumab elicits a favorable response in type-2 inflammatory comorbidities of severe atopic dermatitis.,https://pubmed.ncbi.nlm.nih.gov/34134707/,dupilumab,,,1,no
34142350,pubmed,Dupilumab in Adults with Moderate-to-Severe Atopic Dermatitis and Prior Use of Systemic Non-Steroidal Immunosuppressants: Analysis of Four Phase 3 Trials.,https://pubmed.ncbi.nlm.nih.gov/34142350/,dupilumab,,,4,si
34151695,pubmed,Eczema control and treatment satisfaction in atopic dermatitis patients treated with dupilumab - a cross-sectional study from the BioDay registry.,https://pubmed.ncbi.nlm.nih.gov/34151695/,dupilumab,,,3,no
34152613,pubmed,Management of patients with atopic dermatitis undergoing systemic therapy during COVID-19 pandemic in Italy: Data from the DA-COVID-19 registry.,https://pubmed.ncbi.nlm.nih.gov/34152613/,dupilumab,,,5,no
34152670,pubmed,Atopic dermatitis in adolescents: Effectiveness and safety of dupilumab in a 16-week real-life experience during the COVID-19 pandemic in Italy.,https://pubmed.ncbi.nlm.nih.gov/34152670/,dupilumab,,,2,no
34155602,pubmed,Tralokinumab for the Treatment of Atopic Dermatitis.,https://pubmed.ncbi.nlm.nih.gov/34155602/,tralokinumab,,,3,no
34155694,pubmed,Effectiveness and safety of tacrolimus ointment combined with dupilumab for patients with atopic dermatitis in real-world clinical practice.,https://pubmed.ncbi.nlm.nih.gov/34155694/,dupilumab,,,3,si
34159738,pubmed,Base and Covariate Population Pharmacokinetic Analyses of Dupilumab in Adolescents and Children ≥6 to <12 Years of Age Using Phase 3 Data.,https://pubmed.ncbi.nlm.nih.gov/34159738/,dupilumab,,,2,no
34169703,pubmed,The effect of dupilumab in an HBV-HIV coinfected atopic patient: a case report.,https://pubmed.ncbi.nlm.nih.gov/34169703/,dupilumab,,,2,no
34175862,pubmed,Rapid Improvement of Itch Associated With Atopic Dermatitis With Abrocitinib Is Partially Independent of Overall Disease Improvement: Results From Pooled Phase 2b and 3 Monotherapy Studies.,https://pubmed.ncbi.nlm.nih.gov/34175862/,abrocitinib,,,3,si
34176407,pubmed,Improvement in sleep and itch and enhanced quality of life in adult patients with moderate-to-severe atopic dermatitis: results from a phase 3 trial of baricitinib therapy.,https://pubmed.ncbi.nlm.nih.gov/34176407/,baricitinib,,,3,si
34177514,pubmed,Atopic Dermatitis Treated Safely with Dupilumab during Pregnancy: A Case Report and Review of the Literature.,https://pubmed.ncbi.nlm.nih.gov/34177514/,dupilumab,,,2,si
34179322,pubmed,Dupilumab as an adjuvant treatment for keloid-associated symptoms.,https://pubmed.ncbi.nlm.nih.gov/34179322/,dupilumab,,,1,no
34189218,pubmed,De novo case of lichenoid eruption following dupilumab treatment.,https://pubmed.ncbi.nlm.nih.gov/34189218/,dupilumab,,,1,no
34202315,pubmed,Patient Reported Outcome Measure in Atopic Dermatitis Patients Treated with Dupilumab: 52-Weeks Results.,https://pubmed.ncbi.nlm.nih.gov/34202315/,dupilumab,,,3,no
34213742,pubmed,Novel Targeted Biological Agents for the Treatment of Atopic Dermatitis.,https://pubmed.ncbi.nlm.nih.gov/34213742/,dupilumab; tralokinumab; lebrikizumab; nemolizumab,,,3,no
34241938,pubmed,Ocular adverse events in patients with atopic dermatitis undergoing treatment with dupilumab: An Italian single-center experience.,https://pubmed.ncbi.nlm.nih.gov/34241938/,dupilumab,,,2,no
34246205,pubmed,Clinical practice guidelines for the diagnosis and management of atopic dermatitis.,https://pubmed.ncbi.nlm.nih.gov/34246205/,dupilumab; crisaborole,,,4,si
34253801,pubmed,Ocular surface disorders associated with the use of dupilumab based on WHO VigiBase.,https://pubmed.ncbi.nlm.nih.gov/34253801/,dupilumab,,,3,si
34257642,pubmed,Effectiveness and Safety of Abrocitinib in Patients with Moderate-to-Severe Atopic Dermatitis: A Systematic Review and Meta-Analysis of Randomized Clinical Trials.,https://pubmed.ncbi.nlm.nih.gov/34257642/,abrocitinib,,,3,no
34261335,pubmed,Prominent Role of Type 2 Immunity in Skin Diseases: Beyond Atopic Dermatitis.,https://pubmed.ncbi.nlm.nih.gov/34261335/,dupilumab,,,3,no
34270797,pubmed,The Posology of Dupilumab in Pediatric Patients With Atopic Dermatitis.,https://pubmed.ncbi.nlm.nih.gov/34270797/,dupilumab,,,3,si
34272754,pubmed,Superimposed linear atopic dermatitis treated with dupilumab.,https://pubmed.ncbi.nlm.nih.gov/34272754/,dupilumab,,,1,no
34275122,pubmed,"Baricitinib Rapidly Improves Skin Pain Resulting in Improved Quality of Life for Patients with Atopic Dermatitis: Analyses from BREEZE-AD1, 2, and 7.",https://pubmed.ncbi.nlm.nih.gov/34275122/,baricitinib,,,5,si
34275694,pubmed,Effects of dupilumab in type 1 neurofibromatosis coexisting with severe atopic dermatitis.,https://pubmed.ncbi.nlm.nih.gov/34275694/,dupilumab,,,2,no
34276083,pubmed,Treatment outcomes of patients with Atopic Dermatitis (AD) treated with dupilumab through the Early Access to Medicines Scheme (EAMS) in the UK.,https://pubmed.ncbi.nlm.nih.gov/34276083/,dupilumab,,,4,no
34282867,pubmed,Effect of dupilumab on sleep disturbances in adult patients with severe atopic dermatitis.,https://pubmed.ncbi.nlm.nih.gov/34282867/,dupilumab,,,4,no
34283454,pubmed,1320. Upadacitinib.,https://pubmed.ncbi.nlm.nih.gov/34283454/,upadacitinib,,,1,no
34303467,pubmed,Dupilumab: An Opportunity to Unravel In Vivo Actions of IL-4 and IL-13 in Humans.,https://pubmed.ncbi.nlm.nih.gov/34303467/,dupilumab,,,1,no
34310749,pubmed,Dupilumab in atopic dermatitis: predictors of treatment outcome and time to response.,https://pubmed.ncbi.nlm.nih.gov/34310749/,dupilumab,,,1,no
34313019,pubmed,Population pharmacokinetic analysis of dupilumab in adult and adolescent patients with asthma.,https://pubmed.ncbi.nlm.nih.gov/34313019/,dupilumab,,,2,no
34315323,pubmed,Efficacy and safety of abrocitinib for the treatment of moderate-to-severe atopic dermatitis: a meta-analysis of randomized clinical trials.,https://pubmed.ncbi.nlm.nih.gov/34315323/,abrocitinib,,,4,no
34321929,pubmed,Prevalence and Medications of Atopic Dermatitis in Germany: Claims Data Analysis.,https://pubmed.ncbi.nlm.nih.gov/34321929/,dupilumab,,,4,no
34328514,pubmed,[Treatment of atopic dermatitis with dupilumab : A retrospective cohort analysis from dermatological practice].,https://pubmed.ncbi.nlm.nih.gov/34328514/,dupilumab,,,6,no
34347860,pubmed,Efficacy and Safety of Upadacitinib vs Dupilumab in Adults With Moderate-to-Severe Atopic Dermatitis: A Randomized Clinical Trial.,https://pubmed.ncbi.nlm.nih.gov/34347860/,dupilumab; upadacitinib,,,6,si
34358343,pubmed,"The efficacy and safety of dupilumab in Chinese patients with moderate-to-severe atopic dermatitis: a randomized, double-blind, placebo-controlled study.",https://pubmed.ncbi.nlm.nih.gov/34358343/,dupilumab,,,4,si
34361924,pubmed,Changes in Skin and Nasal Microbiome and Staphylococcal Species Following Treatment of Atopic Dermatitis with Dupilumab.,https://pubmed.ncbi.nlm.nih.gov/34361924/,dupilumab,,,3,si
34379541,pubmed,Baricitinib for the treatment of atopic dermatitis.,https://pubmed.ncbi.nlm.nih.gov/34379541/,baricitinib,,,2,no
34387279,pubmed,Comparison of structural components and functional mechanisms within the skin vs. the conjunctival surface.,https://pubmed.ncbi.nlm.nih.gov/34387279/,dupilumab,,,2,no
34390128,pubmed,Tralokinumab in atopic dermatitis.,https://pubmed.ncbi.nlm.nih.gov/34390128/,tralokinumab,,,3,no
34392600,pubmed,The efficacy of Janus kinase inhibitors in patients with atopic dermatitis: A systematic review and network meta-analysis.,https://pubmed.ncbi.nlm.nih.gov/34392600/,upadacitinib; baricitinib; ruxolitinib; delgocitinib,,,4,no
34396421,pubmed,Rapid and Sustained Effect of Dupilumab on Work Productivity in Patients with Difficult-to-treat Atopic Dermatitis: Results from the Dutch BioDay Registry.,https://pubmed.ncbi.nlm.nih.gov/34396421/,dupilumab,,,2,no
34398987,pubmed,"Successful use of dupilumab for the treatment of atopic dermatitis on the genitals, a neglected anatomical site.",https://pubmed.ncbi.nlm.nih.gov/34398987/,dupilumab,,,2,no
34403658,pubmed,Upadacitinib plus topical corticosteroids in atopic dermatitis: Week 52 AD Up study results.,https://pubmed.ncbi.nlm.nih.gov/34403658/,upadacitinib,,,5,si
34405829,pubmed,Transcriptomic Profiling of Tape-Strips From Moderate to Severe Atopic Dermatitis Patients Treated With Dupilumab.,https://pubmed.ncbi.nlm.nih.gov/34405829/,dupilumab,,,4,si
34405831,pubmed,Dual Efficacy of Upadacitinib in 2 Patients With Concomitant Severe Atopic Dermatitis and Alopecia Areata.,https://pubmed.ncbi.nlm.nih.gov/34405831/,upadacitinib,,,1,no
34405837,pubmed,Dupilumab-Induced Extrafacial Paradoxical Persistent Erythema in an Atopic Dermatitis Patient.,https://pubmed.ncbi.nlm.nih.gov/34405837/,dupilumab,,,1,no
34406366,pubmed,Efficacy and Safety of Abrocitinib in Combination With Topical Therapy in Adolescents With Moderate-to-Severe Atopic Dermatitis: The JADE TEEN Randomized Clinical Trial.,https://pubmed.ncbi.nlm.nih.gov/34406366/,dupilumab; abrocitinib,,,5,si
34406619,pubmed,Integrated Safety Analysis of Abrocitinib for the Treatment of Moderate-to-Severe Atopic Dermatitis From the Phase II and Phase III Clinical Trial Program.,https://pubmed.ncbi.nlm.nih.gov/34406619/,abrocitinib,,,4,si
34406620,pubmed,Correction to: Impact of Oral Abrocitinib Monotherapy on Patient-Reported Symptoms and Quality of Life in Adolescents and Adults with Moderate-to-Severe Atopic Dermatitis: A Pooled Analysis of Patient-Reported Outcomes.,https://pubmed.ncbi.nlm.nih.gov/34406620/,abrocitinib,,,1,no
34406631,pubmed,Tralokinumab: First Approval.,https://pubmed.ncbi.nlm.nih.gov/34406631/,tralokinumab,,,1,si
34409326,pubmed,Introduction of self-injection increases compliance with dupilumab administration in adult patients with atopic dermatitis: A single-center retrospective study.,https://pubmed.ncbi.nlm.nih.gov/34409326/,dupilumab,,,1,no
34409381,pubmed,Encounters and medication use for ocular surface disorders among patients treated with dupilumab: A cohort study.,https://pubmed.ncbi.nlm.nih.gov/34409381/,dupilumab,,,3,no
34409391,pubmed,Economic impact of abrocitinib monotherapy and combination therapy in patients with moderate-to-severe atopic dermatitis: Results from JADE MONO-2 and JADE COMPARE.,https://pubmed.ncbi.nlm.nih.gov/34409391/,abrocitinib,,,1,no
34410205,pubmed,Comparing quality of life outcomes of JAK inhibitors and biological treatments for atopic dermatitis: a systematic review and network meta-analysis.,https://pubmed.ncbi.nlm.nih.gov/34410205/,dupilumab; lebrikizumab; abrocitinib,,,3,no
34416294,pubmed,"Abrocitinib induction, randomized withdrawal, and retreatment in patients with moderate-to-severe atopic dermatitis: Results from the JAK1 Atopic Dermatitis Efficacy and Safety (JADE) REGIMEN phase 3 trial.",https://pubmed.ncbi.nlm.nih.gov/34416294/,abrocitinib,,,4,si
34417579,pubmed,Atopic dermatitis: an expanding therapeutic pipeline for a complex disease.,https://pubmed.ncbi.nlm.nih.gov/34417579/,dupilumab; tralokinumab; baricitinib,,,2,si
34423443,pubmed,Safety of Janus kinase (JAK) inhibitors in the short-term treatment of atopic dermatitis.,https://pubmed.ncbi.nlm.nih.gov/34423443/,upadacitinib; baricitinib; abrocitinib; ruxolitinib; delgocitinib,,,3,no
34427891,pubmed,Dupilumab Demonstrates Rapid and Consistent Improvement in Extent and Signs of Atopic Dermatitis Across All Anatomical Regions in Pediatric Patients 6 Years of Age and Older.,https://pubmed.ncbi.nlm.nih.gov/34427891/,dupilumab,,,4,si
34431510,pubmed,New insights on ocular surface disease in patients with atopic dermatitis treated with dupilumab.,https://pubmed.ncbi.nlm.nih.gov/34431510/,dupilumab,,,1,no
34435584,pubmed,"Dupilumab pharmacokinetics in Chinese healthy subjects and patients with atopic dermatitis: Results of two randomized, double-blind, placebo-controlled studies.",https://pubmed.ncbi.nlm.nih.gov/34435584/,dupilumab,,,3,no
34437922,pubmed,JAK inhibitors in the treatment of atopic dermatitis.,https://pubmed.ncbi.nlm.nih.gov/34437922/,upadacitinib; baricitinib; abrocitinib; ruxolitinib; delgocitinib,,,3,si
34446954,pubmed,Real-World Effectiveness and Safety of Dupilumab for the Treatment of Moderate to Severe Atopic Dermatitis in Indian Patients: A Multi Centric Retrospective Study.,https://pubmed.ncbi.nlm.nih.gov/34446954/,dupilumab,,,3,si
34448201,pubmed,Dupilumab successfully treated refractory bullous pemphigoid with early clinical manifestations imitating atopic dermatitis: A case letter.,https://pubmed.ncbi.nlm.nih.gov/34448201/,dupilumab,,,1,no
34449906,pubmed,Conjunctival inflammation in dupilumab-treated atopic dermatitis comprises a multicellular infiltrate with elevated T1/T17 cytokines: A case series study.,https://pubmed.ncbi.nlm.nih.gov/34449906/,dupilumab,,,1,no
34455413,pubmed,Efficacy and Safety of Janus Kinase Inhibitors for the Treatment of Atopic Dermatitis: A Systematic Review and Meta-Analysis.,https://pubmed.ncbi.nlm.nih.gov/34455413/,upadacitinib; abrocitinib,,,4,si
34460948,pubmed,Phase 2a randomized clinical trial of dupilumab (anti-IL-4Rα) for alopecia areata patients.,https://pubmed.ncbi.nlm.nih.gov/34460948/,dupilumab,,,4,si
34462689,pubmed,An Uncharacteristic Presentation of Evans Syndrome Following Treatment With Dupilumab.,https://pubmed.ncbi.nlm.nih.gov/34462689/,dupilumab,,,3,no
34462864,pubmed,Laboratory Safety of Dupilumab in Patients Aged 6-11 Years with Severe Atopic Dermatitis: Results from a Phase III Clinical Trial.,https://pubmed.ncbi.nlm.nih.gov/34462864/,dupilumab,,,4,si
34472171,pubmed,Dupilumab effectiveness for the treatment of patients with concomitant atopic dermatitis and chronic rhinosinusitis with nasal polyposis.,https://pubmed.ncbi.nlm.nih.gov/34472171/,dupilumab,,,4,si
34475772,pubmed,COVID-19 in Patients with Atopic Dermatitis Treated with Dupilumab: Three Cases and a Literature Review.,https://pubmed.ncbi.nlm.nih.gov/34475772/,dupilumab,,,2,no
34482550,pubmed,Off-label use of dupilumab for the treatment of moderate to severe atopic dermatitis in children aged below 6 years of age: a case series.,https://pubmed.ncbi.nlm.nih.gov/34482550/,dupilumab,,,1,no
34486254,pubmed,Does Monthly Dupilumab Therapy Maintain its Clinical Efficacy in Moderate-to-Severe Atopic Dermatitis?,https://pubmed.ncbi.nlm.nih.gov/34486254/,dupilumab,,,1,no
34486258,pubmed,Real Clinical Practice Data of Monthly Dupilumab Therapy in Adult Patients With Moderate-to-Severe Atopic Dermatitis: Clinical Efficacy and Predictive Markers for a Favorable Clinical Response.,https://pubmed.ncbi.nlm.nih.gov/34486258/,dupilumab,,,4,si
34486260,pubmed,Dupilumab Therapy Improves Stratum Corneum Hydration and Skin Dysbiosis in Patients With Atopic Dermatitis.,https://pubmed.ncbi.nlm.nih.gov/34486260/,dupilumab,,,4,si
34495603,pubmed,Management of dupilumab-associated ocular surface diseases in atopic dermatitis patients.,https://pubmed.ncbi.nlm.nih.gov/34495603/,dupilumab,,,6,no
34510403,pubmed,Practical Management of Patients with Atopic Dermatitis on Dupilumab.,https://pubmed.ncbi.nlm.nih.gov/34510403/,dupilumab,,,2,no
34515353,pubmed,Experience using dupilumab for pediatric atopic dermatitis at a tertiary care c enter: Inadequate response and adverse events.,https://pubmed.ncbi.nlm.nih.gov/34515353/,dupilumab,,,3,no
34521750,pubmed,Interleukins 4 and 13 drive lipid abnormalities in skin cells through regulation of sex steroid hormone synthesis.,https://pubmed.ncbi.nlm.nih.gov/34521750/,dupilumab,,,3,no
34523731,pubmed,Association study of transition of laboratory marker levels and transition of disease activity of atopic dermatitis patients treated with dupilumab.,https://pubmed.ncbi.nlm.nih.gov/34523731/,dupilumab,,,4,si
34530431,pubmed,Influence of Janus Kinase Inhibitors on the Neuronal Activity as a Proof-of-Concept Model for Itch.,https://pubmed.ncbi.nlm.nih.gov/34530431/,upadacitinib; baricitinib,,,3,no
34532635,pubmed,A new era has begun: Treatment of atopic dermatitis with biologics.,https://pubmed.ncbi.nlm.nih.gov/34532635/,dupilumab; tralokinumab,,,2,si
34532636,pubmed,Status report on the atopic dermatitis registry TREATgermany.,https://pubmed.ncbi.nlm.nih.gov/34532636/,dupilumab,,,4,no
34532638,pubmed,Janus kinase inhibitors for the therapy of atopic dermatitis.,https://pubmed.ncbi.nlm.nih.gov/34532638/,upadacitinib; baricitinib; abrocitinib; delgocitinib,,,2,si
34533820,pubmed,"Safety profile of Dupilumab during pregnancy: a data mining and disproportionality analysis of over 37,000 reports from the WHO individual case safety reporting database (VigiBase™).",https://pubmed.ncbi.nlm.nih.gov/34533820/,dupilumab,,,3,si
34540860,pubmed,Systematic Review on the Efficacy and Safety of Oral Janus Kinase Inhibitors for the Treatment of Atopic Dermatitis.,https://pubmed.ncbi.nlm.nih.gov/34540860/,upadacitinib; baricitinib; abrocitinib,,,4,si
34549488,pubmed,Dupilumab facial redness: Clinical characteristics and proposed treatment in a cohort.,https://pubmed.ncbi.nlm.nih.gov/34549488/,dupilumab,,,1,no
34553800,pubmed,Face atopic dermatitis resistant to dupilumab: a case series of three patients successfully treated with upadacitinib.,https://pubmed.ncbi.nlm.nih.gov/34553800/,dupilumab; upadacitinib,,,1,si
34556244,pubmed,The Use of Biologics During the COVID-19 Pandemic.,https://pubmed.ncbi.nlm.nih.gov/34556244/,atopic_dermatitis,,,2,no
34560194,pubmed,Dupilumab-induced ocular surface disease: A systematic review.,https://pubmed.ncbi.nlm.nih.gov/34560194/,dupilumab,,,1,no
34572281,pubmed,The Role of Dupilumab in Severe Asthma.,https://pubmed.ncbi.nlm.nih.gov/34572281/,dupilumab,,,3,no
34575076,pubmed,Short-Term Effectiveness and Safety of Biologics and Small Molecule Drugs for Moderate to Severe Atopic Dermatitis: A Systematic Review and Network Meta-Analysis.,https://pubmed.ncbi.nlm.nih.gov/34575076/,upadacitinib; baricitinib; abrocitinib,,,6,si
34593266,pubmed,104-week safety and effectiveness of dupilumab in the treatment of severe atopic dermatitis. The experience of 5 reference dermatology units in Spain.,https://pubmed.ncbi.nlm.nih.gov/34593266/,dupilumab,,,1,no
34594115,pubmed,Short-Term Evaluation of Dupilumab Effects in Patients with Severe Asthma and Nasal Polyposis.,https://pubmed.ncbi.nlm.nih.gov/34594115/,dupilumab,,,4,no
34600033,pubmed,"Special editorial: When prescribing Janus kinase inhibitors for dermatologic conditions, be mindful of the Food and Drug Administration's September 1, 2021, data safety communication.",https://pubmed.ncbi.nlm.nih.gov/34600033/,atopic_dermatitis,,,1,no
34604321,pubmed,Netherton Syndrome: Case Report and Review of the Literature.,https://pubmed.ncbi.nlm.nih.gov/34604321/,dupilumab,,,3,no
34608625,pubmed,Eruptive keratoacanthomas associated with dupilumab therapy.,https://pubmed.ncbi.nlm.nih.gov/34608625/,dupilumab,,,1,no
34609462,pubmed,Oral Upadacitinib Beats Subcutaneous Dupilumab for Atopic Dermatitis.,https://pubmed.ncbi.nlm.nih.gov/34609462/,dupilumab; upadacitinib,,,1,no
34609537,pubmed,[Hair growth with dupilumab in alopecia areata universalis and atopic dermatitis].,https://pubmed.ncbi.nlm.nih.gov/34609537/,dupilumab,,,4,no
34618162,pubmed,Dupilumab Provides Rapid and Sustained Clinically Meaningful Responses in Adults with Moderate-to-severe Atopic Dermatitis.,https://pubmed.ncbi.nlm.nih.gov/34618162/,dupilumab,,,3,no
34620047,pubmed,Efficacy of biologics and oral small molecules for atopic dermatitis: a systematic review and meta-analysis.,https://pubmed.ncbi.nlm.nih.gov/34620047/,dupilumab; lebrikizumab; upadacitinib; abrocitinib,,,3,no
34626023,pubmed,Analysis of cytokines in tear fluid from atopic dermatitis patients with dupilumab-associated ocular adverse events.,https://pubmed.ncbi.nlm.nih.gov/34626023/,dupilumab,,,1,no
34633064,pubmed,Sexual dysfunction in a cohort of patients with moderate-to-severe atopic dermatitis. Influence of dupilumab treatment.,https://pubmed.ncbi.nlm.nih.gov/34633064/,dupilumab,,,4,no
34636512,pubmed,The Psychosocial Burden Associated With and Effective Treatment Approach for Atopic Dermatitis: A Literature Review.,https://pubmed.ncbi.nlm.nih.gov/34636512/,dupilumab,,,3,no
34636516,pubmed,Successful Treatment of Brunsting-Perry Cicatricial Pemphigoid With Dupilumab.,https://pubmed.ncbi.nlm.nih.gov/34636516/,dupilumab,,,2,no
34637142,pubmed,Conjunctivitis in adult patients with moderate-to-severe atopic dermatitis: results from five tralokinumab clinical trials.,https://pubmed.ncbi.nlm.nih.gov/34637142/,tralokinumab,,,3,si
34637151,pubmed,Effects of Renal Impairment on the Pharmacokinetics of Abrocitinib and Its Metabolites.,https://pubmed.ncbi.nlm.nih.gov/34637151/,abrocitinib,,,4,no
34638722,pubmed,From Emollients to Biologicals: Targeting Atopic Dermatitis.,https://pubmed.ncbi.nlm.nih.gov/34638722/,atopic_dermatitis,,,1,no
34642091,pubmed,Strategies for choosing a biologic for your patient with allergy or asthma.,https://pubmed.ncbi.nlm.nih.gov/34642091/,dupilumab,,,4,no
34643956,pubmed,Effects of systemic therapies on pruritus in adults with atopic dermatitis: a systematic review and meta-analysis.,https://pubmed.ncbi.nlm.nih.gov/34643956/,dupilumab; nemolizumab,,,4,no
34647194,pubmed,Risk of COVID-19 and its complications in patients with atopic dermatitis undergoing dupilumab treatment-a population-based cohort study.,https://pubmed.ncbi.nlm.nih.gov/34647194/,dupilumab,,,3,no
34647354,pubmed,Psoriasiform dermatitis during dupilumab treatment for moderate-to-severe atopic dermatitis in children.,https://pubmed.ncbi.nlm.nih.gov/34647354/,dupilumab,,,3,no
34655234,pubmed,Acute spondyloarthritis developing during successful treatment with dupilumab for severe atopic dermatitis.,https://pubmed.ncbi.nlm.nih.gov/34655234/,dupilumab,,,1,no
34688290,pubmed,"Psychometric properties of the itch numeric rating scale, skin pain numeric rating scale, and atopic dermatitis sleep scale in adult patients with moderate-to-severe atopic dermatitis.",https://pubmed.ncbi.nlm.nih.gov/34688290/,baricitinib,,,5,si
34698371,pubmed,"Tralokinumab plus topical corticosteroids in adults with severe atopic dermatitis and inadequate response to or intolerance of ciclosporin A: a placebo-controlled, randomized, phase III clinical trial (ECZTRA 7).",https://pubmed.ncbi.nlm.nih.gov/34698371/,tralokinumab,,,4,si
34704230,pubmed,Perception and Experience of Biologic Therapy in Atopic Dermatitis: A Qualitative Focus Group Study of Physicians and Patients in Europe and Canada.,https://pubmed.ncbi.nlm.nih.gov/34704230/,dupilumab,,,4,si
34704942,pubmed,Impact of the COVID-19 pandemic and lockdown on the clinical response to dupilumab treatment and the psychological status of non-infected atopic patients.,https://pubmed.ncbi.nlm.nih.gov/34704942/,dupilumab,,,3,no
34710866,pubmed,Therapeutic Impact and Management of Persistent Head and Neck Atopic Dermatitis in Dupilumab-Treated Patients.,https://pubmed.ncbi.nlm.nih.gov/34710866/,dupilumab,,,2,si
34714527,pubmed,Dupilumab Treatment Provides Sustained Improvements Over 2 Years in Symptoms and Quality of Life in Adults with Atopic Dermatitis.,https://pubmed.ncbi.nlm.nih.gov/34714527/,dupilumab,,,3,no
34720031,pubmed,When topical therapy of atopic dermatitis fails: a guide for the clinician.,https://pubmed.ncbi.nlm.nih.gov/34720031/,atopic_dermatitis,,,3,no
34721386,pubmed,Drug Repurposing for Atopic Dermatitis by Integration of Gene Networking and Genomic Information.,https://pubmed.ncbi.nlm.nih.gov/34721386/,dupilumab; tralokinumab; lebrikizumab,,,3,no
34726262,pubmed,"Nemolizumab plus topical agents in patients with atopic dermatitis (AD) and moderate-to-severe pruritus provide improvement in pruritus and signs of AD for up to 68 weeks: results from two phase III, long-term studies.",https://pubmed.ncbi.nlm.nih.gov/34726262/,nemolizumab,,,4,si
34726270,pubmed,IGAxBSA composite for assessing disease severity and response in patients with atopic dermatitis.,https://pubmed.ncbi.nlm.nih.gov/34726270/,dupilumab,,,4,si
34735321,pubmed,Dupilumab-Induced Facial Flushing After Alcohol Consumption.,https://pubmed.ncbi.nlm.nih.gov/34735321/,dupilumab,,,1,no
34737108,pubmed,COVID-19 Symptoms Are Attenuated in Moderate-to-Severe Atopic Dermatitis Patients Treated with Dupilumab.,https://pubmed.ncbi.nlm.nih.gov/34737108/,dupilumab,,,4,no
34743361,pubmed,"Impact of oral abrocitinib on signs, symptoms and quality of life among adolescents with moderate-to-severe atopic dermatitis: an analysis of patient-reported outcomes.",https://pubmed.ncbi.nlm.nih.gov/34743361/,abrocitinib,,,4,si
34743366,pubmed,Real-life effectiveness and safety of dupilumab in adult patients with moderate-to-severe atopic dermatitis.,https://pubmed.ncbi.nlm.nih.gov/34743366/,dupilumab,,,2,no
34755964,pubmed,Dupilumab in HIV-positive patients with atopic dermatitis: a long-term follow-up patient and a literature review.,https://pubmed.ncbi.nlm.nih.gov/34755964/,dupilumab,,,3,no
34755978,pubmed,Dupilumab for the treatment of nivolumab-induced bullous pemphigoid: a case report and review of the literature.,https://pubmed.ncbi.nlm.nih.gov/34755978/,dupilumab,,,2,no
34758685,pubmed,The evolving atopic dermatitis management landscape.,https://pubmed.ncbi.nlm.nih.gov/34758685/,dupilumab; tralokinumab; upadacitinib; baricitinib; abrocitinib; crisaborole; delgocitinib,,,3,no
34767181,pubmed,Efficacy of Dupilumab in Atopic Dermatitis: The Patient's Perspective.,https://pubmed.ncbi.nlm.nih.gov/34767181/,dupilumab,,,5,no
34775830,pubmed,Comparing abrocitinib and dupilumab in the treatment of atopic dermatitis: a plain language summary.,https://pubmed.ncbi.nlm.nih.gov/34775830/,dupilumab; abrocitinib,,,3,si
34778498,pubmed,Lethal anaplastic large-cell lymphoma occurring in a patient treated with dupilumab.,https://pubmed.ncbi.nlm.nih.gov/34778498/,dupilumab,,,1,no
34779063,pubmed,Patient-reported outcomes from the JADE COMPARE randomized phase 3 study of abrocitinib in adults with moderate-to-severe atopic dermatitis.,https://pubmed.ncbi.nlm.nih.gov/34779063/,dupilumab; abrocitinib,,,3,si
34799224,pubmed,Unexpected connections of the IL-23/IL-17 and IL-4/IL-13 cytokine axes in inflammatory arthritis and enthesitis.,https://pubmed.ncbi.nlm.nih.gov/34799224/,atopic_dermatitis,,,3,no
34806137,pubmed,Dupilumab with Topical Corticosteroids Provides Rapid and Sustained Improvement in Adults with Moderate-to-Severe Atopic Dermatitis Across Anatomic Regions Over 52 Weeks.,https://pubmed.ncbi.nlm.nih.gov/34806137/,dupilumab,,,3,si
34807428,pubmed,Abrocitinib: First Approval.,https://pubmed.ncbi.nlm.nih.gov/34807428/,abrocitinib,,,2,si
34807480,pubmed,A rare case of vernal keratoconjunctivitis in a patient with atopic dermatitis treated with tralokinumab.,https://pubmed.ncbi.nlm.nih.gov/34807480/,tralokinumab,,,1,no
34815171,pubmed,Innovation in the treatment of atopic dermatitis: Emerging topical and oral Janus kinase inhibitors.,https://pubmed.ncbi.nlm.nih.gov/34815171/,upadacitinib; baricitinib; abrocitinib; ruxolitinib,,,3,si
34821976,pubmed,[Regional variations in healthcare for patients with psoriasis and atopic dermatitis in Germany].,https://pubmed.ncbi.nlm.nih.gov/34821976/,dupilumab,,,7,no
34828623,pubmed,Baricitinib: The First Jak Inhibitor Approved in Europe for the Treatment of Moderate to Severe Atopic Dermatitis in Adult Patients.,https://pubmed.ncbi.nlm.nih.gov/34828623/,baricitinib,,,3,si
34843182,pubmed,Prevalence and Characteristics of Dupilumab-Induced Ocular Surface Disease in Adults With Atopic Dermatitis.,https://pubmed.ncbi.nlm.nih.gov/34843182/,dupilumab,,,3,no
34846636,pubmed,Clinical Tailoring of Baricitinib 2 mg in Atopic Dermatitis: Baseline Body Surface Area and Rapid Onset of Action Identifies Response at Week 16.,https://pubmed.ncbi.nlm.nih.gov/34846636/,baricitinib,,,4,si
34856015,pubmed,Severe atopic dermatitis treated successfully with dupilumab throughout pregnancy.,https://pubmed.ncbi.nlm.nih.gov/34856015/,dupilumab,,,1,no
34858001,pubmed,Consensus Update for Systemic Treatment of Atopic Dermatitis.,https://pubmed.ncbi.nlm.nih.gov/34858001/,dupilumab,,,3,no
34875493,pubmed,Simultaneous measurement of upadacitinib and methotrexate by UPLC-MS/MS and its pharmacokinetic application in rats.,https://pubmed.ncbi.nlm.nih.gov/34875493/,upadacitinib,,,4,no
34876623,pubmed,A 52 weeks dupilumab treatment for moderate to severe atopic dermatitis in Korea: long-term efficacy and safety in real world.,https://pubmed.ncbi.nlm.nih.gov/34876623/,dupilumab,,,2,si
34897582,pubmed,Continued Treatment with Dupilumab is Associated with Improved Efficacy in Adults with Moderate-to-Severe Atopic Dermatitis Not Achieving Optimal Responses with Short-Term Treatment.,https://pubmed.ncbi.nlm.nih.gov/34897582/,dupilumab,,,4,si
34900210,pubmed,Skin barrier status during dupilumab treatment in patients with severe atopic dermatitis.,https://pubmed.ncbi.nlm.nih.gov/34900210/,dupilumab,,,4,no
34905073,pubmed,[Inappropriate systemic therapy in severe atopic dermatitis-severe long-term damage].,https://pubmed.ncbi.nlm.nih.gov/34905073/,dupilumab; tralokinumab; upadacitinib; baricitinib,,,4,no
34909707,pubmed,Dupilumab Effects on Innate Lymphoid Cell and Helper T Cell Populations in Patients with Atopic Dermatitis.,https://pubmed.ncbi.nlm.nih.gov/34909707/,dupilumab,,,2,no
34909737,pubmed,A Literature Review of Real-World Effectiveness and Safety of Dupilumab for Atopic Dermatitis.,https://pubmed.ncbi.nlm.nih.gov/34909737/,dupilumab,,,2,si
34910086,pubmed,Treatment Outcomes Associated With Dupilumab Use in Patients With Atopic Dermatitis: 1-Year Results From the RELIEVE-AD Study.,https://pubmed.ncbi.nlm.nih.gov/34910086/,dupilumab,,,5,no
34918342,pubmed,Dupilumab Adverse Events in Nasal Polyp Treatment: Analysis of FDA Adverse Event Reporting System.,https://pubmed.ncbi.nlm.nih.gov/34918342/,dupilumab,,,3,no
34919093,pubmed,[Novel therapies in the treatment of atopic dermatitis].,https://pubmed.ncbi.nlm.nih.gov/34919093/,dupilumab; tralokinumab; lebrikizumab; nemolizumab; upadacitinib; baricitinib; abrocitinib,,,3,no
34920828,pubmed,Impact of COVID-19 on patients with atopic dermatitis.,https://pubmed.ncbi.nlm.nih.gov/34920828/,dupilumab,,,3,no
34928552,pubmed,Corneal Perforation in Patients Under Treatment With Dupilumab for Atopic Dermatitis.,https://pubmed.ncbi.nlm.nih.gov/34928552/,dupilumab,,,3,no
34933583,pubmed,Dupilumab facial redness: histologic characterization on a series of four cases.,https://pubmed.ncbi.nlm.nih.gov/34933583/,dupilumab,,,1,no
34935619,pubmed,"A Reply to ""Efficacy and Safety of Nemolizumab for Treatment of Adult Atopic Dermatitis"".",https://pubmed.ncbi.nlm.nih.gov/34935619/,nemolizumab,,,1,no
34943362,pubmed,Barrier Impairment and Type 2 Inflammation in Allergic Diseases: The Pediatric Perspective.,https://pubmed.ncbi.nlm.nih.gov/34943362/,dupilumab,,,3,no
34948183,pubmed,Safety and Danger Considerations of Novel Treatments for Atopic Dermatitis in Context of Primary Cutaneous Lymphomas.,https://pubmed.ncbi.nlm.nih.gov/34948183/,dupilumab; tralokinumab; nemolizumab; upadacitinib; baricitinib; abrocitinib; ruxolitinib,,,3,no
34953055,pubmed,Dupilumab may be an alternative option in the treatment of acquired reactive perforating collagenosis combined with AD.,https://pubmed.ncbi.nlm.nih.gov/34953055/,dupilumab,,,1,no
34962052,pubmed,"JAK-inhibitors in dermatology - small molecules, big impact? Overview of the mechanism of action, previous study results and potential adverse effects.",https://pubmed.ncbi.nlm.nih.gov/34962052/,upadacitinib; baricitinib; abrocitinib,,,2,si
34983111,pubmed,One-Year Effectiveness and Safety of Dupilumab Treatment for Moderate-to-Severe Atopic Dermatitis in Korean Patients: A Real-World Retrospective Analysis.,https://pubmed.ncbi.nlm.nih.gov/34983111/,dupilumab,,,4,no
34988493,pubmed,"A phase 3 randomized, multicenter, double-blind study to evaluate the safety of upadacitinib in combination with topical corticosteroids in adolescent and adult patients with moderate-to-severe atopic dermatitis in Japan (Rising Up): An interim 24-week analysis.",https://pubmed.ncbi.nlm.nih.gov/34988493/,upadacitinib,,,4,si
34991429,pubmed,Biological medication in atopic dermatitis.,https://pubmed.ncbi.nlm.nih.gov/34991429/,dupilumab; tralokinumab; nemolizumab,,,2,no
34994968,pubmed,Consistency of Response to Dupilumab in Adults with Moderate-to-Severe Atopic Dermatitis Over 1 Year.,https://pubmed.ncbi.nlm.nih.gov/34994968/,dupilumab,,,1,no
35015914,pubmed,Phenotypic switch from atopic dermatitis to psoriasis during treatment with upadacitinib.,https://pubmed.ncbi.nlm.nih.gov/35015914/,dupilumab; upadacitinib,,,1,si
35023315,pubmed,Mechanistic modeling of a human IgG(4) monoclonal antibody (tralokinumab) Fab-arm exchange with endogenous IgG(4) in healthy volunteers.,https://pubmed.ncbi.nlm.nih.gov/35023315/,tralokinumab,,,2,no
35024236,pubmed,The New Era of Biologics in Atopic Dermatitis: A Review.,https://pubmed.ncbi.nlm.nih.gov/35024236/,dupilumab,,,2,si
35024237,pubmed,"Janus Kinase Inhibitors for the Treatment of Atopic Dermatitis: Focus on Abrocitinib, Baricitinib, and Upadacitinib.",https://pubmed.ncbi.nlm.nih.gov/35024237/,upadacitinib; baricitinib; abrocitinib,,,2,si
35029349,pubmed,Characterization of Residual Facial Dermatitis during Dupilumab Therapy: A Retrospective Chart Review to Delineate the Potential Role of Expanded Series Patch Testing.,https://pubmed.ncbi.nlm.nih.gov/35029349/,dupilumab,,,3,no
35032695,pubmed,Dupilumab Treatment Reduces Hospitalizations in Adults With Moderate-to-Severe Atopic Dermatitis.,https://pubmed.ncbi.nlm.nih.gov/35032695/,dupilumab,,,3,no
35038377,pubmed,Evaluation of adult patients with atopic dermatitis treated with dupilumab: A single-center real-life experience.,https://pubmed.ncbi.nlm.nih.gov/35038377/,dupilumab,,,6,no
35041213,pubmed,The contribution of itch and skin severity improvements to the Dermatology Life Quality Index in patients with atopic dermatitis in baricitinib phase III trials.,https://pubmed.ncbi.nlm.nih.gov/35041213/,baricitinib,,,1,no
35044007,pubmed,Spontaneous resolution of Verruca Vulgaris in a paediatric atopic dermatitis patient treated with dupilumab.,https://pubmed.ncbi.nlm.nih.gov/35044007/,dupilumab,,,1,no
35048522,pubmed,Dupilumab for the treatment of atopic dermatitis in transplant patients: Two case reports and literature review.,https://pubmed.ncbi.nlm.nih.gov/35048522/,dupilumab,,,1,no
35059267,pubmed,Dupilumab-related type 1 diabetes in a patient with atopic dermatitis: a case report.,https://pubmed.ncbi.nlm.nih.gov/35059267/,dupilumab,,,3,no
35061234,pubmed,Population Pharmacokinetics of Abrocitinib in Healthy Individuals and Patients with Psoriasis or Atopic Dermatitis.,https://pubmed.ncbi.nlm.nih.gov/35061234/,abrocitinib,,,4,si
35078645,pubmed,"[Dupilumab-related blepharoconjunctivitis: Recommendations of the CEDRE group. Atopic dermatitis, conjunctivitis and dupilumab: Which management approach?].",https://pubmed.ncbi.nlm.nih.gov/35078645/,dupilumab,,,3,no
35080304,pubmed,Rapid response to dupilumab treatment in children with moderate-to-severe atopic dermatitis: A case series.,https://pubmed.ncbi.nlm.nih.gov/35080304/,dupilumab,,,2,no
35081305,pubmed,"Janus Kinase and Tyrosine Kinase Inhibitors in Dermatology: A Review of Their Utilization, Safety Profile and Future Applications.",https://pubmed.ncbi.nlm.nih.gov/35081305/,upadacitinib; abrocitinib; ruxolitinib,,,3,no
35081849,pubmed,Biological agents targeting interleukin-13 for atopic dermatitis.,https://pubmed.ncbi.nlm.nih.gov/35081849/,tralokinumab; lebrikizumab,,,2,no
35083493,pubmed,Treatment of Atopic Dermatitis with Baricitinib: First Real-life Experience.,https://pubmed.ncbi.nlm.nih.gov/35083493/,baricitinib,,,1,si
35083774,pubmed,Infections in children and adolescents treated with dupilumab in pediatric clinical trials for atopic dermatitis-A pooled analysis of trial data.,https://pubmed.ncbi.nlm.nih.gov/35083774/,dupilumab,,,4,si
35083945,pubmed,Dupilumab for atopic dermatitis: a real-world Portuguese multicenter retrospective study.,https://pubmed.ncbi.nlm.nih.gov/35083945/,dupilumab,,,3,no
35085819,pubmed,Improvement in eosinophilic esophagitis when using dupilumab for other indications or compassionate use.,https://pubmed.ncbi.nlm.nih.gov/35085819/,dupilumab,,,4,no
35086348,pubmed,Onset of Symptom Relief Reported in Daily Diaries of Patients With Atopic Dermatitis Treated With Baricitinib in a United States Clinical Trial (BREEZE-AD5).,https://pubmed.ncbi.nlm.nih.gov/35086348/,baricitinib,,,3,si
35088348,pubmed,"Pharmacokinetics, Safety, Efficacy, and Biomarker Profiles During Nemolizumab Treatment of Atopic Dermatitis in Adolescents.",https://pubmed.ncbi.nlm.nih.gov/35088348/,nemolizumab,,,5,si
35094480,pubmed,A case of dupilumab-induced reverse psoriasis in a patient with atopic dermatitis.,https://pubmed.ncbi.nlm.nih.gov/35094480/,dupilumab,,,1,no
35097179,pubmed,Pyoderma gangrenosum developing in a patient treated with dupilumab.,https://pubmed.ncbi.nlm.nih.gov/35097179/,dupilumab,,,1,no
35098318,pubmed,Identification of Risk Factors for Dupilumab-associated Ocular Surface Disease in Patients with Atopic Dermatitis.,https://pubmed.ncbi.nlm.nih.gov/35098318/,dupilumab,,,2,no
35100490,pubmed,Is dupilumab effective in adult-onset atopic dermatitis: Real-life experience of 16 patients.,https://pubmed.ncbi.nlm.nih.gov/35100490/,dupilumab,,,3,no
35103361,pubmed,Disseminated tinea corporis under baricitinib therapy for atopic dermatitis.,https://pubmed.ncbi.nlm.nih.gov/35103361/,baricitinib,,,1,no
35115035,pubmed,The use of dupilumab in severe atopic dermatitis during pregnancy: a case report.,https://pubmed.ncbi.nlm.nih.gov/35115035/,dupilumab,,,2,no
35118128,pubmed,Remission of Alopecia Universalis after 1 Year of Treatment with Dupilumab in a Patient with Severe Atopic Dermatitis.,https://pubmed.ncbi.nlm.nih.gov/35118128/,dupilumab,,,2,no
35122335,pubmed,Dupilumab ocular side effects in patients with atopic dermatitis: a systematic review.,https://pubmed.ncbi.nlm.nih.gov/35122335/,dupilumab,,,4,si
35127078,pubmed,Multidisciplinary management of type 2 inflammatory diseases.,https://pubmed.ncbi.nlm.nih.gov/35127078/,dupilumab,,,5,no
35128157,pubmed,Topical treatment of dupilumab-associated refractory conjunctivitis and keratitis.,https://pubmed.ncbi.nlm.nih.gov/35128157/,dupilumab,,,2,no
35133105,pubmed,Nonresponse and Progression of Diffuse Keloids to Dupilumab Therapy.,https://pubmed.ncbi.nlm.nih.gov/35133105/,dupilumab,,,2,no
35146480,pubmed,Identification of Keratinocyte Mitogens: Implications for Hyperproliferation in Psoriasis and Atopic Dermatitis.,https://pubmed.ncbi.nlm.nih.gov/35146480/,dupilumab,,,4,no
35170381,pubmed,Dupilumab for the treatment of atopic dermatitis: real-world data from the Czech Republic BIOREP registry.,https://pubmed.ncbi.nlm.nih.gov/35170381/,dupilumab,,,3,no
35170520,pubmed,Incidence of Bacterial and Nonbacterial Conjunctivitis in Patients With Atopic Dermatitis Treated With Dupilumab: A US Multidatabase Cohort Study.,https://pubmed.ncbi.nlm.nih.gov/35170520/,dupilumab,,,4,no
35170524,pubmed,Systemic Therapy for Atopic Dermatitis in Older Adults and Adults With Comorbidities: A Scoping Review and International Eczema Council Survey.,https://pubmed.ncbi.nlm.nih.gov/35170524/,dupilumab,,,3,no
35174052,pubmed,Acral erythema arising in patients with atopic dermatitis after dupilumab therapy: A case report of 3 patients.,https://pubmed.ncbi.nlm.nih.gov/35174052/,dupilumab,,,2,no
35174593,pubmed,The efficacy and safety of dupilumab for the treatment of atopic dermatitis among Chinese patients in clinical practice: A single-center retrospective study.,https://pubmed.ncbi.nlm.nih.gov/35174593/,dupilumab,,,3,no
35181280,pubmed,Dupilumab-associated ocular manifestations: A review of clinical presentations and management.,https://pubmed.ncbi.nlm.nih.gov/35181280/,dupilumab,,,2,no
35182548,pubmed,Blood transcriptome profiling identifies 2 candidate endotypes of atopic dermatitis.,https://pubmed.ncbi.nlm.nih.gov/35182548/,dupilumab,,,4,si
35194901,pubmed,De novo pustular psoriasis associated with dupilumab therapy in a young male with the diagnosis of atopic dermatitis.,https://pubmed.ncbi.nlm.nih.gov/35194901/,dupilumab,,,1,no
35207586,pubmed,Study of Hypersensitivity to Malassezia furfur in Patients with Atopic Dermatitis with Head and Neck Pattern: Is It Useful as a Biomarker and Therapeutic Indicator in These Patients?,https://pubmed.ncbi.nlm.nih.gov/35207586/,dupilumab,,,3,no
35210803,pubmed,"Cholinergic Urticaria, an Effective and Safe ""Off Label"" Use of Dupilumab: A Case Report with Literature Review.",https://pubmed.ncbi.nlm.nih.gov/35210803/,dupilumab,,,3,no
35218275,pubmed,Impact on health-related quality of life and symptoms of anxiety and depression after 32 weeks of Dupilumab treatment for moderate-to-severe atopic dermatitis.,https://pubmed.ncbi.nlm.nih.gov/35218275/,dupilumab,,,3,no
35220632,pubmed,"Clinical, trichoscopic and in vivo reflectance confocal microscopy evaluation of alopecia areata in atopic dermatitis patients treated with dupilumab.",https://pubmed.ncbi.nlm.nih.gov/35220632/,atopic_dermatitis,,,1,no
35222408,pubmed,A Novel Combined Use of Dupilumab for Treatment of Aggressive Refractory Pemphigus Vulgaris Complicated With Pulmonary Tuberculosis: A Case Report and the RNA-seq Analysis.,https://pubmed.ncbi.nlm.nih.gov/35222408/,dupilumab,,,4,no
35223191,pubmed,Topical and Conventional Systemic Treatments in Atopic Dermatitis: Have They Gone Out of Fashion?,https://pubmed.ncbi.nlm.nih.gov/35223191/,dupilumab,,,1,no
35224748,pubmed,Development of systemic lupus erythematosus after dupilumab treatment in a case of atopic dermatitis.,https://pubmed.ncbi.nlm.nih.gov/35224748/,dupilumab,,,3,no
35226304,pubmed,"Assessment of the Effects of Inhibition or Induction of CYP2C19 and CYP2C9 Enzymes, or Inhibition of OAT3, on the Pharmacokinetics of Abrocitinib and Its Metabolites in Healthy Individuals.",https://pubmed.ncbi.nlm.nih.gov/35226304/,abrocitinib,,,3,si
35238115,pubmed,Long-term real-world experience of the side effects of dupilumab in 128 patients with atopic dermatitis and related conditions aged 6 years and above: Retrospective chart analysis from a single tertiary care center.,https://pubmed.ncbi.nlm.nih.gov/35238115/,dupilumab,,,4,no
35240144,pubmed,"Mechanistic insights into the antipruritic effects of lebrikizumab, an anti-IL-13 mAb.",https://pubmed.ncbi.nlm.nih.gov/35240144/,lebrikizumab,,,3,si
35242969,pubmed,Exacerbation of IgA nephropathy in a patient receiving dupilumab.,https://pubmed.ncbi.nlm.nih.gov/35242969/,dupilumab,,,1,no
35243667,pubmed,A rare presentation of herpes simplex virus encephalitis occurring in a pediatric patient on dupilumab for atopic dermatitis.,https://pubmed.ncbi.nlm.nih.gov/35243667/,dupilumab,,,1,no
35254758,pubmed,Analysis of Reddit Reveals Dupilumab Questions Among Atopic Dermatitis Patients.,https://pubmed.ncbi.nlm.nih.gov/35254758/,dupilumab,,,3,no
35254760,pubmed,Pustular Psoriasis Appearing Induced by Dupilumab Therapy in a Patient With Atopic Dermatitis.,https://pubmed.ncbi.nlm.nih.gov/35254760/,dupilumab,,,1,no
35255779,pubmed,Use of systemic therapies in adults with atopic dermatitis: 12-month results from the European prospective observational study in patients eligible for systemic therapy for atopic dermatitis (EUROSTAD).,https://pubmed.ncbi.nlm.nih.gov/35255779/,dupilumab,,,3,no
35259535,pubmed,Dupilumab Demonstrates Rapid Onset of Response Across Three Type 2 Inflammatory Diseases.,https://pubmed.ncbi.nlm.nih.gov/35259535/,dupilumab,,,3,no
35261333,pubmed,Elevation of peripheral blood eosinophils during dupilumab treatment for atopic dermatitis is associated with baseline comorbidities and development of facial redness dermatitis and ocular surface disease.,https://pubmed.ncbi.nlm.nih.gov/35261333/,dupilumab,,,4,no
35262646,pubmed,Efficacy and Safety of Upadacitinib in Patients With Moderate to Severe Atopic Dermatitis: Analysis of Follow-up Data From the Measure Up 1 and Measure Up 2 Randomized Clinical Trials.,https://pubmed.ncbi.nlm.nih.gov/35262646/,upadacitinib,,,5,si
35274879,pubmed,The effects of dupilumab treatment on general health-related work productivity of adult atopic patients.,https://pubmed.ncbi.nlm.nih.gov/35274879/,dupilumab,,,3,no
35275334,pubmed,Dupilumab-Associated Adverse Events During Treatment of Allergic Diseases.,https://pubmed.ncbi.nlm.nih.gov/35275334/,dupilumab,,,3,no
35278283,pubmed,Pharmacokinetics of Subcutaneous Dupilumab Injection With an Autoinjector Device or Prefilled Syringe.,https://pubmed.ncbi.nlm.nih.gov/35278283/,dupilumab,,,3,no
35279856,pubmed,The long-term effect of dupilumab on chronic hand eczema in patients with moderate to severe atopic dermatitis-52 week results from the Dutch BioDay Registry.,https://pubmed.ncbi.nlm.nih.gov/35279856/,dupilumab,,,3,si
35280851,pubmed,Early effectiveness of type-2 severe asthma treatment with dupilumab in a real-life setting; a FeNO-driven choice that leads to winning management.,https://pubmed.ncbi.nlm.nih.gov/35280851/,dupilumab,,,5,no
35287230,pubmed,Prescription Market Share and Treatment Patterns in Atopic Dermatitis: A Retrospective Observational Study Using US Insurance Claims.,https://pubmed.ncbi.nlm.nih.gov/35287230/,dupilumab,,,3,si
35288275,pubmed,Optimizing topical management of atopic dermatitis.,https://pubmed.ncbi.nlm.nih.gov/35288275/,dupilumab; ruxolitinib; crisaborole,,,4,no
35293977,pubmed,Systemic Immunomodulatory Treatments for Atopic Dermatitis: Update of a Living Systematic Review and Network Meta-analysis.,https://pubmed.ncbi.nlm.nih.gov/35293977/,dupilumab; tralokinumab; upadacitinib; baricitinib; abrocitinib,,,6,si
35296105,pubmed,A pragmatic guide to choosing biologic therapies in severe asthma.,https://pubmed.ncbi.nlm.nih.gov/35296105/,dupilumab,,,3,no
35297025,pubmed,Rapidity of Improvement in Signs/Symptoms of Moderate-to-Severe Atopic Dermatitis by Body Region with Abrocitinib in the Phase 3 JADE COMPARE Study.,https://pubmed.ncbi.nlm.nih.gov/35297025/,dupilumab; abrocitinib,,,4,si
35307242,pubmed,Clinical remission of disseminated molluscum contagiosum infection in a patient with atopic dermatitis treated with dupilumab.,https://pubmed.ncbi.nlm.nih.gov/35307242/,dupilumab,,,3,no
35308529,pubmed,Ocular Adverse Effects in Atopic Dermatitis Patients Treated With Dupilumab: A Bibliometric Analysis.,https://pubmed.ncbi.nlm.nih.gov/35308529/,dupilumab,,,3,no
35316850,pubmed,Tralokinumab in Atopic Dermatitis: A Profile of Its Use.,https://pubmed.ncbi.nlm.nih.gov/35316850/,tralokinumab,,,3,si
35318974,pubmed,Assessment and Monitoring Challenges Among Patients With Moderate-to-Severe Atopic Dermatitis Across Fitzpatrick Skin Types: A Photographic Review and Case Series.,https://pubmed.ncbi.nlm.nih.gov/35318974/,upadacitinib,,,2,no
35327681,pubmed,Dupilumab Improves Pruritus in Netherton Syndrome: A Case Study.,https://pubmed.ncbi.nlm.nih.gov/35327681/,dupilumab,,,2,no
35330989,pubmed,Application of Baricitinib in Dermatology.,https://pubmed.ncbi.nlm.nih.gov/35330989/,baricitinib,,,2,no
35338674,pubmed,Dupilumab for the treatment of refractory allergic contact dermatitis from rubber/latex concomitant with atopic dermatitis.,https://pubmed.ncbi.nlm.nih.gov/35338674/,dupilumab,,,1,no
35340733,pubmed,Resolution of dupilumab-associated alopecia areata with dosage modification.,https://pubmed.ncbi.nlm.nih.gov/35340733/,dupilumab,,,1,no
35342978,pubmed,Population pharmacokinetic-pharmacodynamic modelling of platelet time-courses following administration of abrocitinib.,https://pubmed.ncbi.nlm.nih.gov/35342978/,abrocitinib,,,4,si
35344588,pubmed,Evaluation of the Effect of Abrocitinib on Drug Transporters by Integrated Use of Probe Drugs and Endogenous Biomarkers.,https://pubmed.ncbi.nlm.nih.gov/35344588/,abrocitinib,,,4,si
35344634,pubmed,"Real-world efficacy and safety of dupilumab in Chinese patients with atopic dermatitis: a single-centre, prospective, open-label study.",https://pubmed.ncbi.nlm.nih.gov/35344634/,dupilumab,,,4,si
35346880,pubmed,The impact of dupilumab treatment on severe acute respiratory syndrome coronavirus 2-coronavirus disease 2019 antibody responses in patients with atopic dermatitis.,https://pubmed.ncbi.nlm.nih.gov/35346880/,dupilumab,,,1,no
35350765,pubmed,Interleukins 4 and 13 in Asthma: Key Pathophysiologic Cytokines and Druggable Molecular Targets.,https://pubmed.ncbi.nlm.nih.gov/35350765/,dupilumab,,,3,no
35350959,pubmed,Economic evaluation of a JAK inhibitor compared to a monoclonal antibody for treatment of moderate-to-severe atopic dermatitis from a UK perspective.,https://pubmed.ncbi.nlm.nih.gov/35350959/,atopic_dermatitis,,,4,no
35354410,pubmed,"Rapid Improvement in Skin Pain Severity and Its Impact on Quality of Life in Adult Patients With Moderate-to-Severe Atopic Dermatitis From a Double-Blind, Placebo-Controlled Baricitinib Phase 3 Study.",https://pubmed.ncbi.nlm.nih.gov/35354410/,baricitinib,,,4,si
35355217,pubmed,Discordant lymphomas of classic Hodgkin lymphoma and peripheral T-cell lymphoma following dupilumab treatment for atopic dermatitis.,https://pubmed.ncbi.nlm.nih.gov/35355217/,dupilumab,,,3,no
35355606,pubmed,Treatment Guidelines for Atopic Dermatitis Since the Approval of Dupilumab: A Systematic Review and Quality Appraisal Using AGREE-II.,https://pubmed.ncbi.nlm.nih.gov/35355606/,dupilumab,,,4,no
35357060,pubmed,Dupilumab therapy in atopic dermatitis is safe during COVID-19 infection era: A systematic review and meta-analysis of 1611 patients.,https://pubmed.ncbi.nlm.nih.gov/35357060/,dupilumab,,,3,no
35366968,pubmed,Evolving Landscape of Systemic Therapy for Pediatric Atopic Dermatitis.,https://pubmed.ncbi.nlm.nih.gov/35366968/,dupilumab,,,2,no
35377276,pubmed,The suitability of treating atopic dermatitis with Janus kinase inhibitors.,https://pubmed.ncbi.nlm.nih.gov/35377276/,upadacitinib; abrocitinib,,,3,no
35378901,pubmed,Clinical Characteristics and Treatment for Dupilumab-Related Ocular Complications in Atopic Dermatitis Patients.,https://pubmed.ncbi.nlm.nih.gov/35378901/,dupilumab,,,4,no
35391535,pubmed,Effectiveness and safety of dupilumab in adolescents with moderate-to-severe atopic dermatitis: a preliminary report of real-world data.,https://pubmed.ncbi.nlm.nih.gov/35391535/,dupilumab,,,1,no
35393631,pubmed,Dupilumab Provides Rapid and Sustained Improvement in SCORing Atopic Dermatitis Outcomes in Paediatric Patients with Atopic Dermatitis.,https://pubmed.ncbi.nlm.nih.gov/35393631/,dupilumab,,,2,no
35398945,pubmed,Rapid improvement in pruritus in atopic dermatitis patients treated with upadacitinib: a real-life experience.,https://pubmed.ncbi.nlm.nih.gov/35398945/,upadacitinib,,,1,no
35402441,pubmed,Efficacy and Safety of Dupilumab in Chinese Patients With Atopic Dermatitis: A Real-World Study.,https://pubmed.ncbi.nlm.nih.gov/35402441/,dupilumab,,,4,no
35412530,pubmed,Nemolizumab for atopic dermatitis.,https://pubmed.ncbi.nlm.nih.gov/35412530/,nemolizumab,,,2,si
35412683,pubmed,Moderate-to-severe atopic dermatitis in adolescents treated with dupilumab: A multicentre Italian real-world experience.,https://pubmed.ncbi.nlm.nih.gov/35412683/,dupilumab,,,4,si
35421298,pubmed,"Real-life experience in the effectiveness, impact on quality of life and safety of dupilumab treatment in patients with moderate to severe atopic dermatitis in the Czech Republic.",https://pubmed.ncbi.nlm.nih.gov/35421298/,dupilumab,,,4,no
35434859,pubmed,Safety of dupilumab in a 5-month-old infant with severe atopic dermatitis.,https://pubmed.ncbi.nlm.nih.gov/35434859/,dupilumab,,,2,no
35435125,pubmed,Drug survival analysis of dupilumab and cyclosporin in patients with atopic dermatitis: a multicenter study.,https://pubmed.ncbi.nlm.nih.gov/35435125/,dupilumab,,,3,no
35435637,pubmed,Comparative Efficacy of Targeted Systemic Therapies for Moderate to Severe Atopic Dermatitis without Topical Corticosteroids: Systematic Review and Network Meta-analysis.,https://pubmed.ncbi.nlm.nih.gov/35435637/,upadacitinib; abrocitinib,,,5,si
35439608,pubmed,Phase 3 efficacy and safety of abrocitinib in adults with moderate-to-severe atopic dermatitis after switching from dupilumab (JADE EXTEND).,https://pubmed.ncbi.nlm.nih.gov/35439608/,dupilumab; abrocitinib,,,3,si
35442467,pubmed,Topical tacrolimus during systemic therapy for severe atopic dermatitis in the clinical practice.,https://pubmed.ncbi.nlm.nih.gov/35442467/,dupilumab,,,3,no
35442530,pubmed,The Validated Investigator Global Assessment for Atopic Dermatitis (vIGA-AD™): a clinical outcome measure for the severity of atopic dermatitis.,https://pubmed.ncbi.nlm.nih.gov/35442530/,baricitinib,,,4,si
35444421,pubmed,Once-Daily Abrocitinib for the Treatment of Moderate-to-Severe Atopic Dermatitis in Adults and Adolescents Aged 12 Years and Over: A Short Review of Current Clinical Perspectives.,https://pubmed.ncbi.nlm.nih.gov/35444421/,dupilumab; abrocitinib,,,3,si
35447647,pubmed,New Drug for Atopic Dermatitis.,https://pubmed.ncbi.nlm.nih.gov/35447647/,tralokinumab,,,1,no
35450314,pubmed,Real-World Experience of Long-Term Dupilumab Treatment for Atopic Dermatitis in Korea.,https://pubmed.ncbi.nlm.nih.gov/35450314/,dupilumab,,,1,no
35460570,pubmed,Dupilumab-associated psoriasis and psoriasiform dermatitis in patients with atopic dermatitis.,https://pubmed.ncbi.nlm.nih.gov/35460570/,dupilumab,,,1,no
35462358,pubmed,Occupational Chronic Contact Dermatitis Successfully Treated with Dupilumab: A Case Series.,https://pubmed.ncbi.nlm.nih.gov/35462358/,dupilumab,,,2,no
35462428,pubmed,High threshold efficacy responses in moderate-to-severe atopic dermatitis are associated with additional quality of life benefits: pooled analyses of abrocitinib monotherapy studies in adults and adolescents.,https://pubmed.ncbi.nlm.nih.gov/35462428/,abrocitinib,,,5,si
35478478,pubmed,Case report: Dupilumab for the treatment of bullous pemphigoid.,https://pubmed.ncbi.nlm.nih.gov/35478478/,dupilumab,,,2,no
35479518,pubmed,Dupilumab-associated cicatrizing ocular disease.,https://pubmed.ncbi.nlm.nih.gov/35479518/,dupilumab,,,3,no
35484697,pubmed,"Efficacy and safety of baricitinib in combination with topical corticosteroids in patients with moderate-to-severe atopic dermatitis with inadequate response, intolerance or contraindication to ciclosporin: results from a randomized, placebo-controlled, phase III clinical trial (BREEZE-AD4).",https://pubmed.ncbi.nlm.nih.gov/35484697/,baricitinib,,,6,si
35490395,pubmed,An integrated analysis of herpes virus infections from eight randomized clinical studies of baricitinib in adults with moderate-to-severe atopic dermatitis.,https://pubmed.ncbi.nlm.nih.gov/35490395/,baricitinib,,,4,si
35503162,pubmed,Baricitinib: A Review in Moderate to Severe Atopic Dermatitis.,https://pubmed.ncbi.nlm.nih.gov/35503162/,baricitinib,,,3,si
35503163,pubmed,Dupilumab Provides Acceptable Safety and Sustained Efficacy for up to 4 Years in an Open-Label Study of Adults with Moderate-to-Severe Atopic Dermatitis.,https://pubmed.ncbi.nlm.nih.gov/35503163/,dupilumab,,,4,si
35532896,pubmed,Population Pharmacokinetic/Pharmacodynamic Modeling of the Effect of Abrocitinib on QT Intervals in Healthy Volunteers.,https://pubmed.ncbi.nlm.nih.gov/35532896/,abrocitinib,,,3,no
35533031,pubmed,Atopic Dermatitis and the Medications Used for its Management: Impact on Ocular Health.,https://pubmed.ncbi.nlm.nih.gov/35533031/,dupilumab,,,3,no
35535633,pubmed,Facial dermatoses and use of protective mask during Covid-19 pandemic: A clinical and psychological evaluation in patients affected by moderate-severe atopic dermatitis under treatment with dupilumab.,https://pubmed.ncbi.nlm.nih.gov/35535633/,dupilumab,,,4,no
35536445,pubmed,Improvement of dupilumab-associated conjunctivitis after switching to upadacitinib in a patient with atopic dermatitis.,https://pubmed.ncbi.nlm.nih.gov/35536445/,dupilumab; upadacitinib,,,1,no
35538596,pubmed,Keratinocyte EGF signalling dominates in atopic dermatitis lesions: A comparative RNAseq analysis.,https://pubmed.ncbi.nlm.nih.gov/35538596/,dupilumab,,,3,no
35543919,pubmed,Indirect Treatment Comparison of Baricitinib versus Dupilumab in Adults with Moderate-to-Severe Atopic Dermatitis.,https://pubmed.ncbi.nlm.nih.gov/35543919/,dupilumab; baricitinib,,,3,no
35543920,pubmed,Real-World Effectiveness of Dupilumab in Atopic Dermatitis Patients: Analysis of an Electronic Medical Records Dataset.,https://pubmed.ncbi.nlm.nih.gov/35543920/,dupilumab,,,5,no
35558086,pubmed,Safety and Efficacy of Nemolizumab for Atopic Dermatitis With Pruritus: A Systematic Review and Meta-Regression Analysis of Randomized Controlled Trials.,https://pubmed.ncbi.nlm.nih.gov/35558086/,nemolizumab,,,3,si
35567488,pubmed,Dupilumab in a child with severe atopic dermatitis and severe asthma-a rare case with severe limbitis and exercise-induced anaphylaxis.,https://pubmed.ncbi.nlm.nih.gov/35567488/,dupilumab,,,1,no
35567671,pubmed,Long-Term Efficacy and Safety of Dupilumab in Adolescents with Moderate-to-Severe Atopic Dermatitis: Results Through Week 52 from a Phase III Open-Label Extension Trial (LIBERTY AD PED-OLE).,https://pubmed.ncbi.nlm.nih.gov/35567671/,dupilumab,,,6,si
35569006,pubmed,Efficacy of dupilumab in chronic prurigo and chronic idiopathic pruritus: a systematic review of current evidence and analysis of response predictors.,https://pubmed.ncbi.nlm.nih.gov/35569006/,dupilumab,,,7,no
35569129,pubmed,A 24-weeks real-world experience of dupilumab in adolescents with moderate-to-severe atopic dermatitis.,https://pubmed.ncbi.nlm.nih.gov/35569129/,dupilumab,,,4,si
35573014,pubmed,Case Report: The Application of Dupilumab in Atopic Dermatitis Children Complicated With Nephrotic Syndrome.,https://pubmed.ncbi.nlm.nih.gov/35573014/,dupilumab,,,2,no
35575257,pubmed,Severe atopic dermatitis in a 21-month-old boy successfully treated with dupilumab.,https://pubmed.ncbi.nlm.nih.gov/35575257/,dupilumab,,,1,no
35587593,pubmed,Abrocitinib: A New FDA-Approved Drug for Moderate-to-Severe Atopic Dermatitis.,https://pubmed.ncbi.nlm.nih.gov/35587593/,dupilumab; abrocitinib; ruxolitinib,,,3,si
35590038,pubmed,Baseline Demographics and Severity and Burden of Atopic Dermatitis in Adult Patients Initiating Dupilumab Treatment in a Real-World Registry (PROSE).,https://pubmed.ncbi.nlm.nih.gov/35590038/,dupilumab,,,3,no
35590407,pubmed,Effectiveness and safety of dupilumab in patients with chronic rhinosinusitis with nasal polyps and associated comorbidities: a multicentric prospective study in real life.,https://pubmed.ncbi.nlm.nih.gov/35590407/,dupilumab,,,5,no
35608635,pubmed,[Janus kinase inhibitors for the treatment of atopic dermatitis-evaluation of current data and practical experience].,https://pubmed.ncbi.nlm.nih.gov/35608635/,upadacitinib; baricitinib; abrocitinib,,,5,no
35620572,pubmed,Primary eosinophilic gastrointestinal disorders and allergy: Clinical and therapeutic implications.,https://pubmed.ncbi.nlm.nih.gov/35620572/,dupilumab,,,2,no
35636689,pubmed,"Effect of Dupilumab on Blood Eosinophil Counts in Patients With Asthma, Chronic Rhinosinusitis With Nasal Polyps, Atopic Dermatitis, or Eosinophilic Esophagitis.",https://pubmed.ncbi.nlm.nih.gov/35636689/,dupilumab,,,4,si
35640774,pubmed,Predictors of nonresponse to dupilumab in patients with atopic dermatitis: A machine learning analysis.,https://pubmed.ncbi.nlm.nih.gov/35640774/,dupilumab,,,3,si
35644531,pubmed,Management of atopic dermatitis: a narrative review.,https://pubmed.ncbi.nlm.nih.gov/35644531/,dupilumab,,,2,no
35648139,pubmed,[Modern systemic therapies for atopic dermatitis : Which factors determine the choice of therapy?].,https://pubmed.ncbi.nlm.nih.gov/35648139/,dupilumab; tralokinumab; upadacitinib; baricitinib; abrocitinib,,,4,no
35651609,pubmed,Hyper-IgE and Carcinoma in CADINS Disease.,https://pubmed.ncbi.nlm.nih.gov/35651609/,dupilumab,,,4,no
35657197,pubmed,[Atopic dermatitis : the therapeutic revolution is underway].,https://pubmed.ncbi.nlm.nih.gov/35657197/,dupilumab; tralokinumab; upadacitinib; baricitinib,,,3,no
35659797,pubmed,Concurrent Atopic Dermatitis and Psoriasis Vulgaris: Implications for Targeted Biologic Therapy.,https://pubmed.ncbi.nlm.nih.gov/35659797/,dupilumab,,,2,no
35665208,pubmed,Recalcitrant erythrodermic ichthyosis with atopic dermatitis successfully treated with Dupilumab in combination with Guselkumab.,https://pubmed.ncbi.nlm.nih.gov/35665208/,dupilumab,,,2,no
35666661,pubmed,Skin swab detects proteomic changes in non-lesional skin of adults with atopic dermatitis treated with dupilumab.,https://pubmed.ncbi.nlm.nih.gov/35666661/,dupilumab,,,1,no
35670324,pubmed,Dupilumab-induced Acute Generalized Exanthematous Pustulosis in a 17-year-old Female Chinese Patient with Atopic Dermatitis.,https://pubmed.ncbi.nlm.nih.gov/35670324/,dupilumab,,,1,no
35670327,pubmed,Purpuric Drug Eruption in a Patient with Atopic Dermatitis Treated with Dupilumab.,https://pubmed.ncbi.nlm.nih.gov/35670327/,dupilumab,,,1,no
35671038,pubmed,Population Pharmacokinetics of Tralokinumab in Adult Subjects With Moderate to Severe Atopic Dermatitis.,https://pubmed.ncbi.nlm.nih.gov/35671038/,tralokinumab,,,3,si
35671128,pubmed,Treatment of Severe Atopic Dermatitis With Upadacitinib in Clinical Practice: Short-Term Efficacy and Safety Results.,https://pubmed.ncbi.nlm.nih.gov/35671128/,upadacitinib,,,1,si
35674510,pubmed,Dupilumab for Atopic Dermatitis-From Clinical Trials to Molecular and Cellular Mechanisms.,https://pubmed.ncbi.nlm.nih.gov/35674510/,dupilumab,,,2,no
35679017,pubmed,JAK in the [Black] Box: A Dermatology Perspective on Systemic JAK Inhibitor Safety.,https://pubmed.ncbi.nlm.nih.gov/35679017/,upadacitinib; baricitinib; abrocitinib,,,2,si
35680538,pubmed,Real-life experience of upadacitinib for the treatment of adult patients with moderate-to-severe atopic dermatitis - a case series.,https://pubmed.ncbi.nlm.nih.gov/35680538/,upadacitinib,,,1,si
35685998,pubmed,Therapeutic Potential of Tralokinumab in the Treatment of Atopic Dermatitis: A Review on the Emerging Clinical Data.,https://pubmed.ncbi.nlm.nih.gov/35685998/,tralokinumab,,,3,no
35695074,pubmed,Facial erythema in patients with atopic dermatitis treated with Dupilumab - a descriptive study of morphology and Aetiology.,https://pubmed.ncbi.nlm.nih.gov/35695074/,dupilumab,,,4,no
35696987,pubmed,Efficacy and Safety of Multiple Dupilumab Dose Regimens in Patients with Moderate-To-Severe Atopic Dermatitis: A Systematic Review and Network Meta-Analysis of Randomized Controlled Trials.,https://pubmed.ncbi.nlm.nih.gov/35696987/,dupilumab,,,4,no
35699028,pubmed,Characterizing real world safety profile of oral Janus kinase inhibitors among adult atopic dermatitis patients: evidence transporting from the rheumatoid arthritis population.,https://pubmed.ncbi.nlm.nih.gov/35699028/,upadacitinib; baricitinib,,,4,no
35701182,pubmed,"The Pharmacokinetics, Metabolism, and Clearance Mechanisms of Abrocitinib, a Selective Janus Kinase Inhibitor, in Humans.",https://pubmed.ncbi.nlm.nih.gov/35701182/,abrocitinib,,,3,no
35702658,pubmed,Managing Atopic Dermatitis with Lebrikizumab - The Evidence to Date.,https://pubmed.ncbi.nlm.nih.gov/35702658/,dupilumab; lebrikizumab,,,2,no
35703018,pubmed,Dupilumab-induced hypereosinophilia: review of the literature and algorithm proposal for clinical management.,https://pubmed.ncbi.nlm.nih.gov/35703018/,dupilumab,,,2,no
35703351,pubmed,"Comparative efficacy and safety of abrocitinib, baricitinib, and upadacitinib for moderate-to-severe atopic dermatitis: A network meta-analysis.",https://pubmed.ncbi.nlm.nih.gov/35703351/,upadacitinib; baricitinib; abrocitinib,,,3,si
35714786,pubmed,"Characterization of acne associated with upadacitinib treatment in patients with moderate-to-severe atopic dermatitis: A post hoc integrated analysis of 3 phase 3 randomized, double-blind, placebo-controlled trials.",https://pubmed.ncbi.nlm.nih.gov/35714786/,upadacitinib,,,3,si
35716185,pubmed,"Overview of use, efficacy, and safety of dupilumab in complex patients: a retrospective, case-series study from a large, urban academic center.",https://pubmed.ncbi.nlm.nih.gov/35716185/,dupilumab,,,4,no
35722925,pubmed,Concurrent chronic alopecia areata and severe atopic dermatitis successfully treated with upadacitinib.,https://pubmed.ncbi.nlm.nih.gov/35722925/,upadacitinib,,,1,no
35726185,pubmed,Long-Term Efficacy of Dupilumab in Alopecia Areata.,https://pubmed.ncbi.nlm.nih.gov/35726185/,dupilumab,,,3,no
35730479,pubmed,Review of Tralokinumab in the Treatment of Atopic Dermatitis.,https://pubmed.ncbi.nlm.nih.gov/35730479/,dupilumab; tralokinumab; upadacitinib; abrocitinib,,,4,no
35731078,pubmed,"IL-4/13 Blockade and sleep-related adverse drug reactions in over 37,000 Dupilumab reports from the World Health Organization Individual Case Safety reporting pharmacovigilance database (VigiBase™): a big data and machine learning analysis.",https://pubmed.ncbi.nlm.nih.gov/35731078/,dupilumab,,,7,no
35734823,pubmed,Clearance of atypical cutaneous manifestations of hyper-IgE syndrome with dupilumab.,https://pubmed.ncbi.nlm.nih.gov/35734823/,dupilumab,,,2,no
35735991,pubmed,Dupilumab improves both histaminergic and touch-evoked itch sensitization (hyperknesis) in atopic dermatitis: a pilot study.,https://pubmed.ncbi.nlm.nih.gov/35735991/,dupilumab,,,1,si
35743344,pubmed,Corneal Refractive Surgery Considerations in Patients on Dupilumab.,https://pubmed.ncbi.nlm.nih.gov/35743344/,dupilumab,,,2,no
35743415,pubmed,Dupilumab Improves Skin Barrier Function in Adults with Atopic Dermatitis: A Prospective Observational Study.,https://pubmed.ncbi.nlm.nih.gov/35743415/,dupilumab,,,3,no
35743438,pubmed,Use of Dupilumab in Bullous Pemphigoid: Where Are We Now?,https://pubmed.ncbi.nlm.nih.gov/35743438/,dupilumab,,,2,no
35746582,pubmed,"Biological Therapy of Severe Asthma with Dupilumab, a Dual Receptor Antagonist of Interleukins 4 and 13.",https://pubmed.ncbi.nlm.nih.gov/35746582/,dupilumab,,,2,no
35747049,pubmed,Exacerbation of Eosinophilic Granulomatosis With Polyangiitis After Administering Dupilumab for Severe Asthma and Eosinophilic Rhinosinusitis With Nasal Polyposis.,https://pubmed.ncbi.nlm.nih.gov/35747049/,dupilumab,,,2,no
35747444,pubmed,"Evaluating Upadacitinib in the Treatment of Moderate-to-Severe Active Ulcerative Colitis: Design, Development, and Potential Position in Therapy.",https://pubmed.ncbi.nlm.nih.gov/35747444/,upadacitinib,,,3,no
35753667,pubmed,"Dupilumab Improves Clinical Scores in Children and Adolescents With Moderate to Severe Atopic Dermatitis: A Real-World, Single-Center Study.",https://pubmed.ncbi.nlm.nih.gov/35753667/,dupilumab,,,3,no
35757782,pubmed,Model-Based Meta-Analysis to Optimize Staphylococcus aureus‒Targeted Therapies for Atopic Dermatitis.,https://pubmed.ncbi.nlm.nih.gov/35757782/,dupilumab,,,3,no
35763326,pubmed,Abrocitinib monotherapy in Investigator's Global Assessment nonresponders: improvement in signs and symptoms of atopic dermatitis and quality of life.,https://pubmed.ncbi.nlm.nih.gov/35763326/,abrocitinib,,,3,si
35769328,pubmed,Successful Treatment of an Adult with Atopic Dermatitis and Lamellar Ichthyosis Using Dupilumab.,https://pubmed.ncbi.nlm.nih.gov/35769328/,dupilumab,,,2,no
35786802,pubmed,Clinical phenotypes of adult atopic dermatitis and related therapies.,https://pubmed.ncbi.nlm.nih.gov/35786802/,dupilumab,,,3,si
35793471,pubmed,Systemic treatment of children and adolescents with atopic dermatitis aged ≥2 years: a Delphi consensus project mapping expert opinion in Northern Europe.,https://pubmed.ncbi.nlm.nih.gov/35793471/,dupilumab,,,5,no
35795795,pubmed,Case Report: Drug-Induced (Neuro) Sarcoidosis-Like Lesion Under IL4 Receptor Blockade With Dupilumab.,https://pubmed.ncbi.nlm.nih.gov/35795795/,dupilumab,,,3,no
35795833,pubmed,Improvement of atopic dermatitis and alopecia universalis with dupilumab.,https://pubmed.ncbi.nlm.nih.gov/35795833/,dupilumab,,,1,no
35796377,pubmed,Pharmacodynamics of Janus kinase inhibitors for the treatment of atopic dermatitis.,https://pubmed.ncbi.nlm.nih.gov/35796377/,ruxolitinib,,,2,si
35815904,pubmed,Dupilumab significantly improves skin barrier function in patients with moderate-to-severe atopic dermatitis.,https://pubmed.ncbi.nlm.nih.gov/35815904/,dupilumab,,,4,si
35818735,pubmed,Comparative Efficacy and Safety of Monoclonal Antibodies and Janus Kinase Inhibitors in Moderate-to-severe Atopic Dermatitis: A Systematic Review and Meta-analysis.,https://pubmed.ncbi.nlm.nih.gov/35818735/,dupilumab; tralokinumab; upadacitinib; abrocitinib,,,3,no
35818736,pubmed,"Treatment Patterns among Patients with Atopic Dermatitis in Secondary Care: A National, Observational, Non-interventional, Retrospective Study in Sweden.",https://pubmed.ncbi.nlm.nih.gov/35818736/,dupilumab,,,3,no
35821555,pubmed,Real-World Effectiveness of Newly Initiated Systemic Therapy for Atopic Dermatitis in the United States: A Claims Database Analysis.,https://pubmed.ncbi.nlm.nih.gov/35821555/,dupilumab,,,4,no
35829641,pubmed,Dupilumab for the treatment of adult atopic dermatitis in special populations.,https://pubmed.ncbi.nlm.nih.gov/35829641/,dupilumab,,,3,no
35831167,pubmed,[No title available],https://pubmed.ncbi.nlm.nih.gov/35831167/,atopic_dermatitis,,,1,no
35834124,pubmed,Nemolizumab: First Approval.,https://pubmed.ncbi.nlm.nih.gov/35834124/,nemolizumab,,,2,si
35837880,pubmed,Patient-centered dupilumab dosing regimen leads to successful dose reduction in persistently controlled atopic dermatitis.,https://pubmed.ncbi.nlm.nih.gov/35837880/,dupilumab,,,4,si
35842249,pubmed,"Nemolizumab: An Innovative Biologic Treatment to Control Interleukin 31, a Key Mediator in Atopic Dermatitis and Prurigo Nodularis.",https://pubmed.ncbi.nlm.nih.gov/35842249/,nemolizumab,,,2,si
35843520,pubmed,"Patient-oriented measures for phase 3 studies of tralokinumab for the treatment of atopic dermatitis (ECZTRA 1, 2, and 3).",https://pubmed.ncbi.nlm.nih.gov/35843520/,tralokinumab,,,4,no
35844573,pubmed,Immunological Changes of Basophil Hyperreactivity to Sweat in Patients With Well-Controlled Atopic Dermatitis.,https://pubmed.ncbi.nlm.nih.gov/35844573/,dupilumab,,,4,no
35854650,pubmed,Effectiveness and safety of dupilumab in the treatment of atopic dermatitis in children (6-11 years): data from a French multicentre retrospective cohort in daily practice.,https://pubmed.ncbi.nlm.nih.gov/35854650/,dupilumab,,,3,no
35856769,pubmed,Dupilumab for Allergic Contact Dermatitis: An Overview of Its Use and Impact on Patch Testing.,https://pubmed.ncbi.nlm.nih.gov/35856769/,dupilumab,,,2,no
35857179,pubmed,Tralokinumab Plus Topical Corticosteroids as Needed Provides Progressive and Sustained Efficacy in Adults with Moderate-to-Severe Atopic Dermatitis Over a 32-Week Period: An ECZTRA 3 Post Hoc Analysis.,https://pubmed.ncbi.nlm.nih.gov/35857179/,tralokinumab,,,6,si
35863467,pubmed,Long-term 2-year safety and efficacy of tralokinumab in adults with moderate-to-severe atopic dermatitis: Interim analysis of the ECZTEND open-label extension trial.,https://pubmed.ncbi.nlm.nih.gov/35863467/,tralokinumab,,,3,si
35866910,pubmed,Improvements in itch and sleep following treatment with baricitinib in combination with topical corticosteroids are associated with better quality of life and productivity in adult patients with moderate-to-severe atopic dermatitis: a post hoc analysis from BREEZE-AD7.,https://pubmed.ncbi.nlm.nih.gov/35866910/,baricitinib,,,4,no
35871680,pubmed,Treatment Patterns and Healthcare Resource Utilization Among Patients with Atopic Dermatitis: A Retrospective Cohort Study Using German Health Claims Data.,https://pubmed.ncbi.nlm.nih.gov/35871680/,dupilumab,,,4,no
35871814,pubmed,"Efficacy and safety of abrocitinib versus dupilumab in adults with moderate-to-severe atopic dermatitis: a randomised, double-blind, multicentre phase 3 trial.",https://pubmed.ncbi.nlm.nih.gov/35871814/,dupilumab; abrocitinib,,,5,si
35876397,pubmed,Efficacy and safety of baricitinib for the treatment of moderate-to-severe atopic dermatitis: A systematic review and meta-analysis of randomized clinical trials.,https://pubmed.ncbi.nlm.nih.gov/35876397/,baricitinib,,,3,si
35878738,pubmed,Janus kinase (JAK) inhibitors in the treatment of neoplastic and inflammatory disorders.,https://pubmed.ncbi.nlm.nih.gov/35878738/,upadacitinib; baricitinib; abrocitinib; ruxolitinib,,,4,si
35890180,pubmed,Chronic Pruritus in Atopic Patients Treated with Dupilumab: Real Life Response and Related Parameters in 354 Patients.,https://pubmed.ncbi.nlm.nih.gov/35890180/,dupilumab,,,4,no
35895603,pubmed,Short communication: Comments on hair disorders associated with dupilumab based on VigiBase.,https://pubmed.ncbi.nlm.nih.gov/35895603/,dupilumab,,,4,no
35895855,pubmed,"Real-world data on the effectiveness, safety and drug survival of dupilumab: an analysis from the TREATgermany registry.",https://pubmed.ncbi.nlm.nih.gov/35895855/,dupilumab,,,2,no
35922025,pubmed,Biologic Use in Allergic and Asthmatic Children and Adolescents During the COVID-19 Pandemic.,https://pubmed.ncbi.nlm.nih.gov/35922025/,dupilumab,,,3,no
35922713,pubmed,"Effectiveness and Safety of Upadacitinib in the Treatment of Moderate-Severe Atopic Dermatitis: A Multicentric, Prospective, Real-World, Cohort Study.",https://pubmed.ncbi.nlm.nih.gov/35922713/,dupilumab; upadacitinib,,,3,no
35925206,pubmed,[Pruritus in atopic dermatitis-comparative evaluation of novel treatment approaches].,https://pubmed.ncbi.nlm.nih.gov/35925206/,dupilumab; tralokinumab; upadacitinib; baricitinib; abrocitinib,,,4,no
35927543,pubmed,Correction to: Baricitinib: A Review in Moderate to Severe Atopic Dermatitis.,https://pubmed.ncbi.nlm.nih.gov/35927543/,baricitinib,,,1,no
35928520,pubmed,Management of Atopic Dermatitis in Adults in Saudi Arabia: Consensus Recommendations from the Dermatological Expert Group.,https://pubmed.ncbi.nlm.nih.gov/35928520/,dupilumab,,,3,no
35931626,pubmed,Limbic Keratoconjunctivitis Associated With Dupilumab Treatment in Atopic Dermatitis.,https://pubmed.ncbi.nlm.nih.gov/35931626/,dupilumab,,,1,no
35933552,pubmed,Durability of Response to Abrocitinib in Patients with Moderate-to-Severe Atopic Dermatitis After Treatment Discontinuation in a Phase 2b Trial.,https://pubmed.ncbi.nlm.nih.gov/35933552/,abrocitinib,,,4,si
35947364,pubmed,Dupilumab Drug Survival and Associated Predictors in Patients With Moderate to Severe Atopic Dermatitis: Long-term Results From the Daily Practice BioDay Registry.,https://pubmed.ncbi.nlm.nih.gov/35947364/,dupilumab,,,5,no
35950124,pubmed,Efficacy and safety of dupilumab in the treatment of moderate-to-severe atopic dermatitis: a meta-analysis of randomized controlled trials.,https://pubmed.ncbi.nlm.nih.gov/35950124/,dupilumab,,,3,no
35964299,pubmed,Severe atopic dermatitis in a patient with Loeys-Dietz syndrome treated with dupilumab.,https://pubmed.ncbi.nlm.nih.gov/35964299/,dupilumab,,,1,no
35966849,pubmed,Case report: Clinical and histopathological characteristics of psoriasiform erythema and de novo IL-17A cytokines expression on lesioned skin in atopic dermatitis children treated with dupilumab.,https://pubmed.ncbi.nlm.nih.gov/35966849/,dupilumab; baricitinib,,,5,si
35967348,pubmed,The efficacy and safety of IL-13 inhibitors in atopic dermatitis: A systematic review and meta-analysis.,https://pubmed.ncbi.nlm.nih.gov/35967348/,tralokinumab; lebrikizumab,,,3,si
35980214,pubmed,European guideline (EuroGuiDerm) on atopic eczema: part I - systemic therapy.,https://pubmed.ncbi.nlm.nih.gov/35980214/,dupilumab; tralokinumab; lebrikizumab; nemolizumab; upadacitinib; baricitinib; abrocitinib,,,3,si
35983924,pubmed,Abrocitinib in atopic dermatitis: review of the current literature and clinical trials.,https://pubmed.ncbi.nlm.nih.gov/35983924/,abrocitinib,,,2,no
35984627,pubmed,"Dupilumab Treatment of Atopic Dermatitis in Routine Clinical Care: Baseline Characteristics of Patients in the PROLEAD Prospective, Observational Study.",https://pubmed.ncbi.nlm.nih.gov/35984627/,dupilumab,,,4,no
35986480,pubmed,The efficacy and safety of upadacitinib treatment for moderate to severe atopic dermatitis in real-world practice in Japan.,https://pubmed.ncbi.nlm.nih.gov/35986480/,upadacitinib,,,4,si
35986664,pubmed,"Pharmacokinetics, pharmacodynamics, and exposure-efficacy of dupilumab in adults with atopic dermatitis.",https://pubmed.ncbi.nlm.nih.gov/35986664/,dupilumab,,,4,si
35987486,pubmed,Safety of Biologics for Atopic Diseases During Pregnancy.,https://pubmed.ncbi.nlm.nih.gov/35987486/,dupilumab; tralokinumab,,,2,si
35989284,pubmed,The clinical significance of dupilumab-induced blood eosinophil elevation in Japanese patients with atopic dermatitis.,https://pubmed.ncbi.nlm.nih.gov/35989284/,dupilumab,,,2,si
35989340,pubmed,Efficacy and safety of dupilumab in pediatric patients with moderate to severe atopic dermatitis: a real-world study.,https://pubmed.ncbi.nlm.nih.gov/35989340/,dupilumab,,,3,no
35996152,pubmed,English Version of Clinical Practice Guidelines for the Management of Atopic Dermatitis 2021.,https://pubmed.ncbi.nlm.nih.gov/35996152/,dupilumab; baricitinib; delgocitinib,,,3,no
36000004,pubmed,Burning and Scaling Probably Associated with Dupilumab Therapy: A Case Report.,https://pubmed.ncbi.nlm.nih.gov/36000004/,dupilumab,,,2,si
36001310,pubmed,Association of Risk of Incident Venous Thromboembolism With Atopic Dermatitis and Treatment With Janus Kinase Inhibitors: A Systematic Review and Meta-analysis.,https://pubmed.ncbi.nlm.nih.gov/36001310/,dupilumab; upadacitinib; baricitinib; abrocitinib,,,5,si
36006169,pubmed,Severe atopic dermatitis and concurrent severe hidradenitis suppurativa successfully treated with dupilumab.,https://pubmed.ncbi.nlm.nih.gov/36006169/,dupilumab,,,1,no
36013001,pubmed,Mesenchymal Stem Cells Profile in Adult Atopic Dermatitis and Effect of IL4-IL13 Inflammatory Pathway Inhibition In Vivo: Prospective Case-Control Study.,https://pubmed.ncbi.nlm.nih.gov/36013001/,dupilumab,,,4,no
36013338,pubmed,Long-Term Effectiveness and Safety of Biologic and Small Molecule Drugs for Moderate to Severe Atopic Dermatitis: A Systematic Review.,https://pubmed.ncbi.nlm.nih.gov/36013338/,upadacitinib; baricitinib,,,5,no
36017279,pubmed,Dupilumab-Associated Head and Neck Dermatitis With Ocular Involvement in a Ten-Year-Old With Atopic Dermatitis: A Case Report and Review of the Literature.,https://pubmed.ncbi.nlm.nih.gov/36017279/,dupilumab,,,2,no
36028611,pubmed,"Dupilumab Treatment in Children Aged 6-11 Years With Atopic Dermatitis: A Multicentre, Real-Life Study.",https://pubmed.ncbi.nlm.nih.gov/36028611/,dupilumab,,,3,no
36028787,pubmed,"A Review of Phase 3 Trials of Dupilumab for the Treatment of Atopic Dermatitis in Adults, Adolescents, and Children Aged 6 and Up.",https://pubmed.ncbi.nlm.nih.gov/36028787/,dupilumab,,,3,si
36035412,pubmed,Dupilumab modulates specific IgE mite responses at the molecular level in severe T2-high atopic dermatitis: A real-world experience.,https://pubmed.ncbi.nlm.nih.gov/36035412/,dupilumab,,,4,no
36045562,pubmed,The changes of IgE levels in type 2 inflammatory diseases after treatment of dupilumab: a systematic review and meta-analysis.,https://pubmed.ncbi.nlm.nih.gov/36045562/,dupilumab,,,2,no
36046941,pubmed,Immunotherapy in atopic dermatitis.,https://pubmed.ncbi.nlm.nih.gov/36046941/,dupilumab,,,1,no
36051735,pubmed,Generalized Granuloma Annulare Associated With Dupilumab Therapy.,https://pubmed.ncbi.nlm.nih.gov/36051735/,dupilumab,,,2,no
36058723,pubmed,Biologics for allergic and immunologic diseases.,https://pubmed.ncbi.nlm.nih.gov/36058723/,dupilumab,,,3,no
36063279,pubmed,"A Review of Safety Outcomes from Clinical Trials of Baricitinib in Rheumatology, Dermatology and COVID-19.",https://pubmed.ncbi.nlm.nih.gov/36063279/,baricitinib,,,4,si
36064654,pubmed,Executive summary: Japanese guidelines for atopic dermatitis (ADGL) 2021.,https://pubmed.ncbi.nlm.nih.gov/36064654/,dupilumab; baricitinib; delgocitinib,,,2,si
36064828,pubmed,A Single-Center Experience with Dupilumab for Atopic or Psoriasiform Dermatitis in Patients with Inflammatory Bowel Disease.,https://pubmed.ncbi.nlm.nih.gov/36064828/,dupilumab,,,3,no
36065552,pubmed,Successful dupilumab therapy for atopic dermatitis in a patient with X-linked agammaglobulinaemia.,https://pubmed.ncbi.nlm.nih.gov/36065552/,dupilumab,,,1,no
36082590,pubmed,"Safety of tralokinumab in adult patients with moderate-to-severe atopic dermatitis: pooled analysis of five randomized, double-blind, placebo-controlled phase II and phase III trials.",https://pubmed.ncbi.nlm.nih.gov/36082590/,tralokinumab,,,7,si
36084766,pubmed,Attenuating the atopic march: Meta-analysis of the dupilumab atopic dermatitis database for incident allergic events.,https://pubmed.ncbi.nlm.nih.gov/36084766/,dupilumab,,,3,si
36088634,pubmed,New onset atopic dermatitis and psoriasis in the same patients under biologic treatments: The role of systemic treatments as a possible trigger.,https://pubmed.ncbi.nlm.nih.gov/36088634/,dupilumab,,,3,no
36108923,pubmed,Magnitude and Time Course of Response to Abrocitinib for Moderate-to-Severe Atopic Dermatitis.,https://pubmed.ncbi.nlm.nih.gov/36108923/,dupilumab; abrocitinib,,,3,si
36113697,pubmed,Dupilumab-associated ectropion and punctal stenosis treated with tacrolimus ointment (0.03%) in a 15-year-old girl.,https://pubmed.ncbi.nlm.nih.gov/36113697/,dupilumab,,,2,no
36116481,pubmed,"Dupilumab in children aged 6 months to younger than 6 years with uncontrolled atopic dermatitis: a randomised, double-blind, placebo-controlled, phase 3 trial.",https://pubmed.ncbi.nlm.nih.gov/36116481/,dupilumab,,,6,si
36124378,pubmed,Facial erythema during dupilumab treatment for atopic dermatitis successfully remedied with topical crisaborole ointment: A case report.,https://pubmed.ncbi.nlm.nih.gov/36124378/,dupilumab; crisaborole,,,1,no
36125089,pubmed,Dupilumab-associated ocular surface disease: An interdisciplinary decision framework for prescribers in the Australian setting.,https://pubmed.ncbi.nlm.nih.gov/36125089/,dupilumab,,,4,no
36125529,pubmed,Atopic Dermatitis: A Guide to Transitioning to Janus Kinase Inhibitors.,https://pubmed.ncbi.nlm.nih.gov/36125529/,dupilumab,,,2,no
36125777,pubmed,Upadacitinib for the Treatment of Atopic Dermatitis in a Spanish Cohort-Real Life: Fifty-Two-Week Follow-up Results.,https://pubmed.ncbi.nlm.nih.gov/36125777/,upadacitinib,,,1,si
36130766,pubmed,Oral Janus kinase inhibitors and venous thromboembolic events in atopic dermatitis: protocols for a case-time control study and a nested case-control study based on the French national health insurance (SNDS) cohort.,https://pubmed.ncbi.nlm.nih.gov/36130766/,upadacitinib; baricitinib; abrocitinib,,,4,no
36152216,pubmed,"Tralokinumab Efficacy and Safety, with or without Topical Corticosteroids, in North American Adults with Moderate-to-Severe Atopic Dermatitis: A Subanalysis of Phase 3 Trials ECZTRA 1, 2, and 3.",https://pubmed.ncbi.nlm.nih.gov/36152216/,tralokinumab,,,5,si
36153663,pubmed,Pustular psoriasis appearing in a Chinese woman treated with dupilumab for atopic dermatitis: A case report.,https://pubmed.ncbi.nlm.nih.gov/36153663/,dupilumab,,,1,no
36160495,pubmed,Irreversible Bilateral Cicatricial Keratoconjunctivitis after Dupilumab Therapy.,https://pubmed.ncbi.nlm.nih.gov/36160495/,dupilumab,,,2,no
36161848,pubmed,Characterising the chronicity of dupilumab-associated ocular surface disease: an analysis of a retrospective case series.,https://pubmed.ncbi.nlm.nih.gov/36161848/,dupilumab,,,3,no
36162801,pubmed,Impact of a Decade of Research Into Atopic Dermatitis.,https://pubmed.ncbi.nlm.nih.gov/36162801/,dupilumab; tralokinumab; upadacitinib; baricitinib; abrocitinib,,,4,no
36169355,pubmed,The effects of systemic immunomodulatory treatments on COVID-19 outcomes in patients with atopic dermatitis: Results from the global SECURE-AD registry.,https://pubmed.ncbi.nlm.nih.gov/36169355/,dupilumab,,,4,si
36173402,pubmed,An evaluation of abrocitinib for moderate-to-severe atopic dermatitis.,https://pubmed.ncbi.nlm.nih.gov/36173402/,dupilumab; abrocitinib,,,3,no
36177732,pubmed,Dupilumab-induced skin-associated side effects in patients with chronic rhinosinusitis with nasal polyposis.,https://pubmed.ncbi.nlm.nih.gov/36177732/,dupilumab,,,4,no
36181718,pubmed,The impact of dupilumab treatment on SARS-CoV-2 T cell responses in atopic dermatitis patients.,https://pubmed.ncbi.nlm.nih.gov/36181718/,dupilumab,,,1,no
36184619,pubmed,Two cases of dupilumab-associated conjunctivitis with high expression of IL-8 mRNA on the ocular surface: a case report.,https://pubmed.ncbi.nlm.nih.gov/36184619/,dupilumab,,,4,no
36185549,pubmed,"Growth analysis among adolescents with moderate-to-severe atopic dermatitis receiving upadacitinib in combination with topical corticosteroids in Japan: A case study series from a phase 3, randomized, controlled trial (Rising Up).",https://pubmed.ncbi.nlm.nih.gov/36185549/,upadacitinib,,,4,si
36189576,pubmed,IL-4 receptor blockade is a global repressor of naïve B cell development and responses in a dupilumab-treated patient.,https://pubmed.ncbi.nlm.nih.gov/36189576/,dupilumab,,,2,no
36195170,pubmed,Safety of upadacitinib in moderate-to-severe atopic dermatitis: An integrated analysis of phase 3 studies.,https://pubmed.ncbi.nlm.nih.gov/36195170/,upadacitinib,,,3,si
36207461,pubmed,The safety of systemic Janus kinase inhibitors in atopic dermatitis: a systematic review and network meta-analysis.,https://pubmed.ncbi.nlm.nih.gov/36207461/,dupilumab; upadacitinib; baricitinib; abrocitinib,,,4,no
36214355,pubmed,Treatment With Dupilumab in Patients With Atopic Dermatitis: Systematic Review and Meta-Analysis.,https://pubmed.ncbi.nlm.nih.gov/36214355/,dupilumab,,,3,no
36219047,pubmed,Annual Trends in Medicare Part D Prescription Claims for Dupilumab 2017 to 2019.,https://pubmed.ncbi.nlm.nih.gov/36219047/,dupilumab,,,1,no
36219058,pubmed,The Role of Antihistamines and Dupilumab in the Management of Alopecia Areata: A Systematic Review.,https://pubmed.ncbi.nlm.nih.gov/36219058/,dupilumab,,,3,si
36219538,pubmed,Dupilumab: Advances in the off-label usage of IL4/IL13 antagonist in dermatoses.,https://pubmed.ncbi.nlm.nih.gov/36219538/,dupilumab,,,3,no
36225088,pubmed,A 52-week update of a multicentre Italian real-world experience on effectiveness and safety of dupilumab in adolescents with moderate-to-severe atopic dermatitis.,https://pubmed.ncbi.nlm.nih.gov/36225088/,dupilumab,,,1,no
36227462,pubmed,Dupilumab dose spacing after initial successful treatment or adverse events in adult patients with atopic dermatitis: A retrospective analysis.,https://pubmed.ncbi.nlm.nih.gov/36227462/,dupilumab,,,3,no
36240731,pubmed,The use of dupilumab in patients with HIV.,https://pubmed.ncbi.nlm.nih.gov/36240731/,dupilumab,,,2,no
36243937,pubmed,Occupational Chronic Hand Dermatitis in Hospital Environment Successfully Treated with Dupilumab: A Case Report.,https://pubmed.ncbi.nlm.nih.gov/36243937/,dupilumab,,,1,no
36255569,pubmed,Pooled Safety Analysis of Baricitinib in Adult Participants with Atopic Dermatitis in the Japanese Subpopulation from Six Randomized Clinical Trials.,https://pubmed.ncbi.nlm.nih.gov/36255569/,baricitinib,,,4,si
36256761,pubmed,"Gade A(1), Ghani H(2), Patel P, Rubenstein R(3).",https://pubmed.ncbi.nlm.nih.gov/36256761/,dupilumab,,,1,no
36267353,pubmed,"Combining Biologics Targeting Eosinophils (IL-5/IL-5R), IgE, and IL-4/IL-13 in Allergic and Inflammatory Diseases.",https://pubmed.ncbi.nlm.nih.gov/36267353/,dupilumab,,,3,no
36268606,pubmed,Atopic dermatitis-like graft-versus-host disease treated with dupilumab.,https://pubmed.ncbi.nlm.nih.gov/36268606/,dupilumab,,,2,no
36269503,pubmed,Dupilumab Treatment in Adults with Moderate-to-Severe Atopic Dermatitis is Efficacious Regardless of Age of Disease Onset: a Post Hoc Analysis of Two Phase 3 Clinical Trials.,https://pubmed.ncbi.nlm.nih.gov/36269503/,dupilumab,,,4,si
36269504,pubmed,"Development, Psychometric Validation and Responder Definition of Worst Itch Scale in Children with Severe Atopic Dermatitis.",https://pubmed.ncbi.nlm.nih.gov/36269504/,dupilumab,,,4,si
36270978,pubmed,Baricitinib 2 mg for the treatment of atopic dermatitis in North America: Long-term efficacy and patient-reported outcomes.,https://pubmed.ncbi.nlm.nih.gov/36270978/,baricitinib,,,3,no
36271804,pubmed,Scalp biomarkers during dupilumab treatment support Th2 pathway pathogenicity in alopecia areata.,https://pubmed.ncbi.nlm.nih.gov/36271804/,dupilumab,,,4,si
36286909,pubmed,[Principles of modern diagnosis and treatment of atopic dermatitis and bronchial asthma: Clinical case].,https://pubmed.ncbi.nlm.nih.gov/36286909/,dupilumab,,,6,no
36294530,pubmed,Efficacy of Dupilumab on Different Phenotypes of Adult with Moderate-to-Severe Atopic Dermatitis in Taiwan: A Real-World Study.,https://pubmed.ncbi.nlm.nih.gov/36294530/,dupilumab,,,3,no
36295105,pubmed,Atopic Dermatitis with Multiple Comorbidities Treated with Dupilumab. A Case Report and Review of the Literature Regarding the Safety of Dupilumab.,https://pubmed.ncbi.nlm.nih.gov/36295105/,dupilumab,,,2,no
36301752,pubmed,Improvement of head and neck symptoms in patients with atopic dermatitis treated with baricitinib based on five Phase III clinical trials.,https://pubmed.ncbi.nlm.nih.gov/36301752/,baricitinib,,,4,si
36318387,pubmed,No Increased Risk of Overall Infection in Adults with Moderate-to-Severe Atopic Dermatitis Treated for up to 4 Years with Dupilumab.,https://pubmed.ncbi.nlm.nih.gov/36318387/,dupilumab,,,4,no
36322072,pubmed,Association of Serum Dupilumab Levels at 16 Weeks With Treatment Response and Adverse Effects in Patients With Atopic Dermatitis: A Prospective Clinical Cohort Study From the BioDay Registry.,https://pubmed.ncbi.nlm.nih.gov/36322072/,dupilumab,,,6,no
36335413,pubmed,Treatment options for moderate to severe atopic dermatitis.,https://pubmed.ncbi.nlm.nih.gov/36335413/,dupilumab; tralokinumab; upadacitinib; abrocitinib; ruxolitinib; crisaborole,,,4,no
36341398,pubmed,Integrated metabolomics and lipidomics study of patients with atopic dermatitis in response to dupilumab.,https://pubmed.ncbi.nlm.nih.gov/36341398/,dupilumab,,,5,si
36355314,pubmed,The Combination of Dupilumab with Other Monoclonal Antibodies.,https://pubmed.ncbi.nlm.nih.gov/36355314/,dupilumab,,,4,no
36359393,pubmed,Therapeutical Targets in Allergic Inflammation.,https://pubmed.ncbi.nlm.nih.gov/36359393/,dupilumab,,,1,no
36362483,pubmed,Clinical Implication of Serum Adiponectin Levels in Adult Patients with Atopic Dermatitis.,https://pubmed.ncbi.nlm.nih.gov/36362483/,dupilumab,,,2,si
36377632,pubmed,"Newly developed erythema and red papules in the face and neck with detection of demodex during dupilumab treatment for atopic dermatitis improved by discontinuation of dupilumab, switching to upadacitinib or treatment with oral ivermectin: A report of two cases.",https://pubmed.ncbi.nlm.nih.gov/36377632/,atopic_dermatitis,,,1,no
36387062,pubmed,Comparison of real-world treatment outcomes of systemic immunomodulating therapy in atopic dermatitis patients with dark and light skin types.,https://pubmed.ncbi.nlm.nih.gov/36387062/,dupilumab,,,4,no
36387959,pubmed,Dupilumab in the Treatment of Cheilitis in Atopic Dermatitis Patients.,https://pubmed.ncbi.nlm.nih.gov/36387959/,dupilumab,,,4,no
36387965,pubmed,Recalcitrant Palmar-Plantar Atopic Dermatitis Successfully Treated with Dupilumab: A Case Series.,https://pubmed.ncbi.nlm.nih.gov/36387965/,dupilumab,,,2,no
36401761,pubmed,Safety and Efficacy of Upadacitinib for Atopic Dermatitis in Japan: 2-Year Interim Results from the Phase 3 Rising Up Study.,https://pubmed.ncbi.nlm.nih.gov/36401761/,upadacitinib,,,4,si
36403606,pubmed,Longitudinal utilization of systemic immunomodulators before and after dupilumab approval in children with atopic dermatitis.,https://pubmed.ncbi.nlm.nih.gov/36403606/,dupilumab,,,2,no
36403719,pubmed,Properties of FDA-approved small molecule protein kinase inhibitors: A 2023 update.,https://pubmed.ncbi.nlm.nih.gov/36403719/,upadacitinib; baricitinib; abrocitinib,,,3,no
36408603,pubmed,"Upadacitinib for moderate-to-severe atopic dermatitis, in adults and adolescents 12 years and older: review of international and Japanese populations.",https://pubmed.ncbi.nlm.nih.gov/36408603/,dupilumab; upadacitinib,,,3,no
36411004,pubmed,"Monoclonal Antibodies (Biologics) for Allergic Rhinitis, Asthma, and Atopic Dermatitis During Pregnancy and Lactation.",https://pubmed.ncbi.nlm.nih.gov/36411004/,dupilumab,,,2,no
36412059,pubmed,English version of Japanese guidance for the use of oral Janus kinase (JAK) inhibitors in the treatments of atopic dermatitis.,https://pubmed.ncbi.nlm.nih.gov/36412059/,upadacitinib; baricitinib; abrocitinib,,,4,no
36415388,pubmed,The Successful Treatment of COVID-19-Induced Bullous Pemphigoid With Dupilumab.,https://pubmed.ncbi.nlm.nih.gov/36415388/,dupilumab,,,2,no
36420598,pubmed,Dupilumab has a profound effect on specific-IgE levels of several food allergens in atopic dermatitis patients.,https://pubmed.ncbi.nlm.nih.gov/36420598/,dupilumab,,,1,si
36420885,pubmed,Daily Practice Experience of Baricitinib Treatment for Patients with Difficult-to-Treat Atopic Dermatitis: Results from the BioDay Registry.,https://pubmed.ncbi.nlm.nih.gov/36420885/,dupilumab; baricitinib,,,4,si
36429017,pubmed,Abrocitinib Attenuates Microglia-Mediated Neuroinflammation after Traumatic Brain Injury via Inhibiting the JAK1/STAT1/NF-κB Pathway.,https://pubmed.ncbi.nlm.nih.gov/36429017/,abrocitinib,,,5,no
36432643,pubmed,Efficacy and Safety of Upadacitinib for Management of Moderate-to-Severe Atopic Dermatitis: An Evidence-Based Review.,https://pubmed.ncbi.nlm.nih.gov/36432643/,upadacitinib,,,3,no
36457683,pubmed,Abrocitinib 100 mg versus 200 mg for atopic dermatitis: a meta-analysis of randomized controlled trials.,https://pubmed.ncbi.nlm.nih.gov/36457683/,abrocitinib,,,3,no
36457692,pubmed,Efficacy of abrocitinib for atopic dermatitis: a meta-analysis of randomized controlled trials.,https://pubmed.ncbi.nlm.nih.gov/36457692/,abrocitinib,,,2,no
36462097,pubmed,Targeting cytokines and signaling molecules related to immune pathways in atopic dermatitis: therapeutic implications and challenges.,https://pubmed.ncbi.nlm.nih.gov/36462097/,dupilumab,,,3,no
36463420,pubmed,Short-term real-world experience with baricitinib treatment in Danish adults with moderate-severe atopic dermatitis.,https://pubmed.ncbi.nlm.nih.gov/36463420/,baricitinib,,,1,si
36467009,pubmed,Upadacitinib for the treatment of alopecia areata and severe atopic dermatitis in a paediatric patient: A case report.,https://pubmed.ncbi.nlm.nih.gov/36467009/,upadacitinib,,,1,no
36468736,pubmed,Atopic dermatitis refractory to dupilumab but markedly responsive to baricitinib.,https://pubmed.ncbi.nlm.nih.gov/36468736/,dupilumab; baricitinib,,,1,no
36468956,pubmed,JAK Inhibitor Safety Compared to Traditional Systemic Immunosuppressive Therapies.,https://pubmed.ncbi.nlm.nih.gov/36468956/,upadacitinib; abrocitinib,,,4,no
36473633,pubmed,"Tralokinumab treatment improves the skin microbiota by increasing the microbial diversity in adults with moderate-to-severe atopic dermatitis: Analysis of microbial diversity in ECZTRA 1, a randomized controlled trial.",https://pubmed.ncbi.nlm.nih.gov/36473633/,tralokinumab,,,3,si
36481378,pubmed,Diagnosis of mycosis fungoides or Sézary syndrome after dupilumab use: A systematic review.,https://pubmed.ncbi.nlm.nih.gov/36481378/,dupilumab,,,1,no
36512175,pubmed,Early Itch Response with Abrocitinib Is Associated with Later Efficacy Outcomes in Patients with Moderate-to-Severe Atopic Dermatitis: Subgroup Analysis of the Randomized Phase III JADE COMPARE Trial.,https://pubmed.ncbi.nlm.nih.gov/36512175/,dupilumab; abrocitinib,,,5,si
36514996,pubmed,"Long-term efficacy (up to 68 weeks) of Baricitinib in combination with topical corticosteroids in adult patients with moderate-to-severe atopic dermatitis: Analysis of treatment responders, partial responders and nonresponders originating from study BREEZE-AD7.",https://pubmed.ncbi.nlm.nih.gov/36514996/,baricitinib,,,5,no
36524532,pubmed,Exploring biomarkers to predict clinical improvement of atopic dermatitis in patients treated with dupilumab (B-PAD study).,https://pubmed.ncbi.nlm.nih.gov/36524532/,dupilumab,,,2,si
36525340,pubmed,"Dupilumab-Induced, Tralokinumab-Induced, and Belantamab Mafodotin-Induced Adverse Ocular Events-Incidence, Etiology, and Management.",https://pubmed.ncbi.nlm.nih.gov/36525340/,dupilumab; tralokinumab,,,3,si
36527432,pubmed,Use patterns of systemic immunomodulators in the United States before and after dupilumab approval in adults with atopic dermatitis.,https://pubmed.ncbi.nlm.nih.gov/36527432/,dupilumab,,,3,no
36529811,pubmed,Laboratory Safety from a Randomized 16-Week Phase III Study of Dupilumab in Children Aged 6 Months to 5 Years with Moderate-to-Severe Atopic Dermatitis.,https://pubmed.ncbi.nlm.nih.gov/36529811/,dupilumab,,,4,si
36534318,pubmed,Modern Interventions for Pediatric Atopic Dermatitis: An Updated Pharmacologic Approach.,https://pubmed.ncbi.nlm.nih.gov/36534318/,dupilumab; tralokinumab; lebrikizumab; nemolizumab,,,3,no
36543197,pubmed,[THE BRIEF COMMENTARY ON GUIDELINES FOR THE MANAGEMENT OF ATOPIC DERMATITIS 2021].,https://pubmed.ncbi.nlm.nih.gov/36543197/,atopic_dermatitis,,,1,no
36546346,pubmed,Safety of baricitinib for the treatment of atopic dermatitis over a median of 1.6 years and up to 3.9 years of treatment: an updated integrated analysis of eight clinical trials.,https://pubmed.ncbi.nlm.nih.gov/36546346/,baricitinib,,,3,si
36546446,pubmed,Changes in Thymus and Activation-Regulated Chemokine in Patients With Type 2 Inflammatory Disease Receiving Dupilumab.,https://pubmed.ncbi.nlm.nih.gov/36546446/,dupilumab,,,1,no
36547219,pubmed,Dupilumab-Associated Mycosis Fungoides with a CD8+ Immunophenotype.,https://pubmed.ncbi.nlm.nih.gov/36547219/,dupilumab,,,2,no
36550628,pubmed,Biomarkers in tear fluid of dupilumab-treated moderate-to-severe atopic dermatitis patients.,https://pubmed.ncbi.nlm.nih.gov/36550628/,dupilumab,,,1,no
36553635,pubmed,Spotlight on a Short-Time Treatment with the IL-4/IL-13 Receptor Blocker in Patients with CRSwNP: microRNAs Modulations and Preliminary Clinical Evidence.,https://pubmed.ncbi.nlm.nih.gov/36553635/,dupilumab,,,3,no
36556367,pubmed,Treatment of Severe Atopic Dermatitis with Dupilumab in Three Patients with Renal Diseases.,https://pubmed.ncbi.nlm.nih.gov/36556367/,dupilumab,,,3,no
36556910,pubmed,Effect of Dupilumab on Sexual Desire in Adult Patients with Moderate to Severe Atopic Dermatitis.,https://pubmed.ncbi.nlm.nih.gov/36556910/,dupilumab,,,3,no
36564878,pubmed,Dupilumab in daily practice for the treatment of pediatric atopic dermatitis: 28-week clinical and biomarker results from the BioDay registry.,https://pubmed.ncbi.nlm.nih.gov/36564878/,dupilumab,,,3,si
36569854,pubmed,JAK-STAT signaling pathway in the pathogenesis of atopic dermatitis: An updated review.,https://pubmed.ncbi.nlm.nih.gov/36569854/,upadacitinib; abrocitinib; ruxolitinib,,,3,si
36571701,pubmed,Upadacitinib Population Pharmacokinetics and Exposure-Response Relationships in Ulcerative Colitis Patients.,https://pubmed.ncbi.nlm.nih.gov/36571701/,upadacitinib,,,4,no
36573170,pubmed,Real-World Experience with Tralokinumab in a Patient with Recalcitrant Atopic Dermatitis: A Case Report.,https://pubmed.ncbi.nlm.nih.gov/36573170/,tralokinumab,,,2,no
36597714,pubmed,Autologous Th2-polarized lymphocytes induce atopic dermatitis lesions in non-atopic human skin xenotransplants.,https://pubmed.ncbi.nlm.nih.gov/36597714/,dupilumab,,,4,no
36599893,pubmed,IL-4Rα signalling in B cells and T cells play differential roles in acute and chronic atopic dermatitis.,https://pubmed.ncbi.nlm.nih.gov/36599893/,dupilumab,,,3,no
36605204,pubmed,Dominant-negative signal transducer and activator of transcription (STAT)3 variants in adult patients: A single center experience.,https://pubmed.ncbi.nlm.nih.gov/36605204/,dupilumab,,,4,no
36606551,pubmed,A nationwide 104 weeks real-world study of dupilumab in adults with atopic dermatitis: Ineffectiveness in head-and-neck dermatitis.,https://pubmed.ncbi.nlm.nih.gov/36606551/,dupilumab,,,3,si
36610660,pubmed,IL-4/IL-13 Inhibitors for Atopic Dermatitis Induce Psoriatic Rash Transcriptionally Close to Pustular Psoriasis.,https://pubmed.ncbi.nlm.nih.gov/36610660/,dupilumab,,,3,si
36617589,pubmed,Real-Life Effectiveness and Safety of Upadacitinib in Adults and Adolescents with Moderate-to-Severe Atopic Dermatitis: A Single-Center 16-Week Study.,https://pubmed.ncbi.nlm.nih.gov/36617589/,upadacitinib,,,4,si
36619624,pubmed,Efficacy of topical and systemic treatments for atopic dermatitis on pruritus: A systematic literature review and meta-analysis.,https://pubmed.ncbi.nlm.nih.gov/36619624/,dupilumab; nemolizumab; upadacitinib,,,4,si
36621910,pubmed,Experiences from daily practice of upadacitinib treatment on atopic dermatitis with a focus on hand eczema: Results from the BioDay registry.,https://pubmed.ncbi.nlm.nih.gov/36621910/,upadacitinib,,,4,si
36622797,pubmed,Upadacitinib treatment in patients with moderate to severe atopic dermatitis: A retrospective single-centre Australian review of 14 patients post phase 3 clinical trial.,https://pubmed.ncbi.nlm.nih.gov/36622797/,upadacitinib,,,1,no
36626228,pubmed,Cellular mechanisms and effects of IL-4 receptor blockade in experimental conjunctivitis evoked by skin inflammation.,https://pubmed.ncbi.nlm.nih.gov/36626228/,dupilumab,,,3,no
36630140,pubmed,Efficacy and Safety of Lebrikizumab in Combination With Topical Corticosteroids in Adolescents and Adults With Moderate-to-Severe Atopic Dermatitis: A Randomized Clinical Trial (ADhere).,https://pubmed.ncbi.nlm.nih.gov/36630140/,lebrikizumab,,,8,si
36639612,pubmed,Alopecia Universalis in an Adolescent Successfully Treated with Upadacitinib-A Case Report and Review of the Literature on the Use of JAK Inhibitors in Pediatric Alopecia Areata.,https://pubmed.ncbi.nlm.nih.gov/36639612/,upadacitinib; baricitinib; ruxolitinib,,,3,no
36647778,pubmed,"IL-13, periostin and dipeptidyl-peptidase-4 reveal endotype-phenotype associations in atopic dermatitis.",https://pubmed.ncbi.nlm.nih.gov/36647778/,tralokinumab,,,5,no
36653940,pubmed,The evolving landscape of biologic therapies for atopic dermatitis: Present and future perspective.,https://pubmed.ncbi.nlm.nih.gov/36653940/,dupilumab; tralokinumab,,,3,no
36655064,pubmed,Dupilumab-Induced Lichen Planus: A Case with Oral and Cutaneous Eruptions.,https://pubmed.ncbi.nlm.nih.gov/36655064/,dupilumab,,,2,no
36656509,pubmed,Incorporating Dynamic Pricing in Cost-Effectiveness Analysis: Are Known Unknowns Valuable?,https://pubmed.ncbi.nlm.nih.gov/36656509/,dupilumab,,,4,no
36657040,pubmed,Dupilumab in the treatment of genodermatosis: A systematic review.,https://pubmed.ncbi.nlm.nih.gov/36657040/,dupilumab,,,3,no
36657434,pubmed,Tralokinumab for Moderate-to-Severe Atopic Dermatitis in Adults.,https://pubmed.ncbi.nlm.nih.gov/36657434/,tralokinumab,,,1,si
36660960,pubmed,Efficacy of tralokinumab after failure with upadacitinib and dupilumab in a patient affected by atopic dermatitis.,https://pubmed.ncbi.nlm.nih.gov/36660960/,dupilumab; tralokinumab; upadacitinib,,,1,no
36662631,pubmed,Long-term drug survival of dupilumab and associated predictors in moderate-to-severe atopic dermatitis: A real-world prospective cohort study.,https://pubmed.ncbi.nlm.nih.gov/36662631/,dupilumab,,,1,no
36672173,pubmed,Effects of Dupilumab on Itch-Related Events in Atopic Dermatitis: Implications for Assessing Treatment Efficacy in Clinical Practice.,https://pubmed.ncbi.nlm.nih.gov/36672173/,dupilumab,,,4,si
36681073,pubmed,A critical review of upadacitinib for the treatment of adults with moderately to severely active ulcerative colitis.,https://pubmed.ncbi.nlm.nih.gov/36681073/,upadacitinib,,,3,no
36688263,pubmed,Dose reduction of dupilumab in atopic patients with controlled atopic dermatitis: A safe and effective practice?,https://pubmed.ncbi.nlm.nih.gov/36688263/,dupilumab,,,1,no
36689531,pubmed,Interleukin-13 inhibition by tralokinumab reduces inducible T-cell costimulator-positive innate lymphoid cells in skin lesions of atopic dermatitis.,https://pubmed.ncbi.nlm.nih.gov/36689531/,tralokinumab,,,1,no
36695072,pubmed,Expert consensus on the systemic treatment of atopic dermatitis in special populations.,https://pubmed.ncbi.nlm.nih.gov/36695072/,dupilumab; tralokinumab; lebrikizumab; upadacitinib; baricitinib; abrocitinib,,,3,si
36695942,pubmed,Netherton syndrome in a Bulgarian patient : Presentation of a case and an update of therapeutic options.,https://pubmed.ncbi.nlm.nih.gov/36695942/,dupilumab,,,7,no
36702801,pubmed,Safety of tralokinumab in atopic dermatitis.,https://pubmed.ncbi.nlm.nih.gov/36702801/,tralokinumab,,,1,no
36702810,pubmed,Tralokinumab treatment for patients with moderate-to-severe atopic dermatitis in daily practice.,https://pubmed.ncbi.nlm.nih.gov/36702810/,dupilumab; tralokinumab,,,3,si
36704877,pubmed,Improve the dupilumab therapy evaluation with dermoscopy and high-frequency ultrasound in moderate-to-severe atopic dermatitis.,https://pubmed.ncbi.nlm.nih.gov/36704877/,dupilumab,,,5,no
36705509,pubmed,High dupilumab levels in tear fluid of atopic dermatitis patients with moderate-to-severe ocular surface disease.,https://pubmed.ncbi.nlm.nih.gov/36705509/,dupilumab,,,4,no
36705657,pubmed,Dupilumab for Atopic Dermatitis-From Clinical Trials to Molecular and Cellular Mechanisms.,https://pubmed.ncbi.nlm.nih.gov/36705657/,dupilumab,,,2,no
36705936,pubmed,Shedding light on key pharmacological knowledge and strategies for pediatric atopic dermatitis.,https://pubmed.ncbi.nlm.nih.gov/36705936/,dupilumab; upadacitinib; ruxolitinib; crisaborole,,,3,no
36709473,pubmed,Challenges in the Use of the Treat-to-Target Strategy in Atopic Dermatitis in Latin America: A Case Series Review.,https://pubmed.ncbi.nlm.nih.gov/36709473/,dupilumab,,,3,no
36713411,pubmed,Case report: Dupilumab treatment improved type 2 disorders in a patient with IPEX syndrome diagnosis.,https://pubmed.ncbi.nlm.nih.gov/36713411/,dupilumab,,,5,no
36721993,pubmed,Reported Pregnancy Outcomes in Women With Severe Atopic Dermatitis Treated With Dupilumab: A Systematic Review.,https://pubmed.ncbi.nlm.nih.gov/36721993/,dupilumab,,,1,si
36723913,pubmed,Efficacy and Safety of Dupilumab in Patients With Erythrodermic Atopic Dermatitis: A Post Hoc Analysis of 6 Randomized Clinical Trials.,https://pubmed.ncbi.nlm.nih.gov/36723913/,dupilumab,,,6,si
36724039,pubmed,Successful response to upadacitinib in the treatment of atopic dermatitis lesions involving sensitive and visible areas resistant to dupilumab treatment.,https://pubmed.ncbi.nlm.nih.gov/36724039/,dupilumab; upadacitinib,,,1,si
36726353,pubmed,The efficacy and safety of lebrikizumab monotherapy for the management of moderate-to-severe atopic dermatitis: A systematic review and meta-analysis.,https://pubmed.ncbi.nlm.nih.gov/36726353/,lebrikizumab,,,4,no
36732052,pubmed,Multicenter prospective observational study of dupilumab-induced ocular events in atopic dermatitis patients.,https://pubmed.ncbi.nlm.nih.gov/36732052/,dupilumab,,,3,no
36736457,pubmed,Oral Janus kinase inhibitors for atopic dermatitis.,https://pubmed.ncbi.nlm.nih.gov/36736457/,upadacitinib; abrocitinib,,,4,si
36738405,pubmed,"Dupilumab Demonstrates Rapid Onset of Action in Improving Signs, Symptoms and Quality of Life in Adults with Atopic Dermatitis.",https://pubmed.ncbi.nlm.nih.gov/36738405/,dupilumab,,,4,no
36745366,pubmed,Atopic Dermatitis Polypharmacy and Out-Of-Pocket Healthcare Expenses.,https://pubmed.ncbi.nlm.nih.gov/36745366/,dupilumab,,,4,no
36745376,pubmed,A Qualitative Study on Dupilumab's Impact on Atopic Dermatitis Among Adolescent and Adult Patients.,https://pubmed.ncbi.nlm.nih.gov/36745376/,dupilumab,,,3,no
36745377,pubmed,"Burden, Control, and Treatment of Moderate to Severe Atopic Dermatitis in 2021: A United States Patient Survey Study.",https://pubmed.ncbi.nlm.nih.gov/36745377/,dupilumab,,,5,no
36745433,pubmed,Long-term dupilumab therapy in Netherton syndrome with severe atopic manifestations: Case report and review of the literature.,https://pubmed.ncbi.nlm.nih.gov/36745433/,dupilumab,,,2,no
36747484,pubmed,Atopic Dermatitis in Children and Adults—Diagnosis and Treatment.,https://pubmed.ncbi.nlm.nih.gov/36747484/,dupilumab; tralokinumab; upadacitinib; baricitinib; abrocitinib,,,3,si
36749121,pubmed,"Pooled Analysis of Baricitinib Tolerability in Patients With Atopic Dermatitis in Relation to Acne, Headache, and Gastrointestinal Events From 8 Clinical Trials.",https://pubmed.ncbi.nlm.nih.gov/36749121/,baricitinib,,,3,si
36750457,pubmed,"Effect of COVID-19 (SARS-CoV-2) Vaccination on Patients with Atopic Dermatitis Treated with Dupilumab: A Multicenter, Observational Study.",https://pubmed.ncbi.nlm.nih.gov/36750457/,dupilumab,,,4,no
36751339,pubmed,Oral Janus kinase inhibitors in the treatment of atopic dermatitis: A systematic review and meta-analysis.,https://pubmed.ncbi.nlm.nih.gov/36751339/,upadacitinib; baricitinib; abrocitinib,,,5,no
36754548,pubmed,"Safety profile of upadacitinib over 15 000 patient-years across rheumatoid arthritis, psoriatic arthritis, ankylosing spondylitis and atopic dermatitis.",https://pubmed.ncbi.nlm.nih.gov/36754548/,upadacitinib,,,4,si
36756674,pubmed,Serum biomarker-based endotypes of atopic dermatitis in China and prediction for efficacy of dupilumab.,https://pubmed.ncbi.nlm.nih.gov/36756674/,dupilumab,,,4,si
36763412,pubmed,[Guidelines on atopic dermatitis for Mexico (GUIDAMEX): using the ADAPTE methodology].,https://pubmed.ncbi.nlm.nih.gov/36763412/,dupilumab,,,7,no
36763716,pubmed,Development of desquamation with Staphylococcus aureus colonization in patients with atopic dermatitis under treatment with upadacitinib.,https://pubmed.ncbi.nlm.nih.gov/36763716/,upadacitinib,,,1,no
36763728,pubmed,'I feel like a new woman': atopic dermatitis and alopecia areata treated successfully by dupilumab.,https://pubmed.ncbi.nlm.nih.gov/36763728/,dupilumab,,,1,no
36763761,pubmed,Efficacy and safety of upadacitinib in adult patients affected by moderate to severe atopic dermatitis: a 16-week real-life dual-centre experience.,https://pubmed.ncbi.nlm.nih.gov/36763761/,upadacitinib,,,1,si
36763856,pubmed,Strongyloides screening prior to dupilumab therapy in atopic dermatitis: a retrospective cohort study evaluating screening utility.,https://pubmed.ncbi.nlm.nih.gov/36763856/,dupilumab,,,1,no
36763878,pubmed,Integrated safety analysis of baricitinib in adults with severe alopecia areata from two randomized clinical trials.,https://pubmed.ncbi.nlm.nih.gov/36763878/,baricitinib,,,5,no
36763879,pubmed,Efficacy of downtitration or treatment withdrawal compared with continuous dosing after successful treatment with baricitinib in patients with moderate-to-severe atopic dermatitis in a randomized substudy from the long-term extension study BREEZE-AD3.,https://pubmed.ncbi.nlm.nih.gov/36763879/,baricitinib,,,5,si
36763884,pubmed,Patients successfully treated with baricitinib for atopic dermatitis: what happens if they lower their dose or stop treatment?,https://pubmed.ncbi.nlm.nih.gov/36763884/,baricitinib,,,1,no
36767285,pubmed,Improvement of Sexual Function and Sleep Quality in Patients with Atopic Dermatitis Treated with Dupilumab: A Single-Centre Prospective Observational Study.,https://pubmed.ncbi.nlm.nih.gov/36767285/,dupilumab,,,4,no
36769820,pubmed,Efficacy and Treatment Satisfaction of Different Systemic Therapies in Children and Adolescents with Moderate-to-Severe Atopic Dermatitis: A Real-World Study.,https://pubmed.ncbi.nlm.nih.gov/36769820/,dupilumab; upadacitinib,,,3,no
36769838,pubmed,Treatment of Severe Atopic Dermatitis with Dupilumab in Patients with Advanced Cancer.,https://pubmed.ncbi.nlm.nih.gov/36769838/,dupilumab,,,3,no
36779675,pubmed,"Clinically meaningful improvements in cutaneous lesions and quality of life measures in patients with atopic dermatitis with greater pruritus reductions after treatment with 60 mg nemolizumab subcutaneously every 4 weeks: subgroup analysis from a phase 3, randomized, controlled trial.",https://pubmed.ncbi.nlm.nih.gov/36779675/,nemolizumab,,,3,si
36780951,pubmed,Baseline skin cytokine profiles determined by RNA in situ hybridization correlate with response to dupilumab in patients with eczematous dermatitis.,https://pubmed.ncbi.nlm.nih.gov/36780951/,dupilumab,,,3,si
36788789,pubmed,Medically Refractory Lymphocytic Colitis Successfully Treated With Upadacitinib.,https://pubmed.ncbi.nlm.nih.gov/36788789/,upadacitinib,,,1,no
36790724,pubmed,A Review on the Safety of Using JAK Inhibitors in Dermatology: Clinical and Laboratory Monitoring.,https://pubmed.ncbi.nlm.nih.gov/36790724/,upadacitinib; baricitinib; abrocitinib; ruxolitinib,,,4,si
36794894,pubmed,Effectiveness of Upadacitinib in Patients with Atopic Dermatitis including those with Inadequate Response to Dupilumab and/or Baricitinib: Results from the BioDay Registry.,https://pubmed.ncbi.nlm.nih.gov/36794894/,dupilumab; upadacitinib; baricitinib,,,3,si
36797599,pubmed,Abrocitinib: First Globally Approved Selective Janus Kinase-1 Inhibitor for the Treatment of Atopic Dermatitis.,https://pubmed.ncbi.nlm.nih.gov/36797599/,abrocitinib,,,2,no
36798857,pubmed,Lichenoid-granulomatous drug reactions to dupilumab: A report of 2 cases.,https://pubmed.ncbi.nlm.nih.gov/36798857/,dupilumab,,,1,no
36798973,pubmed,The complicated use of dupilumab in the treatment of atypical generalized pemphigus Erythematous: A report of two cases.,https://pubmed.ncbi.nlm.nih.gov/36798973/,dupilumab,,,3,no
36799867,pubmed,Abrocitinib for the Treatment of Moderate-to-Severe Atopic Dermatitis.,https://pubmed.ncbi.nlm.nih.gov/36799867/,abrocitinib,,,3,no
36800177,pubmed,Efficacy of Dupilumab in Children 6 Months to 11 Years Old With Atopic Dermatitis: A Retrospective Real-World Study in China.,https://pubmed.ncbi.nlm.nih.gov/36800177/,dupilumab,,,3,si
36802049,pubmed,Baricitinib Safety for Events of Special Interest in Populations at Risk: Analysis from Randomised Trial Data Across Rheumatologic and Dermatologic Indications.,https://pubmed.ncbi.nlm.nih.gov/36802049/,baricitinib,,,5,no
36805053,pubmed,Targeting Skin Barrier Function in Atopic Dermatitis.,https://pubmed.ncbi.nlm.nih.gov/36805053/,atopic_dermatitis,,,3,no
36808602,pubmed,Efficacy and Safety of Dupilumab Maintained in Adults ≥ 60 Years of Age with Moderate-to-Severe Atopic Dermatitis: Analysis of Pooled Data from Four Randomized Clinical Trials.,https://pubmed.ncbi.nlm.nih.gov/36808602/,dupilumab,,,4,si
36809172,pubmed,Upadacitinib for the treatment of concomitant psoriasis and atopic dermatitis: a case series.,https://pubmed.ncbi.nlm.nih.gov/36809172/,upadacitinib,,,2,si
36810032,pubmed,LiverTox®: Clinical and Research Information on Drug-Induced Liver Injury [Internet]. Bethesda (MD): National Institute of Diabetes and Digestive and Kidney Diseases; 2012–. 2023 Jan 23.,https://pubmed.ncbi.nlm.nih.gov/36810032/,tralokinumab,,,1,no
36815666,pubmed,Use of dupilumab for atopic dermatitis in young transplant patients-A case series of 3 patients.,https://pubmed.ncbi.nlm.nih.gov/36815666/,dupilumab,,,1,no
36820709,pubmed,Severe atopic dermatitis and dupilumab.,https://pubmed.ncbi.nlm.nih.gov/36820709/,dupilumab,,,1,no
36822353,pubmed,Assessing the ethics of prior authorization denials and step therapy policies in dermatology.,https://pubmed.ncbi.nlm.nih.gov/36822353/,atopic_dermatitis,,,1,no
36830772,pubmed,"New Indications of Biological Drugs in Allergic and Immunological Disorders: Beyond Asthma, Urticaria, and Atopic Dermatitis.",https://pubmed.ncbi.nlm.nih.gov/36830772/,dupilumab,,,2,no
36839707,pubmed,Efficacy and Safety of JAK1 Inhibitor Abrocitinib in Atopic Dermatitis.,https://pubmed.ncbi.nlm.nih.gov/36839707/,dupilumab; abrocitinib,,,2,si
36839890,pubmed,Targeting Interleukin 13 for the Treatment of Atopic Dermatitis.,https://pubmed.ncbi.nlm.nih.gov/36839890/,tralokinumab; lebrikizumab,,,3,no
36839897,pubmed,Blockage of the IL-31 Pathway as a Potential Target Therapy for Atopic Dermatitis.,https://pubmed.ncbi.nlm.nih.gov/36839897/,nemolizumab,,,3,si
36840396,pubmed,Higher levels of response on clinical atopic dermatitis severity measures are associated with meaningful improvements in patient-reported symptom and quality of life measures: Integrated analysis of three Upadacitinib phase 3 trials.,https://pubmed.ncbi.nlm.nih.gov/36840396/,upadacitinib,,,4,si
36842474,pubmed,Atopic Dermatitis and Multilocular Alopecia Areata Simultaneously Treated With Baricitinib.,https://pubmed.ncbi.nlm.nih.gov/36842474/,baricitinib,,,1,no
36842916,pubmed,ILC2s in skin disorders.,https://pubmed.ncbi.nlm.nih.gov/36842916/,dupilumab,,,3,no
36846564,pubmed,Dupilumab: Direct Cost and Clinical Evaluation in Patients with Atopic Dermatitis.,https://pubmed.ncbi.nlm.nih.gov/36846564/,dupilumab,,,2,no
36848281,pubmed,New Concepts in Barrier Dysfunction in CRSwNP and Emerging Roles of Tezepelumab and Dupilumab.,https://pubmed.ncbi.nlm.nih.gov/36848281/,dupilumab,,,2,no
36848918,pubmed,"Baricitinib for systemic lupus erythematosus: a double-blind, randomised, placebo-controlled, phase 3 trial (SLE-BRAVE-I).",https://pubmed.ncbi.nlm.nih.gov/36848918/,baricitinib,,,5,no
36848919,pubmed,"Baricitinib for systemic lupus erythematosus: a double-blind, randomised, placebo-controlled, phase 3 trial (SLE-BRAVE-II).",https://pubmed.ncbi.nlm.nih.gov/36848919/,baricitinib,,,5,no
36848955,pubmed,"[Translated article] Haptens, Proteins, and Atopic Dermatitis.",https://pubmed.ncbi.nlm.nih.gov/36848955/,dupilumab,,,2,no
36854134,pubmed,Non-Infectious Uveitis Secondary to Dupilumab Treatment in Atopic Dermatitis Patients Shows a Pro-Inflammatory Molecular Profile.,https://pubmed.ncbi.nlm.nih.gov/36854134/,dupilumab,,,2,no
36856013,pubmed,Long-term psychological outcome of patients with moderate-to-severe atopic dermatitis continuously treated with Dupilumab: Data up to 3 years.,https://pubmed.ncbi.nlm.nih.gov/36856013/,dupilumab,,,3,no
36856388,pubmed,Real-world effectiveness and safety of upadacitinib in Japanese patients with atopic dermatitis: a two-centre retrospective study.,https://pubmed.ncbi.nlm.nih.gov/36856388/,upadacitinib,,,1,si
36858155,pubmed,Unmasking a masquerader: Mycosis fungoides unveiled after dupilumab treatment.,https://pubmed.ncbi.nlm.nih.gov/36858155/,dupilumab,,,1,no
36865877,pubmed,Successful Treatment of Erythrodermic Atopic Dermatitis with Dupilumab in a 5-Year-Old Girl: A Case Report with Review of Literature.,https://pubmed.ncbi.nlm.nih.gov/36865877/,dupilumab,,,1,no
36883801,pubmed,Real-life efficacy and safety of upadacitinib in adolescents with moderate-to-severe atopic dermatitis unresponsive to dupilumab: A case series.,https://pubmed.ncbi.nlm.nih.gov/36883801/,dupilumab; upadacitinib,,,1,si
36884218,pubmed,Human germline heterozygous gain-of-function STAT6 variants cause severe allergic disease.,https://pubmed.ncbi.nlm.nih.gov/36884218/,dupilumab,,,3,no
36890685,pubmed,Efficacy and safety of baricitinib treatment for moderate to severe atopic dermatitis in real-world practice in Japan.,https://pubmed.ncbi.nlm.nih.gov/36890685/,baricitinib,,,4,si
36894196,pubmed,IgG4-related disease administered dupilumab: case series and review of the literature.,https://pubmed.ncbi.nlm.nih.gov/36894196/,dupilumab,,,4,no
36905481,pubmed,Nemolizumab Improves Patient-Reported Symptoms of Atopic Dermatitis with Pruritus: Post Hoc Analysis of a Japanese Phase III Randomized Controlled Trial.,https://pubmed.ncbi.nlm.nih.gov/36905481/,nemolizumab,,,5,si
36912484,pubmed,Maintained improvement in physician- and patient-reported outcomes with baricitinib in adults with moderate-to-severe atopic dermatitis who were treated for up to 104 weeks in a randomized trial.,https://pubmed.ncbi.nlm.nih.gov/36912484/,baricitinib,,,3,si
36914982,pubmed,Dupilumab-associated cutaneous adverse events among adult patients with atopic dermatitis: A retrospective study.,https://pubmed.ncbi.nlm.nih.gov/36914982/,dupilumab,,,4,si
36916105,pubmed,Combined application of dupilumab and mite allergen-specific immunotherapy in children with moderate to severe atopic dermatitis.,https://pubmed.ncbi.nlm.nih.gov/36916105/,dupilumab,,,3,no
36917522,pubmed,Ocular Adverse Events in Patients With Atopic Dermatitis Treated With Upadacitinib: A Real-Life Experience.,https://pubmed.ncbi.nlm.nih.gov/36917522/,dupilumab; upadacitinib,,,3,no
36917539,pubmed,"Exploring the Relationship Between Dermatology Life Quality Index, Eczema Area and Severity Index, and Sleep Numerical Rating Scale and Pruritus Numerical Rating Scale in Patients with Atopic Dermatitis Treated with Dupilumab.",https://pubmed.ncbi.nlm.nih.gov/36917539/,dupilumab,,,3,no
36920778,pubmed,Two Phase 3 Trials of Lebrikizumab for Moderate-to-Severe Atopic Dermatitis.,https://pubmed.ncbi.nlm.nih.gov/36920778/,lebrikizumab,,,9,si
36922463,pubmed,"Similarities and Differences in the Perception of Atopic Dermatitis Burden Between Patients, Caregivers, and Independent Physicians (AD-GAP Survey).",https://pubmed.ncbi.nlm.nih.gov/36922463/,atopic_dermatitis,,,4,no
36927393,pubmed,Dupilumab for the treatment of atopic dermatitis of the elderly: a real-life 52-week experience.,https://pubmed.ncbi.nlm.nih.gov/36927393/,dupilumab,,,1,no
36934403,pubmed,"Dupilumab-associated ocular surface disease in atopic dermatitis patients: Clinical characteristics, ophthalmic treatment response and conjunctival goblet cell analysis.",https://pubmed.ncbi.nlm.nih.gov/36934403/,dupilumab,,,4,no
36937029,pubmed,Association between short-term exposure to environmental air pollution and atopic dermatitis flare in patients treated with dupilumab.,https://pubmed.ncbi.nlm.nih.gov/36937029/,dupilumab,,,3,no
36944819,pubmed,Real-Life Effectiveness and Tolerance of Upadacitinib for Severe Atopic Dermatitis in Adolescents and Adults.,https://pubmed.ncbi.nlm.nih.gov/36944819/,upadacitinib; baricitinib,,,4,si
36946306,pubmed,"JAK inhibitors in dermatology: the road travelled and path ahead, a narrative review.",https://pubmed.ncbi.nlm.nih.gov/36946306/,atopic_dermatitis,,,2,no
36948491,pubmed,Biologic Versus Small Molecule Therapy for Treating Moderate to Severe Atopic Dermatitis: Clinical Considerations.,https://pubmed.ncbi.nlm.nih.gov/36948491/,dupilumab; tralokinumab; lebrikizumab; nemolizumab; upadacitinib; abrocitinib,,,2,si
36958520,pubmed,Dupilumab Inhibits Vascular Leakage of Blood Proteins Into Atopic Dermatitis Skin.,https://pubmed.ncbi.nlm.nih.gov/36958520/,dupilumab,,,4,no
36968828,pubmed,Case report: Dupilumab leads to an increased chance of head and neck Staphylococcus aureus infection in atopic dermatitis patients.,https://pubmed.ncbi.nlm.nih.gov/36968828/,dupilumab,,,1,no
36976838,pubmed,Dupilumab and Atopic Dermatitis Flares: An Observational Study to Identify Common Clinical Features in Patients Who Have Exacerbations Despite Biological Therapy.,https://pubmed.ncbi.nlm.nih.gov/36976838/,dupilumab,,,1,no
36983107,pubmed,Blood Cells Count Derived Inflammation Indexes as Predictors of Early Treatment Response to Dupilumab in Patients with Moderate-to-Severe Atopic Dermatitis.,https://pubmed.ncbi.nlm.nih.gov/36983107/,dupilumab,,,3,no
36983191,pubmed,Is Dupilumab as Effective in Intrinsic Atopic Dermatitis as It Is in Extrinsic Atopic Dermatitis?,https://pubmed.ncbi.nlm.nih.gov/36983191/,dupilumab,,,3,no
36983203,pubmed,The Eosinophil-to-Lymphocyte Ratio Acts as an Indicator for Improvement of Clinical Signs and Itch by Upadacitinib Treatment in Atopic Dermatitis.,https://pubmed.ncbi.nlm.nih.gov/36983203/,upadacitinib,,,3,si
36984542,pubmed,Atopic Dermatitis and Ulcerative Colitis Successfully Treated with Upadacitinib.,https://pubmed.ncbi.nlm.nih.gov/36984542/,upadacitinib,,,3,no
36988167,pubmed,"[Dupilumab: beyond atopic dermatitis, off-label use in dermatology].",https://pubmed.ncbi.nlm.nih.gov/36988167/,dupilumab,,,2,no
36994947,pubmed,Efficacy and safety of lebrikizumab in moderate-to-severe atopic dermatitis: 52-week results of two randomized double-blinded placebo-controlled phase III trials.,https://pubmed.ncbi.nlm.nih.gov/36994947/,lebrikizumab,,,4,si
36995919,pubmed,The impact of dupilumab on skin barrier function: A systematic review.,https://pubmed.ncbi.nlm.nih.gov/36995919/,dupilumab,,,2,no
36997108,pubmed,Biological Tipping Point in Patients with Atopic Dermatitis Treated with Different Dosing Intervals of Dupilumab.,https://pubmed.ncbi.nlm.nih.gov/36997108/,dupilumab,,,1,no
36999560,pubmed,"Efficacy and safety of baricitinib in combination with topical corticosteroids in paediatric patients with moderate-to-severe atopic dermatitis with an inadequate response to topical corticosteroids: results from a phase III, randomized, double-blind, placebo-controlled study (BREEZE-AD PEDS).",https://pubmed.ncbi.nlm.nih.gov/36999560/,baricitinib,,,5,si
37000107,pubmed,A case of chronic eosinophilic pneumonia associated with rheumatoid arthritis in glucocorticoid-free remission with JAK inhibitor: A case report.,https://pubmed.ncbi.nlm.nih.gov/37000107/,baricitinib,,,4,no
37001174,pubmed,Patch Testing in Patients With Severe Atopic Dermatitis Treated With Dupilumab: A Multicentric Approach in Spain.,https://pubmed.ncbi.nlm.nih.gov/37001174/,dupilumab,,,3,no
37009430,pubmed,Barrier Factors of Adherence to Dupilumab Self-Injection for Severe Allergic Disease: A Non-Interventional Open-Label Study.,https://pubmed.ncbi.nlm.nih.gov/37009430/,dupilumab,,,3,no
37011607,pubmed,Successful Treatment of Prurigo Nodularis by Dupilumab: Report of 24 Patients.,https://pubmed.ncbi.nlm.nih.gov/37011607/,dupilumab,,,3,no
37012527,pubmed,Real-Life Experience of Tralokinumab for the Treatment of Adult Patients with Severe Atopic Dermatitis: A Multicentric Prospective Study.,https://pubmed.ncbi.nlm.nih.gov/37012527/,dupilumab; tralokinumab; upadacitinib,,,3,no
37026876,pubmed,Dupilumab Induced Hair Regrowth in Alopecia Totalis.,https://pubmed.ncbi.nlm.nih.gov/37026876/,dupilumab,,,1,no
37032440,pubmed,Dupilumab but not cyclosporine treatment shifts the microbiome toward a healthy skin flora in patients with moderate-to-severe atopic dermatitis.,https://pubmed.ncbi.nlm.nih.gov/37032440/,dupilumab,,,4,si
37032446,pubmed,Early improvements in signs and symptoms predict clinical response to baricitinib in patients with moderate-to-severe atopic dermatitis.,https://pubmed.ncbi.nlm.nih.gov/37032446/,baricitinib,,,4,no
37036183,pubmed,Efficacy and safety of abrocitinib monotherapy in adolescents and adults: a post hoc analysis of the phase 3 JAK1 atopic dermatitis efficacy and safety (JADE) REGIMEN clinical trial.,https://pubmed.ncbi.nlm.nih.gov/37036183/,abrocitinib,,,3,si
37043227,pubmed,"Efficacy and Safety of Upadacitinib Treatment in Adolescents With Moderate-to-Severe Atopic Dermatitis: Analysis of the Measure Up 1, Measure Up 2, and AD Up Randomized Clinical Trials.",https://pubmed.ncbi.nlm.nih.gov/37043227/,upadacitinib,,,5,si
37047166,pubmed,Interactions between Malassezia and New Therapeutic Agents in Atopic Dermatitis Affecting Skin Barrier and Inflammation in Recombinant Human Epidermis Model.,https://pubmed.ncbi.nlm.nih.gov/37047166/,dupilumab; ruxolitinib,,,3,si
37071375,pubmed,"The association between eosinophils (CD16(+) eosinophils), basophils (CD203(+) basophils), and CD23 B lymphocytes in patients with atopic dermatitis on dupilumab therapy: pilot study.",https://pubmed.ncbi.nlm.nih.gov/37071375/,dupilumab,,,5,si
37072648,pubmed,Emerging Systemic Treatments for Atopic Dermatitis.,https://pubmed.ncbi.nlm.nih.gov/37072648/,dupilumab,,,4,no
37074705,pubmed,Efficacy and Safety of Tralokinumab in Adolescents With Moderate to Severe Atopic Dermatitis: The Phase 3 ECZTRA 6 Randomized Clinical Trial.,https://pubmed.ncbi.nlm.nih.gov/37074705/,tralokinumab,,,6,si
37077807,pubmed,Upadacitinib-induced paradoxical face and scalp dermatitis: A case report of a novel sequela.,https://pubmed.ncbi.nlm.nih.gov/37077807/,upadacitinib,,,2,no
37088954,pubmed,The effectiveness and safety of dupilumab in the management of refractory prurigo nodularis in 45 Chinese patients: A real-life observational study.,https://pubmed.ncbi.nlm.nih.gov/37088954/,dupilumab,,,4,no
37089754,pubmed,Upadacitinib for management of recalcitrant alopecia areata: A retrospective case series.,https://pubmed.ncbi.nlm.nih.gov/37089754/,upadacitinib,,,1,no
37089829,pubmed,Emerging Role of Baricitinib in Dermatology Practice: All We Need to Know!,https://pubmed.ncbi.nlm.nih.gov/37089829/,baricitinib,,,3,no
37091550,pubmed,Effectiveness and safety of dupilumab in adults with moderate and severe atopic dermatitis in Colombia: Real-life experience.,https://pubmed.ncbi.nlm.nih.gov/37091550/,dupilumab,,,4,no
37092275,pubmed,Comparison of different skin care regimens in patients with moderate to severe atopic dermatitis receiving systemic treatment: A randomized controlled trial.,https://pubmed.ncbi.nlm.nih.gov/37092275/,dupilumab,,,5,no
37094084,pubmed,Intriguing findings on lebrikizumab for treating moderate-to-severe atopic dermatitis.,https://pubmed.ncbi.nlm.nih.gov/37094084/,lebrikizumab,,,1,no
37097547,pubmed,"Evaluation of Leukocytes, B and T Lymphocytes, and expression of CD200 and CD23 on B lymphocytes in Patients with Atopic Dermatitis on Dupilumab Therapy-Pilot Study.",https://pubmed.ncbi.nlm.nih.gov/37097547/,dupilumab,,,6,si
37098171,pubmed,Treatment of severe atopic dermatitis with tralokinumab in clinical practice: short-term effectiveness and safety results.,https://pubmed.ncbi.nlm.nih.gov/37098171/,tralokinumab,,,3,no
37098906,pubmed,The clinical relevance of dupilumab serum concentration in patients with atopic dermatitis: a two-center prospective cohort study.,https://pubmed.ncbi.nlm.nih.gov/37098906/,dupilumab,,,3,no
37100035,pubmed,Dupilumab-Associated Psoriasis and Psoriasiform Manifestations: A Scoping Review.,https://pubmed.ncbi.nlm.nih.gov/37100035/,dupilumab,,,1,si
37108720,pubmed,How to Understand Personalized Medicine in Atopic Dermatitis Nowadays?,https://pubmed.ncbi.nlm.nih.gov/37108720/,dupilumab; tralokinumab; lebrikizumab; nemolizumab; upadacitinib; baricitinib; abrocitinib,,,3,si
37111517,pubmed,Association between Dupilumab and Conjunctivitis: A Systematic Review and Meta-Analysis of Randomized Controlled Trials.,https://pubmed.ncbi.nlm.nih.gov/37111517/,dupilumab,,,3,no
37119871,pubmed,The neglected twin: Nummular eczema is a variant of atopic dermatitis with codominant T(H)2/T(H)17 immune response.,https://pubmed.ncbi.nlm.nih.gov/37119871/,dupilumab,,,3,no
37121713,pubmed,[Pharmacological profiles and clinical findings of nemolizumab as treatment for pruritus associated with atopic dermatitis].,https://pubmed.ncbi.nlm.nih.gov/37121713/,nemolizumab,,,3,si
37122507,pubmed,Dupilumab for treatment of severe atopic dermatitis accompanied by lichenoid amyloidosis in adults: Two case reports.,https://pubmed.ncbi.nlm.nih.gov/37122507/,dupilumab,,,4,no
37123319,pubmed,Successful treatment of lichen amyloidosis coexisting with atopic dermatitis by dupilumab: Four case reports.,https://pubmed.ncbi.nlm.nih.gov/37123319/,dupilumab,,,2,no
37143399,pubmed,Dupilumab for atopic dermatitis during pregnancy and breastfeeding: Clinical experience in 13 patients.,https://pubmed.ncbi.nlm.nih.gov/37143399/,dupilumab,,,1,si
37150301,pubmed,"Tralokinumab shows clinical improvement in patients with prurigo nodularis-like phenotype atopic dermatitis: A multicenter, prospective, open-label case series study.",https://pubmed.ncbi.nlm.nih.gov/37150301/,atopic_dermatitis,,,1,no
37152103,pubmed,The Application of Dupilumab to Pediatric Patients Aged 6-11yrs with Moderate-to-Severe Atopic Dermatitis Whose Disease is Not Adequately Controlled: The Clinical Data so Far.,https://pubmed.ncbi.nlm.nih.gov/37152103/,dupilumab,,,3,no
37153326,pubmed,Cat Eye Syndrome with a Unique Liver and Dermatological Presentation.,https://pubmed.ncbi.nlm.nih.gov/37153326/,dupilumab,,,5,no
37153599,pubmed,High loading-dose of dupilumab resulted in rapid disease control in pediatric patients with atopic dermatitis.,https://pubmed.ncbi.nlm.nih.gov/37153599/,dupilumab,,,4,si
37154265,pubmed,Nine cases of chronic hand and foot eczema treated with baricitinib.,https://pubmed.ncbi.nlm.nih.gov/37154265/,baricitinib,,,2,no
37156985,pubmed,Health technology management: the experience of a managed access approach to the reimbursement of dupilumab in Ireland.,https://pubmed.ncbi.nlm.nih.gov/37156985/,dupilumab,,,3,no
37158349,pubmed,Diagnosis of Mycosis Fungoides after Dupilumab Treatment for Atopic Dermatitis.,https://pubmed.ncbi.nlm.nih.gov/37158349/,dupilumab,,,1,no
37163257,pubmed,Efficacy of Integrated Online Mindfulness and Self-compassion Training for Adults With Atopic Dermatitis: A Randomized Clinical Trial.,https://pubmed.ncbi.nlm.nih.gov/37163257/,dupilumab,,,5,no
37163452,pubmed,"Characterization of a Musculoskeletal Syndrome of Enthesitis and Arthritis in Patients With Atopic Dermatitis Treated With Dupilumab, an Interleukin-4/13 Inhibitor.",https://pubmed.ncbi.nlm.nih.gov/37163452/,dupilumab,,,3,no
37168482,pubmed,Relapse of Eosinophilic Esophagitis on Dupilumab.,https://pubmed.ncbi.nlm.nih.gov/37168482/,dupilumab,,,2,no
37168913,pubmed,Real World Experience With Dupilumab in Eosinophilic Esophagitis in Children and Young Adults at a Tertiary Care Pediatric Medical Center.,https://pubmed.ncbi.nlm.nih.gov/37168913/,dupilumab,,,2,no
37169293,pubmed,Beneficial effects of upadacitinib on alopecia areata associated with atopic dermatitis: A multicenter retrospective study.,https://pubmed.ncbi.nlm.nih.gov/37169293/,upadacitinib,,,1,no
37169576,pubmed,Hyperthyroidism in a 15-year-old adolescent treated with Dupilumab for severe allergic asthma and atopic dermatitis.,https://pubmed.ncbi.nlm.nih.gov/37169576/,dupilumab,,,2,no
37170653,pubmed,The evolving landscape of immunotherapy for the treatment of allergic conditions.,https://pubmed.ncbi.nlm.nih.gov/37170653/,dupilumab; tralokinumab,,,2,no
37170922,pubmed,"Efficacy and safety of dupilumab in patients with severe chronic hand eczema with inadequate response or intolerance to alitretinoin: a randomized, double-blind, placebo-controlled phase IIb proof-of-concept study.",https://pubmed.ncbi.nlm.nih.gov/37170922/,dupilumab,,,4,si
37172898,pubmed,[Translated article] BIOBADATOP Spanish Atopic Dermatitis Registry: Description and Early Findings.,https://pubmed.ncbi.nlm.nih.gov/37172898/,dupilumab,,,5,no
37176743,pubmed,Definition of the Clinical Characteristics of Patients with Moderate and Severe Atopic Dermatitis for Whom Narrow-Band UVB (NB-UVB) and Medium-Dose UVA1 Phototherapies Are Still Valuable Treatment Options at the Age of Biologics.,https://pubmed.ncbi.nlm.nih.gov/37176743/,atopic_dermatitis,,,3,no
37177895,pubmed,Successful tapering of dupilumab in patients with atopic dermatitis with low disease activity: a large pragmatic daily practice study from the BioDay registry.,https://pubmed.ncbi.nlm.nih.gov/37177895/,dupilumab,,,4,no
37180768,pubmed,Optimal Use of Jak Inhibitors and Biologics for Atopic Dermatitis on the Basis of the Current Evidence.,https://pubmed.ncbi.nlm.nih.gov/37180768/,dupilumab; tralokinumab; nemolizumab; upadacitinib; baricitinib; abrocitinib,,,3,si
37182063,pubmed,Delayed Hyperpigmented Injection Site Reactions Due to Chronic Dupilumab Use.,https://pubmed.ncbi.nlm.nih.gov/37182063/,dupilumab,,,1,no
37184290,pubmed,Effect of upadacitinib on atopic hand eczema in patients with moderate-to-severe atopic dermatitis: Results from two randomized phase 3 trials.,https://pubmed.ncbi.nlm.nih.gov/37184290/,upadacitinib,,,3,si
37185825,pubmed,New molecules for atopic dermatitis treatment beyond biological therapy.,https://pubmed.ncbi.nlm.nih.gov/37185825/,upadacitinib; baricitinib; abrocitinib; ruxolitinib; delgocitinib,,,2,no
37186170,pubmed,Dual Interleukin-4/Interleukin-13 Blocker-induced Arthralgia Treated Successfully with Upadacitinib in a Patient with Atopic Dermatitis.,https://pubmed.ncbi.nlm.nih.gov/37186170/,upadacitinib,,,1,no
37189381,pubmed,Dupilumab in Inflammatory Skin Diseases: A Systematic Review.,https://pubmed.ncbi.nlm.nih.gov/37189381/,dupilumab,,,2,si
37194577,pubmed,Upadacitinib for moderate to severe atopic dermatitis.,https://pubmed.ncbi.nlm.nih.gov/37194577/,upadacitinib,,,3,no
37195407,pubmed,Safety of Lebrikizumab in Adults and Adolescents with Moderate-to-Severe Atopic Dermatitis: An Integrated Analysis of Eight Clinical Trials.,https://pubmed.ncbi.nlm.nih.gov/37195407/,lebrikizumab,,,4,si
37200480,pubmed,Report of two sisters with Netherton syndrome successfully treated with dupilumab and review of the literature.,https://pubmed.ncbi.nlm.nih.gov/37200480/,dupilumab,,,2,no
37203177,pubmed,The differential effects of upadacitinib treatment on skin rashes of four anatomical sites in patients with atopic dermatitis.,https://pubmed.ncbi.nlm.nih.gov/37203177/,upadacitinib,,,3,si
37205852,pubmed,A Review of Dupilumab-Induced Adverse Events to Dermatologists and the Potential Pathogenesis in the Treatment of Atopic Dermatitis.,https://pubmed.ncbi.nlm.nih.gov/37205852/,dupilumab,,,3,no
37212737,pubmed,Morphea after initiation of dupilumab in two pediatric atopic dermatitis patients.,https://pubmed.ncbi.nlm.nih.gov/37212737/,dupilumab,,,1,no
37213005,pubmed,Efficacy and Safety of Abrocitinib in Patients with Severe and/or Difficult-to-Treat Atopic Dermatitis: A Post Hoc Analysis of the Randomized Phase 3 JADE COMPARE Trial.,https://pubmed.ncbi.nlm.nih.gov/37213005/,dupilumab; abrocitinib,,,7,si
37214438,pubmed,Efficacy and safety of abrocitinib for moderate-to-severe atopic dermatitis in adolescents and adults: Meta-analysis.,https://pubmed.ncbi.nlm.nih.gov/37214438/,abrocitinib,,,3,no
37219501,pubmed,Therapeutic Effect of Dupilumab on Systemic and Vascular Inflammation in Adults with Severe Atopic Dermatitis: Feasibility Study Using 18F-Fluorodeoxyglucose Positron Emission Tomography-Computed Tomography.,https://pubmed.ncbi.nlm.nih.gov/37219501/,dupilumab,,,3,si
37225469,pubmed,[ANALYSIS OF 201 PATIENTS WITH ATOPIC DERMATITIS RECEIVING DUPILUMAB AT TOKYO MEDICAL UNIVERSITY HOSPITAL].,https://pubmed.ncbi.nlm.nih.gov/37225469/,dupilumab,,,3,no
37225614,pubmed,Failure of dupilumab in a severe case of hidradenitis suppurativa.,https://pubmed.ncbi.nlm.nih.gov/37225614/,dupilumab,,,1,no
37225932,pubmed,Diagnosis and Management of Pediatric Chronic Hand Eczema: The PeDRA CACHES Survey.,https://pubmed.ncbi.nlm.nih.gov/37225932/,dupilumab,,,3,si
37226395,pubmed,Results from 1 year of treatment with lebrikizumab for atopic dermatitis.,https://pubmed.ncbi.nlm.nih.gov/37226395/,lebrikizumab,,,1,no
37230366,pubmed,"Efficacy and safety of switching from dupilumab to upadacitinib versus continuous upadacitinib in moderate-to-severe atopic dermatitis: Results from an open-label extension of the phase 3, randomized, controlled trial (Heads Up).",https://pubmed.ncbi.nlm.nih.gov/37230366/,dupilumab; upadacitinib,,,3,si
37232215,pubmed,Population pharmacokinetic and exposure-response modelling to inform upadacitinib dose selection in adolescent and adult patients with atopic dermatitis.,https://pubmed.ncbi.nlm.nih.gov/37232215/,upadacitinib,,,4,no
37240520,pubmed,COVID-19-Associated Disease Course Is Shortened in Moderate-to-Severe Atopic Dermatitis Patients Receiving Dupilumab Treatment: A Retrospective Cross-Sectional Study.,https://pubmed.ncbi.nlm.nih.gov/37240520/,dupilumab,,,4,no
37245505,pubmed,Comparison of Efficacy of Baricitinib and Dupilumab in the Treatment of Chinese Moderate-To-Severe Atopic Dermatitis: A Retrospective Study.,https://pubmed.ncbi.nlm.nih.gov/37245505/,dupilumab; baricitinib,,,4,si
37247226,pubmed,Upadacitinib for moderate-to-severe atopic dermatitis: Stratified analysis from three randomized phase 3 trials by key baseline characteristics.,https://pubmed.ncbi.nlm.nih.gov/37247226/,upadacitinib,,,5,si
37247942,pubmed,JAK inhibitors and the risk of malignancy: a meta-analysis across disease indications.,https://pubmed.ncbi.nlm.nih.gov/37247942/,upadacitinib; baricitinib,,,4,no
37250007,pubmed,Vitiligo during dupilumab therapy.,https://pubmed.ncbi.nlm.nih.gov/37250007/,dupilumab,,,1,no
37254941,pubmed,Comparing how well abrocitinib and dupilumab treat atopic dermatitis signs and symptoms: a plain language summary.,https://pubmed.ncbi.nlm.nih.gov/37254941/,dupilumab; abrocitinib,,,3,si
37254967,pubmed,Exploring the role of Janus kinase (JAK) in atopic dermatitis: a review of molecular mechanisms and therapeutic strategies.,https://pubmed.ncbi.nlm.nih.gov/37254967/,dupilumab,,,2,no
37266844,pubmed,Lebrikizumab for the Treatment of Moderate-to-Severe Atopic Dermatitis.,https://pubmed.ncbi.nlm.nih.gov/37266844/,lebrikizumab,,,3,no
37270763,pubmed,Dupilumab-associated mycosis fungoides: a cross-sectional study.,https://pubmed.ncbi.nlm.nih.gov/37270763/,dupilumab,,,5,no
37272353,pubmed,Adipose-derived stem cell exosomes for treatment of dupilumab-related facial redness in patients with atopic dermatitis.,https://pubmed.ncbi.nlm.nih.gov/37272353/,dupilumab,,,3,no
37275804,pubmed,Biologics-Induced Immunophenotypic Cross-Switching in Patients with Psoriasis and Atopic Dermatitis.,https://pubmed.ncbi.nlm.nih.gov/37275804/,dupilumab,,,3,no
37290670,pubmed,Atopic Dermatitis Patient With Hepatitis C Treated With Dupilumab-A Case Report.,https://pubmed.ncbi.nlm.nih.gov/37290670/,dupilumab,,,1,no
37294921,pubmed,Investigating the risk of deep vein thrombosis with JAK inhibitors: a disproportionality analysis using FDA Adverse Event Reporting System Database (FAERS).,https://pubmed.ncbi.nlm.nih.gov/37294921/,upadacitinib; baricitinib,,,3,no
37300760,pubmed,Dupilumab Provides Clinically Meaningful Responses in Children Aged 6-11 Years with Severe Atopic Dermatitis: Post Hoc Analysis Results from a Phase III Trial.,https://pubmed.ncbi.nlm.nih.gov/37300760/,dupilumab,,,4,si
37306600,pubmed,Conjunctivitis in atopic dermatitis patients treated with dupilumab-Worsening of pre-existing disease or de novo development?,https://pubmed.ncbi.nlm.nih.gov/37306600/,dupilumab,,,1,no
37310063,pubmed,Post-Marketing Safety Concerns with Upadacitinib: A Disproportionality Analysis of the FDA Adverse Event Reporting system.,https://pubmed.ncbi.nlm.nih.gov/37310063/,upadacitinib,,,3,no
37310643,pubmed,"Binding, Neutralization and Internalization of the Interleukin-13 Antibody, Lebrikizumab.",https://pubmed.ncbi.nlm.nih.gov/37310643/,tralokinumab; lebrikizumab,,,3,si
37314719,pubmed,Lebrikizumab for Moderate-to-Severe Atopic Dermatitis. Reply.,https://pubmed.ncbi.nlm.nih.gov/37314719/,lebrikizumab,,,1,si
37315812,pubmed,Rapid reduction in Staphylococcus aureus in atopic dermatitis subjects following dupilumab treatment.,https://pubmed.ncbi.nlm.nih.gov/37315812/,dupilumab,,,5,si
37318750,pubmed,"Safety and Efficacy of Lebrikizumab in Adolescent Patients with Moderate-to-Severe Atopic Dermatitis: A 52-Week, Open-Label, Phase 3 Study.",https://pubmed.ncbi.nlm.nih.gov/37318750/,lebrikizumab,,,5,si
37318771,pubmed,Updated Review on Treatment of Atopic Dermatitis.,https://pubmed.ncbi.nlm.nih.gov/37318771/,dupilumab; tralokinumab; lebrikizumab; nemolizumab; upadacitinib; baricitinib; abrocitinib,,,2,si
37319109,pubmed,"Abrocitinib effect on patient-reported outcomes in patients with moderate-to-severe atopic dermatitis: Results from phase 3 studies, including the long-term extension JADE EXTEND study.",https://pubmed.ncbi.nlm.nih.gov/37319109/,abrocitinib,,,4,no
37322324,pubmed,Long-term Effectiveness and Safety of Upadacitinib for Atopic Dermatitis in a Real-world Setting: An Interim Analysis Through 48 Weeks of Observation.,https://pubmed.ncbi.nlm.nih.gov/37322324/,upadacitinib,,,6,si
37332021,pubmed,Baseline Body Surface Area and Itch Severity Define Response to Baricitinib in Patients with Moderate-to-Severe Atopic Dermatitis at Week 16.,https://pubmed.ncbi.nlm.nih.gov/37332021/,baricitinib,,,4,si
37332971,pubmed,Efficacy and safety of abrocitinib and upadacitinib versus dupilumab in adults with moderate-to-severe atopic dermatitis: A systematic review and meta-analysis.,https://pubmed.ncbi.nlm.nih.gov/37332971/,dupilumab; upadacitinib; abrocitinib,,,4,no
37335885,pubmed,"Abrocitinib efficacy and safety in patients with moderate-to-severe atopic dermatitis: Results from phase 3 studies, including the long-term extension JADE EXTEND study.",https://pubmed.ncbi.nlm.nih.gov/37335885/,abrocitinib,,,4,si
37343845,pubmed,Successful treatment of JAK1-associated inflammatory disease.,https://pubmed.ncbi.nlm.nih.gov/37343845/,upadacitinib; baricitinib,,,3,no
37345379,pubmed,Baricitinib provides rapid and sustained improvements in absolute EASI and SCORAD outcomes in adults with moderate-to-severe atopic dermatitis.,https://pubmed.ncbi.nlm.nih.gov/37345379/,baricitinib,,,3,si
37349237,pubmed,Peripheral blood mononuclear cell- transcriptome signatures of atopic dermatitis and prediction for the efficacy of dupilumab.,https://pubmed.ncbi.nlm.nih.gov/37349237/,dupilumab,,,4,no
37356075,pubmed,Acne Among Japanese Patients with Atopic Dermatitis Receiving Upadacitinib in the Phase 3 Rising Up Study.,https://pubmed.ncbi.nlm.nih.gov/37356075/,upadacitinib,,,3,si
37357541,pubmed,Dupilumab-associated ocular adverse events are predicted by low tear break-up time and correlate with high IL-33 tear concentrations in patients with atopic dermatitis.,https://pubmed.ncbi.nlm.nih.gov/37357541/,dupilumab,,,3,no
37358706,pubmed,Analyses of Dupilumab-Related Ocular Adverse Drug Reactions Using the WHO's VigiBase.,https://pubmed.ncbi.nlm.nih.gov/37358706/,dupilumab,,,4,no
37369546,pubmed,Uveitis and hypereosinophilia associated with dupilumab in an atopic dermatitis patient.,https://pubmed.ncbi.nlm.nih.gov/37369546/,dupilumab,,,2,no
37374201,pubmed,"Atopic Dermatitis: Disease Features, Therapeutic Options, and a Multidisciplinary Approach.",https://pubmed.ncbi.nlm.nih.gov/37374201/,dupilumab; upadacitinib; baricitinib; abrocitinib,,,4,no
37375841,pubmed,Baricitinib Lipid-Based Nanosystems as a Topical Alternative for Atopic Dermatitis Treatment.,https://pubmed.ncbi.nlm.nih.gov/37375841/,baricitinib,,,4,no
37377458,pubmed,Atopic dermatitis treated with tralokinumab and upadacitinib combination therapy: A case report.,https://pubmed.ncbi.nlm.nih.gov/37377458/,tralokinumab; upadacitinib,,,1,no
37387639,pubmed,Tralokinumab in elderly atopic dermatitis.,https://pubmed.ncbi.nlm.nih.gov/37387639/,tralokinumab,,,1,no
37392363,pubmed,Cost-Effectiveness of Emerging Treatments for Atopic Dermatitis: A Systematic Review.,https://pubmed.ncbi.nlm.nih.gov/37392363/,dupilumab; upadacitinib,,,4,no
37400981,pubmed,Analysis of predictive factors influencing dupilumab continuation rate in adult patients with atopic dermatitis: results from an Italian multicenter study.,https://pubmed.ncbi.nlm.nih.gov/37400981/,dupilumab,,,3,no
37401031,pubmed,Background factors predicting the occurrence of herpes zoster in atopic dermatitis patients treated with upadacitinib.,https://pubmed.ncbi.nlm.nih.gov/37401031/,upadacitinib; delgocitinib,,,3,no
37401345,pubmed,The role of lebrikizumab in the treatment of atopic dermatitis in the adult population.,https://pubmed.ncbi.nlm.nih.gov/37401345/,lebrikizumab,,,2,no
37404010,pubmed,Ocular Surface Disease in Patients With Atopic Dermatitis Treated With Dupilumab: A Prospective Case-Control Study.,https://pubmed.ncbi.nlm.nih.gov/37404010/,dupilumab,,,4,no
37410552,pubmed,Major adverse cardiovascular events in patients with atopic dermatitis treated with oral Janus kinase inhibitors: a systematic review and meta-analysis.,https://pubmed.ncbi.nlm.nih.gov/37410552/,dupilumab; upadacitinib; baricitinib; abrocitinib,,,5,si
37431111,pubmed,Research interest in the usage of dupilumab for atopic dermatitis: a bibliometric analysis.,https://pubmed.ncbi.nlm.nih.gov/37431111/,dupilumab,,,3,no
37439317,pubmed,CLA+ memory T cells in atopic dermatitis.,https://pubmed.ncbi.nlm.nih.gov/37439317/,dupilumab,,,2,no
37442378,pubmed,Purtscher-Like Retinopathy in a Patient of Atopic Dermatitis Associated with Dupilumab Use: A Case Report.,https://pubmed.ncbi.nlm.nih.gov/37442378/,dupilumab,,,3,no
37449324,pubmed,Identification of clinical predictors for dupilumab dose spacing in adults with atopic dermatitis: a real-world study.,https://pubmed.ncbi.nlm.nih.gov/37449324/,dupilumab,,,3,no
37453538,pubmed,[Translated article] Janus Kinase Inhibitors in Atopic Dermatitis: New Perspectives.,https://pubmed.ncbi.nlm.nih.gov/37453538/,upadacitinib; baricitinib; abrocitinib; ruxolitinib; delgocitinib,,,2,no
37455359,pubmed,Tralokinumab therapy for moderate-to-severe atopic dermatitis: Clinical outcomes with targeted IL-13 inhibition.,https://pubmed.ncbi.nlm.nih.gov/37455359/,tralokinumab,,,3,si
37469225,pubmed,Severe eczema in Wiskott-Aldrich syndrome-related disorder successfully treated with dupilumab.,https://pubmed.ncbi.nlm.nih.gov/37469225/,dupilumab,,,1,no
37469572,pubmed,Eosinophilic pneumonia developed after dupilumab administration in a patient with atopic dermatitis.,https://pubmed.ncbi.nlm.nih.gov/37469572/,dupilumab,,,2,no
37478296,pubmed,Real-world effectiveness of abrocitinib treatment in patients with difficult-to-treat atopic dermatitis.,https://pubmed.ncbi.nlm.nih.gov/37478296/,abrocitinib,,,4,si
37480432,pubmed,Dupilumab Treatment Leads to Rapid and Consistent Improvement of Atopic Dermatitis in All Anatomical Regions in Patients Aged 6 Months to 5 Years.,https://pubmed.ncbi.nlm.nih.gov/37480432/,dupilumab,,,4,si
37482564,pubmed,"Abrocitinib 100 mg Once Daily for Moderate-to-Severe Atopic Dermatitis: A Review of Efficacy and Safety, and Expert Opinion on Use in Clinical Practice.",https://pubmed.ncbi.nlm.nih.gov/37482564/,abrocitinib,,,3,si
37485732,pubmed,Improvement of severe alopecia areata after 9-month baricitinib treatment followed by subsequent use of upadacitinib in a patient with atopic dermatitis.,https://pubmed.ncbi.nlm.nih.gov/37485732/,upadacitinib; baricitinib,,,1,no
37488727,pubmed,The association between the level of specific IgE to molecular components of mites and the expression of CD23 molecule on B lymphocytes in atopic dermatitis patients treated or not treated with dupilumab-Pilot study.,https://pubmed.ncbi.nlm.nih.gov/37488727/,dupilumab,,,5,no
37495552,pubmed,Use of tofacitinib in baricitinib-refractory atopic dermatitis: An example of JAK inhibitor switching.,https://pubmed.ncbi.nlm.nih.gov/37495552/,baricitinib,,,1,no
37496489,pubmed,A Review of Existing and New Treatments for the Management of Hand Eczema.,https://pubmed.ncbi.nlm.nih.gov/37496489/,dupilumab; ruxolitinib; delgocitinib,,,3,no
37506977,pubmed,Single-cell profiling of prurigo nodularis demonstrates immune-stromal crosstalk driving profibrotic responses and reversal with nemolizumab.,https://pubmed.ncbi.nlm.nih.gov/37506977/,nemolizumab,,,4,no
37522351,pubmed,"Efficacy and safety of nemolizumab in paediatric patients aged 6-12 years with atopic dermatitis with moderate-to-severe pruritus: results from a phase III, randomized, double-blind, placebo-controlled, multicentre study.",https://pubmed.ncbi.nlm.nih.gov/37522351/,nemolizumab,,,5,si
37522635,pubmed,Recent advances in immunomodulators for atopic dermatitis.,https://pubmed.ncbi.nlm.nih.gov/37522635/,dupilumab; upadacitinib; abrocitinib; ruxolitinib,,,2,no
37525472,pubmed,A real-world Australian experience of upadacitinib for the treatment of severe atopic dermatitis.,https://pubmed.ncbi.nlm.nih.gov/37525472/,upadacitinib,,,1,si
37526039,pubmed,Successful treatment of alopecia universalis with abrocitinib: a case report.,https://pubmed.ncbi.nlm.nih.gov/37526039/,abrocitinib,,,2,si
37527055,pubmed,Atopic dermatitis and ocular allergy: common mechanisms and uncommon questions.,https://pubmed.ncbi.nlm.nih.gov/37527055/,dupilumab; tralokinumab,,,3,no
37527229,pubmed,Efficacy and Risk Stratification of Janus Kinase Inhibitors in the Treatment of Moderate-to-Severe Atopic Dermatitis.,https://pubmed.ncbi.nlm.nih.gov/37527229/,dupilumab; upadacitinib; baricitinib; abrocitinib,,,2,no
37528500,pubmed,"Upadacitinib treatment withdrawal and retreatment in patients with moderate-to-severe atopic dermatitis: Results from a phase 2b, randomized, controlled trial.",https://pubmed.ncbi.nlm.nih.gov/37528500/,upadacitinib,,,3,si
37529963,pubmed,Efficacy and safety profile of dupilumab for the treatment of atopic dermatitis in children and adolescents: A systematic review and meta-analysis.,https://pubmed.ncbi.nlm.nih.gov/37529963/,dupilumab,,,4,no
37533618,pubmed,A Case Report and Literature Review of the Role of Dupilumab in the Management of Lichen Planus: Cause or Treatment?,https://pubmed.ncbi.nlm.nih.gov/37533618/,dupilumab,,,2,no
37543792,pubmed,Efficacy and safety of tralokinumab in the treatment of atopic dermatitis: A systematic review and meta-analysis of randomized controlled trials.,https://pubmed.ncbi.nlm.nih.gov/37543792/,tralokinumab,,,3,no
37546700,pubmed,Hair repigmentation and regrowth in a dupilumab-treated paediatric patient with alopecia areata and atopic dermatitis: a case report.,https://pubmed.ncbi.nlm.nih.gov/37546700/,dupilumab,,,4,no
37547036,pubmed,Successful Treatment of Atopic Dermatitis with a Predominant Nipple Involvement by Abrocitinib During COVID-19 Pandemic: A Case Report.,https://pubmed.ncbi.nlm.nih.gov/37547036/,abrocitinib,,,2,no
37548395,pubmed,Dupilumab-induced eosinophilia in patients with diffuse type 2 chronic rhinosinusitis.,https://pubmed.ncbi.nlm.nih.gov/37548395/,dupilumab,,,4,no
37552431,pubmed,Long-Term Effectiveness of Dupilumab in Patients with Atopic Dermatitis: Results up to 3 Years from the RELIEVE-AD Study.,https://pubmed.ncbi.nlm.nih.gov/37552431/,dupilumab,,,3,si
37554517,pubmed,Tralokinumab Effectively Disrupts the IL-13/IL-13Rα1/IL-4Rα Signaling Complex but Not the IL-13/IL-13Rα2 Complex.,https://pubmed.ncbi.nlm.nih.gov/37554517/,tralokinumab,,,3,si
37558218,pubmed,Upadacitinib for the treatment of atopic dermatitis in the elderly: an Italian case series of seven patients.,https://pubmed.ncbi.nlm.nih.gov/37558218/,upadacitinib,,,1,no
37560382,pubmed,Successful treatment of exfoliative cheilitis with dupilumab: A case report.,https://pubmed.ncbi.nlm.nih.gov/37560382/,dupilumab; crisaborole,,,1,no
37562034,pubmed,Dupilumab significantly improves sleep in adults with atopic dermatitis: results from the 12-week placebo-controlled period of the 24-week phase IV randomized double-blinded placebo-controlled DUPISTAD study.,https://pubmed.ncbi.nlm.nih.gov/37562034/,dupilumab,,,5,si
37566480,pubmed,Dupilumab for the Treatment of Severe Atopic Dermatitis in an Immunosuppressed Transplant Patient.,https://pubmed.ncbi.nlm.nih.gov/37566480/,dupilumab,,,1,no
37580895,pubmed,A 52-week multicenter retrospective real-world study on effectiveness and safety of dupilumab in children with atopic dermatitis aged from 6 to 11 years.,https://pubmed.ncbi.nlm.nih.gov/37580895/,dupilumab,,,3,no
37589796,pubmed,Assessment of racial and ethnic differences of atopic dermatitis severity and treatment patterns in a diverse outpatient cohort in the United States: a retrospective observational study.,https://pubmed.ncbi.nlm.nih.gov/37589796/,dupilumab,,,3,no
37597261,pubmed,The safety of systemic Janus kinase inhibitors in atopic dermatitis: A systematic review and meta-analysis of randomized controlled trials.,https://pubmed.ncbi.nlm.nih.gov/37597261/,upadacitinib; baricitinib; abrocitinib,,,4,si
37598014,pubmed,Real-life long-term efficacy of dupilumab in adults with moderate to severe atopic dermatitis: Results of a cohort study.,https://pubmed.ncbi.nlm.nih.gov/37598014/,dupilumab,,,1,no
37600726,pubmed,Acne keloidalis nuchae in a patient with atopic dermatitis treated with Janus kinase inhibitor upadacitinib.,https://pubmed.ncbi.nlm.nih.gov/37600726/,upadacitinib,,,1,no
37600734,pubmed,Did dupilumab unmask smoldering mycosis fungoides?,https://pubmed.ncbi.nlm.nih.gov/37600734/,dupilumab,,,1,no
37601418,pubmed,Pustular Psoriasis in a Patient Treated with Dupilumab for Atopic Dermatitis: A Case Report.,https://pubmed.ncbi.nlm.nih.gov/37601418/,dupilumab,,,2,si
37604229,pubmed,Joint pain in patients with atopic dermatitis receiving treatment with dupilumab: A US nationwide cohort study.,https://pubmed.ncbi.nlm.nih.gov/37604229/,dupilumab,,,1,no
37610613,pubmed,Efficacy and Safety of Dupilumab in Older Patients (Aged 80 Years and Above) with Atopic Dermatitis: A Prospective Study.,https://pubmed.ncbi.nlm.nih.gov/37610613/,dupilumab,,,4,si
37610789,pubmed,Safety and Efficacy of Tralokinumab in Older Adults With Moderate-to-Severe Atopic Dermatitis: A Secondary Analysis.,https://pubmed.ncbi.nlm.nih.gov/37610789/,tralokinumab,,,4,si
37622193,pubmed,Ulcerative colitis during dupilumab therapy in a patient with atopic dermatitis.,https://pubmed.ncbi.nlm.nih.gov/37622193/,dupilumab,,,1,no
37624488,pubmed,"Interpreting the Relationship Among Itch, Sleep, and Work Productivity in Patients with Moderate-to-Severe Atopic Dermatitis: A Post Hoc Analysis of JADE MONO-2.",https://pubmed.ncbi.nlm.nih.gov/37624488/,abrocitinib,,,4,si
37624925,pubmed,Differential properties of Janus kinase inhibitors in the treatment of immune-mediated inflammatory diseases.,https://pubmed.ncbi.nlm.nih.gov/37624925/,upadacitinib; baricitinib; abrocitinib,,,3,si
37629411,pubmed,Burden of Disease; the Current Status of the Diagnosis and Management of Atopic Dermatitis in China.,https://pubmed.ncbi.nlm.nih.gov/37629411/,dupilumab,,,3,si
37638036,pubmed,Dupilumab improve acquired reactive perforating collagenosis characterized by type 2 inflammation.,https://pubmed.ncbi.nlm.nih.gov/37638036/,dupilumab,,,3,si
37641759,pubmed,Development of Café-Au-Lait-Macule Lesions in a Patient After Dupilumab Therapy for Atopic Dermatitis.,https://pubmed.ncbi.nlm.nih.gov/37641759/,dupilumab,,,2,no
37641871,pubmed,The role of tralokinumab in the treatment of atopic dermatitis and future perspectives for adolescents.,https://pubmed.ncbi.nlm.nih.gov/37641871/,tralokinumab,,,2,si
37644849,pubmed,Dupilumab induced ocular surface disease: A prospective case series.,https://pubmed.ncbi.nlm.nih.gov/37644849/,dupilumab,,,4,no
37647114,pubmed,"Prescribing Patterns of Dupilumab for Atopic Dermatitis in Adults: Retrospective, Observational Cohort Study.",https://pubmed.ncbi.nlm.nih.gov/37647114/,dupilumab,,,3,no
37650197,pubmed,[Efficacy and safety of new systemic therapies in moderate-to-severe atopic dermatitis in the elderly: meta-analysis].,https://pubmed.ncbi.nlm.nih.gov/37650197/,dupilumab; upadacitinib; abrocitinib,,,6,no
37650357,pubmed,English version of Japanese guidance for biologics in treating atopic dermatitis.,https://pubmed.ncbi.nlm.nih.gov/37650357/,dupilumab; tralokinumab; nemolizumab,,,3,no
37654660,pubmed,Anti-inflammatory and biologic drugs for atopic dermatitis: a therapeutic approach in children and adolescents.,https://pubmed.ncbi.nlm.nih.gov/37654660/,atopic_dermatitis,,,1,no
37658223,pubmed,Comparative Efficacy of Targeted Systemic Therapies for Moderate-to-Severe Atopic Dermatitis without Topical Corticosteroids: An Updated Network Meta-analysis.,https://pubmed.ncbi.nlm.nih.gov/37658223/,dupilumab; tralokinumab; lebrikizumab; upadacitinib; baricitinib; abrocitinib,,,5,si
37658831,pubmed,A detailed evaluation of the effect of dupilumab on sleep in adults with atopic dermatitis.,https://pubmed.ncbi.nlm.nih.gov/37658831/,dupilumab,,,1,no
37660986,pubmed,Dupilumab strengthens herpes simplex virus type 1-specific immune responses in atopic dermatitis.,https://pubmed.ncbi.nlm.nih.gov/37660986/,dupilumab,,,4,no
37663167,pubmed,Incidence of conjunctivitis adverse event in patients treated with biologics for atopic dermatitis: A systematic review and meta-analysis.,https://pubmed.ncbi.nlm.nih.gov/37663167/,atopic_dermatitis,,,1,no
37663886,pubmed,The Effectiveness and Safety of Dupilumab for the Treatment of Recalcitrant Chronic Actinic Dermatitis: A Case Series.,https://pubmed.ncbi.nlm.nih.gov/37663886/,dupilumab,,,3,si
37664977,pubmed,Biologicals for pediatric patients with atopic dermatitis: practical challenges and knowledge gaps.,https://pubmed.ncbi.nlm.nih.gov/37664977/,dupilumab; tralokinumab,,,3,no
37665111,pubmed,Therapeutic effectiveness of upadacitinib on individual types of rash in Japanese patients with moderate-to-severe atopic dermatitis.,https://pubmed.ncbi.nlm.nih.gov/37665111/,upadacitinib,,,4,si
37667719,pubmed,Cutaneous T-cell Lymphoma Progression: A Potential Dupilumab Pitfall.,https://pubmed.ncbi.nlm.nih.gov/37667719/,dupilumab,,,2,no
37667972,pubmed,Abrocitinib for the treatment of atopic dermatitis.,https://pubmed.ncbi.nlm.nih.gov/37667972/,dupilumab; abrocitinib,,,2,si
37669868,pubmed,"Real-world clinical, psychosocial and economic burden of atopic dermatitis: Results from a multicountry study.",https://pubmed.ncbi.nlm.nih.gov/37669868/,dupilumab,,,4,no
37674383,pubmed,Cost-effectiveness analysis of baricitinib versus dupilumab for moderate to severe atopic dermatitis: an Italian healthcare system perspective.,https://pubmed.ncbi.nlm.nih.gov/37674383/,dupilumab; baricitinib,,,4,no
37678577,pubmed,Systemic treatments for atopic dermatitis (eczema): Systematic review and network meta-analysis of randomized trials.,https://pubmed.ncbi.nlm.nih.gov/37678577/,dupilumab; tralokinumab; lebrikizumab; upadacitinib; baricitinib; abrocitinib,,,4,si
37680146,pubmed,Rapid resolution of diffuse warts following initiation of dupilumab for severe atopic dermatitis.,https://pubmed.ncbi.nlm.nih.gov/37680146/,dupilumab,,,2,no
37682422,pubmed,Tralokinumab Efficacy Over 1 Year in Adults with Moderate-to-Severe Atopic Dermatitis: Pooled Data from Two Phase III Trials.,https://pubmed.ncbi.nlm.nih.gov/37682422/,tralokinumab,,,4,si
37684078,pubmed,Lebrikizumab Monotherapy for the Treatment of Moderate to Severe Atopic Dermatitis.,https://pubmed.ncbi.nlm.nih.gov/37684078/,lebrikizumab,,,1,no
37685259,pubmed,Ultra-High Frequency UltraSound (UHFUS) Assessment of Barrier Function in Moderate-to-Severe Atopic Dermatitis during Dupilumab Treatment.,https://pubmed.ncbi.nlm.nih.gov/37685259/,dupilumab,,,5,no
37695504,pubmed,Assessment of Efficacy and Safety Outcomes Beyond Week 16 in Clinical Trials of Systemic Agents Used for the Treatment of Moderate to Severe Atopic Dermatitis in Combination with Topical Corticosteroids.,https://pubmed.ncbi.nlm.nih.gov/37695504/,dupilumab; tralokinumab; upadacitinib; abrocitinib,,,3,no
37695812,pubmed,Stratum Corneum Hydration As a Potential Marker of Response to Dupilumab in Atopic Dermatitis®: A Prospective Observational Study.,https://pubmed.ncbi.nlm.nih.gov/37695812/,dupilumab,,,4,si
37700510,pubmed,Expert opinion on management of moderate-to-severe atopic dermatitis in Qatar.,https://pubmed.ncbi.nlm.nih.gov/37700510/,dupilumab; upadacitinib; baricitinib; abrocitinib,,,3,no
37701007,pubmed,Efficacy of Dupilumab in Treating Atopic Dermatitis With Recurrent Eczema Herpeticum in a Patient With DOCK8-Deficiency Hyper-IgE Syndrome: A Case Report.,https://pubmed.ncbi.nlm.nih.gov/37701007/,dupilumab,,,1,no
37702168,pubmed,Biological Therapies for Pediatric Atopic Dermatitis - A Review.,https://pubmed.ncbi.nlm.nih.gov/37702168/,atopic_dermatitis,,,2,no
37705378,pubmed,Paradoxical tralokinumab-induced psoriasis in a patient with atopic dermatitis.,https://pubmed.ncbi.nlm.nih.gov/37705378/,dupilumab; tralokinumab,,,3,si
37707560,pubmed,Association of risk of incident acne and treatment with systemic Janus kinase inhibitors in atopic dermatitis: a systematic review and meta-analysis.,https://pubmed.ncbi.nlm.nih.gov/37707560/,dupilumab; upadacitinib; baricitinib; abrocitinib,,,5,si
37711220,pubmed,JAK1 inhibition with abrocitinib decreases allergen-specific basophil and T-cell activation in pediatric peanut allergy.,https://pubmed.ncbi.nlm.nih.gov/37711220/,abrocitinib,,,3,no
37715466,pubmed,Eczema herpeticum and herpetic keratitis after the loading dose of dupilumab in a worsening atopic dermatitis: causality?,https://pubmed.ncbi.nlm.nih.gov/37715466/,dupilumab,,,1,no
37727760,pubmed,Clinical trials of antibody drugs in the treatments of atopic dermatitis.,https://pubmed.ncbi.nlm.nih.gov/37727760/,atopic_dermatitis,,,2,no
37731014,pubmed,Extending dupilumab dosing intervals in atopic dermatitis: A prospective observational study in a South European tertiary hospital.,https://pubmed.ncbi.nlm.nih.gov/37731014/,dupilumab,,,1,no
37731552,pubmed,Mepolizumab induced palmoplantar psoriasis: A case report.,https://pubmed.ncbi.nlm.nih.gov/37731552/,dupilumab,,,3,no
37731747,pubmed,Perception and Experience of Dupilumab in Atopic Dermatitis: A Real-Life Study.,https://pubmed.ncbi.nlm.nih.gov/37731747/,dupilumab,,,4,no
37736359,pubmed,Biologics and oral small-molecule inhibitors for treatment of pediatric atopic dermatitis: Opportunities and challenges.,https://pubmed.ncbi.nlm.nih.gov/37736359/,atopic_dermatitis,,,2,no
37743698,pubmed,Upadacitinib effectiveness in moderate-to-severe atopic dermatitis: A real-life multicentre and retrospective study.,https://pubmed.ncbi.nlm.nih.gov/37743698/,upadacitinib,,,2,si
37750994,pubmed,Dupilumab Safety and Efficacy in a Phase III Open-Label Extension Trial in Children 6-11 Years of Age with Severe Atopic Dermatitis.,https://pubmed.ncbi.nlm.nih.gov/37750994/,dupilumab,,,5,si
37751779,pubmed,Dupilumab alleviates pruritus regardless of skin improvement in adults with atopic dermatitis: A cohort study.,https://pubmed.ncbi.nlm.nih.gov/37751779/,dupilumab,,,1,no
37752637,pubmed,A Novel LC-MS/MS Method for Therapeutic Drug Monitoring of Baricitinib in Plasma of Pediatric Patients.,https://pubmed.ncbi.nlm.nih.gov/37752637/,baricitinib,,,4,no
37753208,pubmed,Asthma improvement in patients treated with dupilumab for severe atopic dermatitis.,https://pubmed.ncbi.nlm.nih.gov/37753208/,dupilumab,,,3,no
37764680,pubmed,The Role of the Western Diet on Atopic Dermatitis: Our Experience and Review of the Current Literature.,https://pubmed.ncbi.nlm.nih.gov/37764680/,dupilumab,,,1,no
37779518,pubmed,Dupilumab for cancer-associated refractory pruritus.,https://pubmed.ncbi.nlm.nih.gov/37779518/,dupilumab,,,4,no
37780793,pubmed,Facial redness in Japanese adolescents with atopic dermatitis treated with dupilumab: A case series.,https://pubmed.ncbi.nlm.nih.gov/37780793/,dupilumab,,,1,no
37781860,pubmed,Mental health in patients affected by atopic dermatitis: which effects of treatment with dupilumab?,https://pubmed.ncbi.nlm.nih.gov/37781860/,dupilumab,,,3,no
37795665,pubmed,Pregnancy outcome of a patient treated with upadacitinib for severe atopic dermatitis.,https://pubmed.ncbi.nlm.nih.gov/37795665/,upadacitinib,,,1,no
37800349,pubmed,Impact of Baricitinib on Patients' Quality of Life after One Year of Treatment for Atopic Dermatitis in Real-World Practice: Results of the Observatory of Chronic Inflammatory Skin Diseases Registry.,https://pubmed.ncbi.nlm.nih.gov/37800349/,dupilumab; baricitinib,,,3,si
37801232,pubmed,"Baseline Demographics, Comorbidities, Treatment Patterns and Burden of Atopic Dermatitis in Adults and Adolescents from the GLOBOSTAD Long-Term Observational Study.",https://pubmed.ncbi.nlm.nih.gov/37801232/,dupilumab,,,4,si
37801527,pubmed,Unexpected Clinical Lessons Learned From IL-4 and IL-13 Blockade.,https://pubmed.ncbi.nlm.nih.gov/37801527/,dupilumab,,,1,no
37801534,pubmed,Selection of Nemolizumab Clinical Dosage for Atopic Dermatitis.,https://pubmed.ncbi.nlm.nih.gov/37801534/,nemolizumab,,,3,no
37804249,pubmed,A case of dupilumab combination therapy for exacerbation of atopic dermatitis in a patient with eosinophilic granulomatosis with polyangiitis treated with mepolizumab.,https://pubmed.ncbi.nlm.nih.gov/37804249/,dupilumab,,,2,no
37804473,pubmed,Tralokinumab Provides Clinically Meaningful Responses at Week 16 in Adults with Moderate-to-Severe Atopic Dermatitis Who Do Not Achieve IGA 0/1.,https://pubmed.ncbi.nlm.nih.gov/37804473/,tralokinumab,,,6,si
37810952,pubmed,Current and Emerging Therapies for Atopic Dermatitis in the Elderly.,https://pubmed.ncbi.nlm.nih.gov/37810952/,dupilumab,,,3,no
37818828,pubmed,"Systemic anti-inflammatory treatment of atopic dermatitis during conception, pregnancy and breastfeeding: Interdisciplinary expert consensus in Northern Europe.",https://pubmed.ncbi.nlm.nih.gov/37818828/,dupilumab,,,5,si
37820425,pubmed,Emerging trends in clinical research on Janus kinase inhibitors for atopic dermatitis treatment.,https://pubmed.ncbi.nlm.nih.gov/37820425/,upadacitinib; baricitinib; ruxolitinib,,,3,si
37822402,pubmed,Dupilumab-Associated Sezary Syndrome.,https://pubmed.ncbi.nlm.nih.gov/37822402/,dupilumab,,,1,no
37828706,pubmed,Perforating lichen nitidus in the setting of atopic dermatitis.,https://pubmed.ncbi.nlm.nih.gov/37828706/,dupilumab,,,2,no
37831594,pubmed,Comparing binary efficacy outcomes for systemic immunomodulatory treatments for atopic dermatitis in a living systematic review and network meta-analysis.,https://pubmed.ncbi.nlm.nih.gov/37831594/,dupilumab; tralokinumab; upadacitinib; baricitinib; abrocitinib,,,4,si
37834935,pubmed,"""De Novo"" Psoriasis and Relapse of Psoriasis Induced by Dupilumab: Three New Cases and Review of the Literature.",https://pubmed.ncbi.nlm.nih.gov/37834935/,dupilumab,,,3,no
37837270,pubmed,Skin infections during dupilumab monotherapy in moderate-to-severe atopic dermatitis - a meta-analysis of randomized clinical trials.,https://pubmed.ncbi.nlm.nih.gov/37837270/,dupilumab,,,3,no
37843763,pubmed,Canalicular obstruction associated with dupilumab.,https://pubmed.ncbi.nlm.nih.gov/37843763/,dupilumab,,,3,no
37850366,pubmed,Infectious adverse events in patients with atopic dermatitis treated with baricitinib.,https://pubmed.ncbi.nlm.nih.gov/37850366/,baricitinib,,,2,si
37850777,pubmed,"Combination treatment of dupilumab with bortezomib in a patient with IgG kappa gammopathy of renal significance, uremic pruritus and chronic lichenoid dermatitis.",https://pubmed.ncbi.nlm.nih.gov/37850777/,dupilumab,,,2,no
37851433,pubmed,"Dupilumab, Atopic Dermatitis, and Mycosis Fungoides-New Insights on an Evolving Story.",https://pubmed.ncbi.nlm.nih.gov/37851433/,atopic_dermatitis,,,1,no
37851456,pubmed,Dupilumab-Associated Lymphoid Reactions in Patients With Atopic Dermatitis.,https://pubmed.ncbi.nlm.nih.gov/37851456/,dupilumab,,,4,no
37858860,pubmed,Efficacy and Safety of Dupilumab for the Treatment of Severe Atopic Dermatitis in Clinical Practice: A Single Center Experience.,https://pubmed.ncbi.nlm.nih.gov/37858860/,dupilumab,,,3,no
37858861,pubmed,Dupilumab for Atopic Dermatitis During Pregnancy and Breastfeeding: A Case Report.,https://pubmed.ncbi.nlm.nih.gov/37858861/,dupilumab,,,1,no
37859375,pubmed,[Clinical observation on the efficacy and safety of dupilumab in the treatment of moderate to severe atopic dermatitis].,https://pubmed.ncbi.nlm.nih.gov/37859375/,dupilumab,,,8,no
37860723,pubmed,Atopic dermatitis: a brief review of recent advances in its management.,https://pubmed.ncbi.nlm.nih.gov/37860723/,atopic_dermatitis,,,2,no
37864486,pubmed,Upadacitinib treatment in a real-world difficult-to-treat atopic dermatitis patient cohort.,https://pubmed.ncbi.nlm.nih.gov/37864486/,upadacitinib,,,3,si
37869024,pubmed,Persistent Neutrophil Infiltration and Unique Ocular Surface Microbiome Typify Dupilumab-Associated Conjunctivitis in Patients with Atopic Dermatitis.,https://pubmed.ncbi.nlm.nih.gov/37869024/,dupilumab,,,4,no
37870261,pubmed,Tralokinumab treatment in atopic dermatitis: Depicting super-responders.,https://pubmed.ncbi.nlm.nih.gov/37870261/,tralokinumab,,,1,si
37871801,pubmed,Impact of dupilumab on patch test results and allergic contact dermatitis: A prospective multicenter study.,https://pubmed.ncbi.nlm.nih.gov/37871801/,dupilumab,,,3,no
37877023,pubmed,Case report: Dupilumab therapy for alopecia areata in a 4-year-old patient resistant to baricitinib.,https://pubmed.ncbi.nlm.nih.gov/37877023/,dupilumab; baricitinib,,,2,no
37883648,pubmed,Real-World Clinical Experience of Dupilumab in the Treatment of Chronic Palmo-Plantar Eczema in Patients with Moderate-Severe Atopic Dermatitis: 52-Week Follow-Up.,https://pubmed.ncbi.nlm.nih.gov/37883648/,dupilumab,,,3,no
37888582,pubmed,Prurigo-like atopic dermatitis in a child with CARD11-associated severe combined immunodeficiency successfully treated with dupilumab.,https://pubmed.ncbi.nlm.nih.gov/37888582/,dupilumab,,,1,no
37888917,pubmed,Phase 3 Trial of Nemolizumab in Patients with Prurigo Nodularis.,https://pubmed.ncbi.nlm.nih.gov/37888917/,nemolizumab,,,6,si
37892713,pubmed,Predictive Factors of Early Response to Dupilumab in Patients with Moderate-to-Severe Atopic Dermatitis.,https://pubmed.ncbi.nlm.nih.gov/37892713/,dupilumab,,,2,si
37897645,pubmed,Matching-Adjusted Indirect Comparison of the Long-Term Efficacy Maintenance and Adverse Event Rates of Lebrikizumab versus Dupilumab in Moderate-to-Severe Atopic Dermatitis.,https://pubmed.ncbi.nlm.nih.gov/37897645/,dupilumab; lebrikizumab,,,5,si
37897946,pubmed,Dupilumab and subcutaneous immunotherapy for the treatment of refractory moderate to severe atopic dermatitis: A preliminary report.,https://pubmed.ncbi.nlm.nih.gov/37897946/,dupilumab,,,3,no
37903208,pubmed,1951. Dupilumab (Dupixent): CADTH Reimbursement Review: Therapeutic area: Atopic dermatitis [Internet].,https://pubmed.ncbi.nlm.nih.gov/37903208/,dupilumab,,,1,no
37903395,pubmed,Concurrent Atopic Dermatitis and Psoriasis Successfully Treated With Dual Biologic Therapy.,https://pubmed.ncbi.nlm.nih.gov/37903395/,dupilumab,,,2,si
37906120,pubmed,Multicenter Canadian case series of pediatric patients less than 12 years of age with moderate-to-severe atopic dermatitis treated with dupilumab.,https://pubmed.ncbi.nlm.nih.gov/37906120/,dupilumab,,,3,no
37906654,pubmed,Ottawa (ON): Canadian Agency for Drugs and Technologies in Health; 2022 Mar. CADTH Reimbursement Reviews and Recommendations.,https://pubmed.ncbi.nlm.nih.gov/37906654/,dupilumab,,,5,no
37908412,pubmed,Is Exploration of Alternate Immune Pathways Needed in Hidradenitis Suppurativa? A Case of Atopic Dermatitis and Concurrent Hidradenitis Suppurativa Responding to Dupilumab.,https://pubmed.ncbi.nlm.nih.gov/37908412/,dupilumab,,,2,no
37915726,pubmed,The ability of biomarkers to assess the severity of atopic dermatitis.,https://pubmed.ncbi.nlm.nih.gov/37915726/,dupilumab,,,4,si
37916349,pubmed,Efficacy and safety of dupilumab plus topical tacrolimus for atopic dermatitis in 6- to 12-year-old patients.,https://pubmed.ncbi.nlm.nih.gov/37916349/,dupilumab,,,5,no
37917285,pubmed,A Mini Review of the Impact of Baseline Disease Severity on Clinical Outcomes: Should We Compare Atopic Dermatitis Clinical Trials?,https://pubmed.ncbi.nlm.nih.gov/37917285/,dupilumab,,,3,no
37927655,pubmed,Managing a Patient Presenting With Chest Pain and Gastrointestinal Complaints Using Dupilumab.,https://pubmed.ncbi.nlm.nih.gov/37927655/,dupilumab,,,3,no
37929636,pubmed,Combination treatment with monoclonal antibodies: Dupilumab and ustekinumab for the treatment of severe atopic dermatitis and Crohn disease.,https://pubmed.ncbi.nlm.nih.gov/37929636/,dupilumab,,,1,no
37930093,pubmed,Immunological Parameters in Patients Suffering from Atopic Dermatitis and Either Treated or Non-Treated with Dupilumab.,https://pubmed.ncbi.nlm.nih.gov/37930093/,dupilumab,,,4,no
37930745,pubmed,"Improvement of Pruritus and Efficacy in the Early Stage of Therapy with Upadacitinib, Abrocitinib, or Dupilumab in Chinese Patients with Moderate-to-Severe Atopic Dermatitis: Prospective, Cohort, Observational Study.",https://pubmed.ncbi.nlm.nih.gov/37930745/,dupilumab; upadacitinib; abrocitinib,,,4,si
37937411,pubmed,Prophylactic use of diquafosol eye drops for dupilumab-associated conjunctivitis in patients with severe atopic dermatitis: An open-label prospective study.,https://pubmed.ncbi.nlm.nih.gov/37937411/,dupilumab,,,1,no
37939514,pubmed,The efficacy and immunological effects of upadacitinib in the treatment of moderate-to-severe Chinese atopic dermatitis patients.,https://pubmed.ncbi.nlm.nih.gov/37939514/,dupilumab; upadacitinib,,,3,si
37939793,pubmed,"Lebrikizumab improved itch and reduced the extent of itch interference on sleep in patients with moderate-to-severe atopic dermatitis: two randomized, placebo-controlled, phase III trials.",https://pubmed.ncbi.nlm.nih.gov/37939793/,atopic_dermatitis,,,1,no
37943240,pubmed,Guidelines of care for the management of atopic dermatitis in adults with phototherapy and systemic therapies.,https://pubmed.ncbi.nlm.nih.gov/37943240/,dupilumab; tralokinumab; upadacitinib; baricitinib; abrocitinib,,,3,si
37943241,pubmed,Executive summary: Guidelines of care for the management of atopic dermatitis in adults with phototherapy and systemic therapies.,https://pubmed.ncbi.nlm.nih.gov/37943241/,dupilumab; tralokinumab; upadacitinib; baricitinib; abrocitinib,,,2,si
37946797,pubmed,Exploration of Metabolite Biomarkers to Predict the Efficacy of Dupilumab Treatment for Atopic Dermatitis.,https://pubmed.ncbi.nlm.nih.gov/37946797/,dupilumab,,,3,si
37949351,pubmed,"Abrocitinib efficacy and safety in moderate-to-severe atopic dermatitis by race, ethnicity, and Fitzpatrick skin type.",https://pubmed.ncbi.nlm.nih.gov/37949351/,abrocitinib,,,4,si
37950426,pubmed,Parapsoriasis during dupilumab treatment in three patients with a long-lasting history of atopic dermatitis.,https://pubmed.ncbi.nlm.nih.gov/37950426/,dupilumab,,,1,no
37951309,pubmed,Prurigo nodularis forecast: Light type 2 inflammation with high chances of fibrosis.,https://pubmed.ncbi.nlm.nih.gov/37951309/,atopic_dermatitis,,,1,no
37953857,pubmed,Effectiveness and Safety of Upadacitinib in Combination with Topical Corticosteroids in Adolescent Patients with Moderate-to-Severe Atopic Dermatitis.,https://pubmed.ncbi.nlm.nih.gov/37953857/,upadacitinib,,,4,si
37953978,pubmed,Significance of Self-Injectable Biologics in Japanese Patients with Severe Allergic Diseases: Focusing on Pen-Type Devices and Copayment.,https://pubmed.ncbi.nlm.nih.gov/37953978/,dupilumab,,,2,no
37954855,pubmed,Big data- and machine learning-based analysis of a global pharmacovigilance database enables the discovery of sex-specific differences in the safety profile of dual IL4/IL13 blockade.,https://pubmed.ncbi.nlm.nih.gov/37954855/,dupilumab,,,3,no
37955186,pubmed,A critical evaluation of suitability of tralokinumab for treatment of moderate-to-severe atopic dermatitis in adolescents and adults.,https://pubmed.ncbi.nlm.nih.gov/37955186/,tralokinumab,,,3,no
37962859,pubmed,Efficacy and Safety of Tralokinumab in Real Life: Possible Predictive Rapid Response Factors.,https://pubmed.ncbi.nlm.nih.gov/37962859/,tralokinumab,,,3,si
37965272,pubmed,"Dupilumab Treatment Efficacy and Impact on Clinical Scores, Serum Biomarkers, and Itch in Adult Patients with Atopic Dermatitis: A Retrospective Analysis.",https://pubmed.ncbi.nlm.nih.gov/37965272/,dupilumab,,,3,si
37965779,pubmed,"Treatment satisfaction of adult patients with moderate-to-severe atopic dermatitis treated with baricitinib in France, Germany, and the United Kingdom: results from a cross-sectional international patient survey.",https://pubmed.ncbi.nlm.nih.gov/37965779/,baricitinib,,,3,no
37967668,pubmed,Real-world effectiveness of dupilumab in patients with asthma: Findings from the US ADVANTAGE study.,https://pubmed.ncbi.nlm.nih.gov/37967668/,dupilumab,,,3,no
37972138,pubmed,Improved sleep in adults with atopic dermatitis using the treatment dupilumab.,https://pubmed.ncbi.nlm.nih.gov/37972138/,dupilumab,,,1,no
37984057,pubmed,"Upadacitinib: Mechanism of action, clinical, and translational science.",https://pubmed.ncbi.nlm.nih.gov/37984057/,upadacitinib,,,3,si
37988255,pubmed,Efficacy and safety of abrocitinib in patients with moderate-to-severe atopic dermatitis and comorbid allergies.,https://pubmed.ncbi.nlm.nih.gov/37988255/,abrocitinib,,,4,si
37988298,pubmed,Atopic Dermatitis Triggered by Omalizumab and Treated With Dupilumab.,https://pubmed.ncbi.nlm.nih.gov/37988298/,dupilumab,,,1,no
38006372,pubmed,Erythrodermic Presentation of Atopic Dermatitis in a Patient with Secondary Adrenal Insufficiency Caused by Oral Glucocorticosteroid Abuse.,https://pubmed.ncbi.nlm.nih.gov/38006372/,dupilumab; baricitinib,,,10,no
38008067,pubmed,Adverse Effects Under Th2 Biologics (Dupilumab and Tezepelumab) in a Patient with Severe Asthma and Atopic Dermatitis.,https://pubmed.ncbi.nlm.nih.gov/38008067/,dupilumab,,,2,no
38011313,pubmed,Dupilumab-associated inflammatory arthritis: a literature review.,https://pubmed.ncbi.nlm.nih.gov/38011313/,dupilumab,,,2,no
38013381,pubmed,The effect of atopic dermatitis in pediatric patients on height: Reflections triggered by a real-life case report.,https://pubmed.ncbi.nlm.nih.gov/38013381/,dupilumab,,,2,no
38018272,pubmed,Effectiveness of systemic treatments on pruritus associated with atopic dermatitis: A systematic review in pediatric patients.,https://pubmed.ncbi.nlm.nih.gov/38018272/,dupilumab; nemolizumab; upadacitinib; abrocitinib,,,3,no
38018382,pubmed,Evaluating the safety and efficacy of baricitinib for the treatment of moderate-to-severe atopic dermatitis.,https://pubmed.ncbi.nlm.nih.gov/38018382/,baricitinib,,,2,no
38025319,pubmed,Efficacy of Dupilumab in severe Atopic Dermatitis (AD) using the AD Control Tool (ADCT) Score in the population of Qatar.,https://pubmed.ncbi.nlm.nih.gov/38025319/,dupilumab,,,4,no
38029848,pubmed,Chlorophyll a and novel synthetic derivatives alleviate atopic dermatitis by suppressing Th2 cell differentiation via IL-4 receptor modulation.,https://pubmed.ncbi.nlm.nih.gov/38029848/,dupilumab,,,2,no
38031478,pubmed,"Real-world reported adverse events related to systemic immunomodulating therapy in patients with atopic dermatitis: Results from the TREAT NL (TREatment of ATopic eczema, the Netherlands) registry.",https://pubmed.ncbi.nlm.nih.gov/38031478/,dupilumab; tralokinumab; upadacitinib; baricitinib,,,4,si
38031681,pubmed,Use of Janus kinase inhibitors in atopic dermatitis - an update.,https://pubmed.ncbi.nlm.nih.gov/38031681/,upadacitinib; baricitinib; abrocitinib; ruxolitinib,,,2,si
38034366,pubmed,A case of leukocytoclastic vasculitis in a patient on dupilumab.,https://pubmed.ncbi.nlm.nih.gov/38034366/,dupilumab,,,1,no
38034798,pubmed,Short-term efficacy and safety of biologics and Janus kinase inhibitors for patients with atopic dermatitis: A systematic review and meta-analysis.,https://pubmed.ncbi.nlm.nih.gov/38034798/,dupilumab; tralokinumab; upadacitinib; baricitinib; ruxolitinib,,,7,no
38035567,pubmed,Effectiveness and Safety of Dupilumab in Children Under 6 Years of Age with Moderate-to-Severe Atopic Dermatitis: A Retrospective Real-World Study.,https://pubmed.ncbi.nlm.nih.gov/38035567/,dupilumab,,,4,no
38037822,pubmed,Comparative efficacy of systemic treatments for atopic dermatitis in adults.,https://pubmed.ncbi.nlm.nih.gov/38037822/,upadacitinib,,,3,no
38038233,pubmed,Ocular Surface Adverse Events are not Associated with Dupilumab use in Nasal Polyp Treatment.,https://pubmed.ncbi.nlm.nih.gov/38038233/,dupilumab,,,3,no
38041556,pubmed,Baricitinib treatment rapidly improves the four signs of atopic dermatitis assessed by Eczema Area and Severity Index (EASI) clinical subscores.,https://pubmed.ncbi.nlm.nih.gov/38041556/,baricitinib,,,4,si
38047267,pubmed,Remission of chronic actinic dermatitis on baricitinib: A case report.,https://pubmed.ncbi.nlm.nih.gov/38047267/,baricitinib,,,3,no
38050615,pubmed,Multiple Biologics for Multiple T2 Diseases: A Pharmacoepidemiological Algorithm for Sorting Out Patients by Indication.,https://pubmed.ncbi.nlm.nih.gov/38050615/,dupilumab; baricitinib,,,3,no
38053199,pubmed,Successful use of dupilumab for egg-induced eosinophilic gastroenteritis with duodenal ulcer: a pediatric case report and review of literature.,https://pubmed.ncbi.nlm.nih.gov/38053199/,dupilumab,,,5,no
38053665,pubmed,Treatments for atopic dermatitis.,https://pubmed.ncbi.nlm.nih.gov/38053665/,dupilumab; upadacitinib,,,2,si
38054328,pubmed,An overview of new and emerging antibody therapies for moderate-severe atopic dermatitis in adults.,https://pubmed.ncbi.nlm.nih.gov/38054328/,dupilumab; tralokinumab,,,3,no
38058123,pubmed,Assessment of potential predictive factors of dupilumab response in patients with moderate-to-severe atopic dermatitis.,https://pubmed.ncbi.nlm.nih.gov/38058123/,dupilumab,,,3,no
38058206,pubmed,Real-world experience of baricitinib in atopic dermatitis: including add-on therapy for patients using dupilumab.,https://pubmed.ncbi.nlm.nih.gov/38058206/,dupilumab; baricitinib,,,4,si
38061705,pubmed,Tuberculous Lymphadenitis in a Patient Treated with Dupilumab: A Case Report.,https://pubmed.ncbi.nlm.nih.gov/38061705/,dupilumab,,,3,no
38073228,pubmed,Effectiveness of switching from baricitinib 4 mg to upadacitinib 30 mg in patients with moderate-to-severe atopic dermatitis: a real-world clinical practice in Japan.,https://pubmed.ncbi.nlm.nih.gov/38073228/,upadacitinib; baricitinib; abrocitinib,,,3,si
38073560,pubmed,Early itch relief with upadacitinib predicts later skin clearance in Atopic dermatitis.,https://pubmed.ncbi.nlm.nih.gov/38073560/,upadacitinib,,,3,si
38074921,pubmed,Dual biologics for severe asthma and atopic dermatitis: Synopsis of two cases and literature review.,https://pubmed.ncbi.nlm.nih.gov/38074921/,dupilumab,,,2,no
38081155,pubmed,Abrocitinib Provides Rapid and Sustained Improvement in Skin Pain and Is Associated with Improved Quality of Life Outcomes in Adult and Adolescent Patients with Moderate-to-Severe Atopic Dermatitis.,https://pubmed.ncbi.nlm.nih.gov/38081155/,abrocitinib,,,5,no
38082089,pubmed,"Integrated Exposure-Response of Dupilumab in Children, Adolescents, and Adults With Atopic Dermatitis Using Categorical and Continuous Efficacy Assessments: A Population Analysis.",https://pubmed.ncbi.nlm.nih.gov/38082089/,dupilumab,,,4,no
38085296,pubmed,Understanding the Medical Dictionary for Regulatory Activities (MedDRA) reporting of herpes simplex virus (HSV) adverse events in atopic dermatitis clinical trials.,https://pubmed.ncbi.nlm.nih.gov/38085296/,dupilumab,,,4,no
38089016,pubmed,Two Cases of Immune Drift Phenomena Caused by Biologic Agents for Treating Psoriasis and Atopic Dermatitis.,https://pubmed.ncbi.nlm.nih.gov/38089016/,dupilumab,,,2,no
38090791,pubmed,Integrative Approaches to Sleep Management in Skin Disease: Systematic Review.,https://pubmed.ncbi.nlm.nih.gov/38090791/,dupilumab,,,3,no
38092396,pubmed,[BIOLOGICS IN THE TREATMENT OF ATOPIC DERMATITIS -CURRENT STATUS AND FUTURE PROSPECTS].,https://pubmed.ncbi.nlm.nih.gov/38092396/,atopic_dermatitis,,,1,si
38092413,pubmed,[Mononeuropathy multiplex caused by cutaneous arteritis diagnosed by skin biopsies for emerging atypical erythema on upper limbs following neurological symptoms: a case report].,https://pubmed.ncbi.nlm.nih.gov/38092413/,dupilumab,,,2,no
38096354,pubmed,1704. Dupilumab (Dupixent): CADTH Reimbursement Recommendation: Indication: For the treatment of patients aged 6 months and older with moderate-to-severe atopic dermatitis whose disease is not adequately controlled with topical prescription therapies or when those therapies are not advisable [Intern,https://pubmed.ncbi.nlm.nih.gov/38096354/,dupilumab,,,6,no
38097389,pubmed,Dupilumab-induced psoriasiform dermatitis in two pediatric cardiac transplant patients.,https://pubmed.ncbi.nlm.nih.gov/38097389/,dupilumab,,,1,no
38105393,pubmed,Comparison of Long-Term Effectiveness and Safety of Upadacitinib for Atopic Dermatitis Between Dupilumab-Exposed and Dupilumab-Naïve Patients.,https://pubmed.ncbi.nlm.nih.gov/38105393/,dupilumab; upadacitinib,,,5,si
38108208,pubmed,Effect of abrocitinib on skin biomarkers in patients with moderate-to-severe atopic dermatitis.,https://pubmed.ncbi.nlm.nih.gov/38108208/,abrocitinib,,,3,si
38108300,pubmed,"Current treatment goals are achieved by the majority of patients with atopic dermatitis treated with tralokinumab: results from a multicentric, multinational, retrospective, cohort study.",https://pubmed.ncbi.nlm.nih.gov/38108300/,dupilumab; tralokinumab,,,3,no
38108653,pubmed,Aggregate Response Benefit in Skin Clearance and Itch Reduction With Upadacitinib or Dupilumab in Patients With Moderate-to-Severe Atopic Dermatitis®.,https://pubmed.ncbi.nlm.nih.gov/38108653/,dupilumab; upadacitinib,,,3,si
38124526,pubmed,Nemolizumab reduces itch and improves other signs of atopic dermatitis in children aged 6-12 years.,https://pubmed.ncbi.nlm.nih.gov/38124526/,nemolizumab,,,1,no
38127188,pubmed,Safety and Efficacy of Upadacitinib for Atopic Dermatitis in Japan: Analysis of the 3-Year Phase 3 Rising Up Study.,https://pubmed.ncbi.nlm.nih.gov/38127188/,upadacitinib,,,4,si
38127318,pubmed,Dupilumab therapy reduces urinary biopyrrin levels in atopic patients: a new possible biomarker of oxidative status in atopic dermatitis.,https://pubmed.ncbi.nlm.nih.gov/38127318/,dupilumab,,,3,si
38137325,pubmed,Dupilumab-Associated Blepharoconjunctivitis: Clinical and Morphological Aspects.,https://pubmed.ncbi.nlm.nih.gov/38137325/,dupilumab,,,5,no
38140898,pubmed,Patch testing while immunosuppressed: potential risks and benefits.,https://pubmed.ncbi.nlm.nih.gov/38140898/,atopic_dermatitis,,,2,no
38141197,pubmed,Potential Indications of Dupilumab in Th-2 Inflammatory Disease.,https://pubmed.ncbi.nlm.nih.gov/38141197/,dupilumab,,,2,no
38145707,pubmed,Navigating the atopic dermatitis toolbox: Challenging scenarios and shared decision-making.,https://pubmed.ncbi.nlm.nih.gov/38145707/,dupilumab; tralokinumab; lebrikizumab; upadacitinib; baricitinib; abrocitinib,,,2,no
38149692,pubmed,Pharmaceutical industry-sponsored meals are associated with increased prescriptions and Medicare spending for dupilumab among dermatologists in the United States.,https://pubmed.ncbi.nlm.nih.gov/38149692/,dupilumab,,,4,no
38149911,pubmed,Comment on 'Dupilumab significantly improves sleep in adults with atopic dermatitis: results from the 12-week placebo-controlled period of the 24-week phase IV randomized double-blinded placebo-controlled DUPISTAD study'.,https://pubmed.ncbi.nlm.nih.gov/38149911/,atopic_dermatitis,,,1,no
38149974,pubmed,Two cases of dupilumab-responsive Kimura disease.,https://pubmed.ncbi.nlm.nih.gov/38149974/,dupilumab,,,2,no
38151479,pubmed,Improvement of severe alopecia areata in an adolescent patient on upadacitinib.,https://pubmed.ncbi.nlm.nih.gov/38151479/,upadacitinib; baricitinib,,,2,no
38152869,pubmed,"Global influence of dupilumab on Quality of Life in a severe asthma patient with T2 multimorbidities: a case report on atopic dermatitis, chronic rhinosinusitis with nasal polyposis, and eosinophilic esophagitis.",https://pubmed.ncbi.nlm.nih.gov/38152869/,dupilumab,,,2,no
38156808,pubmed,COVID-19 Does Not Influence the Time to Relapse Following Dupilumab Discontinuation in Patients With Moderate-to-Severe Atopic Dermatitis.,https://pubmed.ncbi.nlm.nih.gov/38156808/,dupilumab,,,1,no
38159007,pubmed,[Efficacy of dupilumab in real practice in the treatment of severe forms of asthma and atopic dermatitis (comparative retrospective study)].,https://pubmed.ncbi.nlm.nih.gov/38159007/,dupilumab,,,8,no
38159837,pubmed,Corneal Transplant Rejection and Alopecia Areata Universalis in a Patient With Severe Atopic Dermatitis on Dupilumab.,https://pubmed.ncbi.nlm.nih.gov/38159837/,dupilumab,,,1,no
38161245,pubmed,S3 guideline Atopic dermatitis: Part 2 - Systemic treatment.,https://pubmed.ncbi.nlm.nih.gov/38161245/,dupilumab; tralokinumab; upadacitinib; baricitinib; abrocitinib,,,2,si
38164871,pubmed,Research trends of Janus Kinase inhibitors: a bibliometric and visualized study from 2012 to 2023.,https://pubmed.ncbi.nlm.nih.gov/38164871/,baricitinib; ruxolitinib,,,3,no
38169057,pubmed,Safety of Upadacitinib in Immune-Mediated Inflammatory Diseases: Systematic Literature Review of Indirect and Direct Treatment Comparisons of Randomized Controlled Trials.,https://pubmed.ncbi.nlm.nih.gov/38169057/,upadacitinib,,,5,si
38174384,pubmed,Evaluation of innate lymphoid cells and their subsets in atopic dermatitis patients with and without dupilumab therapy.,https://pubmed.ncbi.nlm.nih.gov/38174384/,dupilumab,,,1,no
38175364,pubmed,Real-World Effectiveness of Dupilumab in Adult and Adolescent Patients with Atopic Dermatitis: 2-Year Interim Data from the PROSE Registry.,https://pubmed.ncbi.nlm.nih.gov/38175364/,dupilumab,,,4,no
38180365,pubmed,[Senile atopic dermatitis - current vision and unresolved issues.].,https://pubmed.ncbi.nlm.nih.gov/38180365/,dupilumab,,,7,no
38186219,pubmed,Treatment of atopic dermatitis: Recently approved drugs and advanced clinical development programs.,https://pubmed.ncbi.nlm.nih.gov/38186219/,dupilumab; tralokinumab; lebrikizumab; nemolizumab; upadacitinib; baricitinib; abrocitinib; ruxolitinib; delgocitinib,,,3,si
38189411,pubmed,Safety and efficacy of dupilumab in adult atopic dermatitis in Singapore.,https://pubmed.ncbi.nlm.nih.gov/38189411/,dupilumab,,,3,no
38189448,pubmed,Real-world outcomes of children treated with dupilumab for moderate-to-severe atopic dermatitis: a single-centre retrospective observational UK study.,https://pubmed.ncbi.nlm.nih.gov/38189448/,dupilumab,,,3,no
38189530,pubmed,The safety and efficacy of dual biological therapy: Dupilumab and fremanezumab.,https://pubmed.ncbi.nlm.nih.gov/38189530/,dupilumab,,,1,no
38193289,pubmed,Considerations for managing elderly patients with atopic dermatitis.,https://pubmed.ncbi.nlm.nih.gov/38193289/,dupilumab; tralokinumab,,,3,no
38194047,pubmed,Efficacy and Safety of Dupilumab Treatment with Concomitant Topical Corticosteroids in Children Aged 6 Months to 5 Years with Severe Atopic Dermatitis.,https://pubmed.ncbi.nlm.nih.gov/38194047/,dupilumab,,,4,si
38197326,pubmed,Safety of dupilumab in T2 airways conditions: focus on eosinophilia across trials and real-life evidence.,https://pubmed.ncbi.nlm.nih.gov/38197326/,dupilumab,,,3,no
38199282,pubmed,Clinical outcomes and management of JAK inhibitor-associated acne in patients with moderate-to-severe atopic dermatitis undergoing upadacitinib: A multicenter retrospective study.,https://pubmed.ncbi.nlm.nih.gov/38199282/,upadacitinib,,,2,si
38204456,pubmed,Abrocitinib as a Novel Treatment for Multiple Skin Disorders: 3 Case Reports and a Scoping Review.,https://pubmed.ncbi.nlm.nih.gov/38204456/,abrocitinib,,,2,si
38213263,pubmed,The differences in the count of B lymphocytes in atopic dermatitis patients with and without dupilumab therapy and in healthy subjects in pollen season and out of pollen season.,https://pubmed.ncbi.nlm.nih.gov/38213263/,dupilumab,,,1,no
38216005,pubmed,Properties of FDA-approved small molecule protein kinase inhibitors: A 2024 update.,https://pubmed.ncbi.nlm.nih.gov/38216005/,upadacitinib; baricitinib; abrocitinib,,,4,no
38216802,pubmed,Targeted Systemic Therapies for Adults with Atopic Dermatitis: Selecting from Biologics and JAK Inhibitors.,https://pubmed.ncbi.nlm.nih.gov/38216802/,dupilumab; tralokinumab; lebrikizumab; upadacitinib; abrocitinib,,,3,si
38226937,pubmed,Immunosuppressive and immunomodulating therapy for atopic dermatitis in pregnancy: an appraisal of the literature.,https://pubmed.ncbi.nlm.nih.gov/38226937/,dupilumab,,,3,no
38231347,pubmed,Management of Atopy with Dupilumab and Omalizumab in CADINS Disease.,https://pubmed.ncbi.nlm.nih.gov/38231347/,dupilumab,,,4,no
38236526,pubmed,Cost-Effectiveness Analysis of Abrocitinib Compared with Other Systemic Treatments for Severe Atopic Dermatitis in Spain.,https://pubmed.ncbi.nlm.nih.gov/38236526/,dupilumab; tralokinumab; upadacitinib; baricitinib; abrocitinib,,,4,si
38240111,pubmed,Injection site reactions after dupilumab or tralokinumab for atopic dermatitis.,https://pubmed.ncbi.nlm.nih.gov/38240111/,dupilumab; tralokinumab,,,2,no
38245639,pubmed,Correction to: Matching-Adjusted Indirect Comparison of the Long-Term Efficacy Maintenance and Adverse Event Rates of Lebrikizumab versus Dupilumab in Moderate-to-Severe Atopic Dermatitis.,https://pubmed.ncbi.nlm.nih.gov/38245639/,dupilumab; lebrikizumab,,,1,no
38249247,pubmed,Trauma-Induced Phaeohyphomycosis in an Immunocompetent Host on Dupilumab.,https://pubmed.ncbi.nlm.nih.gov/38249247/,dupilumab,,,2,no
38253128,pubmed,Decoding real-world outcomes: Exploring clinical features associated with efficacy in patients treated with dupilumab.,https://pubmed.ncbi.nlm.nih.gov/38253128/,dupilumab,,,1,no
38256686,pubmed,Drug Survival of Upadacitinib and Predicting Factors of Discontinuation in Adult Patients Affected by Moderate-to-Severe Atopic Dermatitis: An Italian Multicenter Analysis.,https://pubmed.ncbi.nlm.nih.gov/38256686/,upadacitinib,,,4,si
38256950,pubmed,Assessment of Patient-Reported Outcomes at 48 Months of Treatment with Dupilumab for Severe Atopic Dermatitis: A Single-Center Real-Life Experience with 126 Patients.,https://pubmed.ncbi.nlm.nih.gov/38256950/,dupilumab,,,2,no
38263709,pubmed,The expression of CD200 and CD23 on B lymphocytes in the pollen season and outside the pollen season in atopic dermatitis patients with and without dupilumab therapy.,https://pubmed.ncbi.nlm.nih.gov/38263709/,dupilumab,,,1,no
38267692,pubmed,Infections in Children Aged 6 Months to 5 Years Treated with Dupilumab in a Placebo-Controlled Clinical Trial of Moderate-to-Severe Atopic Dermatitis.,https://pubmed.ncbi.nlm.nih.gov/38267692/,dupilumab,,,5,si
38270319,pubmed,Efficacy of dupilumab plus topical corticosteroids in children with atopic dermatitis: A meta-analysis of randomized controlled trials.,https://pubmed.ncbi.nlm.nih.gov/38270319/,dupilumab,,,3,no
38272373,pubmed,Influence of pathogenic filaggrin variants on dupilumab treatment in atopic dermatitis.,https://pubmed.ncbi.nlm.nih.gov/38272373/,dupilumab,,,4,si
38276210,pubmed,Dupilumab Alters Both the Bacterial and Fungal Skin Microbiomes of Patients with Atopic Dermatitis.,https://pubmed.ncbi.nlm.nih.gov/38276210/,dupilumab,,,3,si
38282878,pubmed,Efficacy and safety of upadacitinib for the treatment of moderate-to-severe atopic dermatitis: a systematic review and meta-analysis.,https://pubmed.ncbi.nlm.nih.gov/38282878/,upadacitinib,,,3,no
38282880,pubmed,Observation of the clinical features of dupilumab-associated facial erythema.,https://pubmed.ncbi.nlm.nih.gov/38282880/,dupilumab,,,3,no
38282886,pubmed,Dupilumab for the treatment of moderate and severe atopic dermatitis: real-life experience.,https://pubmed.ncbi.nlm.nih.gov/38282886/,dupilumab,,,3,no
38282887,pubmed,Efficacy and safety of upadacitinib for the treatment of moderate-to-severe atopic dermatitis: a meta-analysis of randomized clinical trials.,https://pubmed.ncbi.nlm.nih.gov/38282887/,upadacitinib,,,3,no
38283424,pubmed,Transepidermal Water Loss and T-helper 2 (Th2)-Associated Inflammatory Markers in Two Pediatric Patients During the First Four Weeks of Treatment With the Oral Janus Kinase Inhibitor Upadacitinib.,https://pubmed.ncbi.nlm.nih.gov/38283424/,upadacitinib,,,2,no
38284131,pubmed,Association between maternal dupilumab exposure and pregnancy outcomes in patients with moderate-to-severe atopic dermatitis: A nationwide retrospective cohort study.,https://pubmed.ncbi.nlm.nih.gov/38284131/,dupilumab,,,4,si
38284784,pubmed,Dupilumab: Two sides of a side-effect.,https://pubmed.ncbi.nlm.nih.gov/38284784/,dupilumab,,,1,no
38292582,pubmed,Successful use of dupilumab in recalcitrant pediatric atopic dermatitis-like graft-versus-host disease: A case series.,https://pubmed.ncbi.nlm.nih.gov/38292582/,dupilumab,,,1,no
38294794,pubmed,Prevalence of Pretreatment Testing Recommended for Patients With Chronic Inflammatory Skin Diseases.,https://pubmed.ncbi.nlm.nih.gov/38294794/,dupilumab,,,5,no
38296523,pubmed,Immunoglobulin G4-related Dacryoadenitis Successfully Treated with Baricitinib.,https://pubmed.ncbi.nlm.nih.gov/38296523/,baricitinib,,,2,no
38297496,pubmed,Predictive factors for responders to upadacitinib treatment in patients with atopic dermatitis.,https://pubmed.ncbi.nlm.nih.gov/38297496/,upadacitinib,,,3,no
38297930,pubmed,Efficacy and safety of abrocitinib for the treatment of adolescents and adults with moderate-to-severe atopic dermatitis: update of a living systematic review and meta-analysis.,https://pubmed.ncbi.nlm.nih.gov/38297930/,abrocitinib,,,4,no
38297936,pubmed,Nemolizumab-induced drug eruption in a 46-year-old male patient with atopic dermatitis.,https://pubmed.ncbi.nlm.nih.gov/38297936/,nemolizumab,,,1,no
38298750,pubmed,Dupilumab as Add-on Therapy for Management of Chronic Spontaneous Urticaria.,https://pubmed.ncbi.nlm.nih.gov/38298750/,dupilumab,,,3,no
38303143,pubmed,Effectiveness of dupilumab in pediatric patients with a nummular phenotype of atopic dermatitis.,https://pubmed.ncbi.nlm.nih.gov/38303143/,dupilumab,,,1,no
38306127,pubmed,Atopic Dermatitis as a Paradoxical Reaction to Secukinumab in a Patient With Plaque Psoriasis.,https://pubmed.ncbi.nlm.nih.gov/38306127/,dupilumab,,,2,no
38308453,pubmed,A case series of live attenuated vaccine administration in dupilumab-treated children with atopic dermatitis.,https://pubmed.ncbi.nlm.nih.gov/38308453/,dupilumab,,,3,no
38317432,pubmed,Dupilumab-associated ocular surface disease is characterized by a shift from Th2/Th17 toward Th1/Th17 inflammation.,https://pubmed.ncbi.nlm.nih.gov/38317432/,dupilumab,,,4,no
38323500,pubmed,Real-world Experience of Abrocitinib Treatment in Patients with Atopic Dermatitis and Hand Eczema: Up to 28-week Results from the BioDay Registry.,https://pubmed.ncbi.nlm.nih.gov/38323500/,dupilumab; upadacitinib; abrocitinib,,,3,si
38332535,pubmed,Ocular surface disease in moderate-to-severe atopic dermatitis patients and the effect of biological therapy.,https://pubmed.ncbi.nlm.nih.gov/38332535/,dupilumab,,,4,no
38333897,pubmed,Dupilumab Treatment in Pediatric Patients Aged 6-11 Years with Severe Atopic Dermatitis Whose Disease Is Not Adequately Controlled: A Review.,https://pubmed.ncbi.nlm.nih.gov/38333897/,dupilumab,,,2,no
38334798,pubmed,[Current aspects of vernal and atopic keratoconjunctivitis].,https://pubmed.ncbi.nlm.nih.gov/38334798/,dupilumab,,,8,no
38337572,pubmed,Dupilumab for Treatment of Prurigo Nodularis: Real-Life Effectiveness for up to 84 Weeks.,https://pubmed.ncbi.nlm.nih.gov/38337572/,dupilumab,,,2,no
38343072,pubmed,"Abrocitinib, tralokinumab and upadacitinib for treating moderate-to-severe atopic dermatitis.",https://pubmed.ncbi.nlm.nih.gov/38343072/,dupilumab; tralokinumab; upadacitinib; baricitinib; abrocitinib,,,6,si
38345292,pubmed,Multi-dimensional evaluation of dupilumab efficacy in atopic dermatitis patients with a high disease burden.,https://pubmed.ncbi.nlm.nih.gov/38345292/,dupilumab,,,1,no
38348724,pubmed,Clinically Meaningful Responses to Dupilumab Among Children Aged 6 Months to 5 Years with Moderate-to-severe Atopic Dermatitis who did Not Achieve Clear or Almost Clear Skin According to the Investigator's Global Assessment: A Post Hoc Analysis of a Phase 3 Trial.,https://pubmed.ncbi.nlm.nih.gov/38348724/,dupilumab,,,3,no
38350816,pubmed,Topical application of activator protein-1 inhibitor T-5224 suppresses inflammation and improves skin barrier function in a murine atopic dermatitis-like dermatitis.,https://pubmed.ncbi.nlm.nih.gov/38350816/,baricitinib,,,3,no
38353963,pubmed,Reanalysis Following Removal of Participants From 1 Site in Multicenter Trial of Upadacitinib vs Dupilumab for Atopic Dermatitis.,https://pubmed.ncbi.nlm.nih.gov/38353963/,dupilumab; upadacitinib,,,1,no
38357010,pubmed,Cutaneous T-cell lymphoma in a JAK inhibitor patient: A case report.,https://pubmed.ncbi.nlm.nih.gov/38357010/,atopic_dermatitis,,,2,no
38362228,pubmed,Rapid resolution of non-segmental vitiligo in a patient treated with abrocitinib: A case report.,https://pubmed.ncbi.nlm.nih.gov/38362228/,abrocitinib,,,3,si
38366176,pubmed,Letter to the Editor Regarding 'Matching-Adjusted Indirect Comparison of the Long-Term Efficacy Maintenance and Adverse Event Rates of Lebrikizumab Versus Dupilumab in Moderate-to-Severe Atopic Dermatitis'.,https://pubmed.ncbi.nlm.nih.gov/38366176/,dupilumab; lebrikizumab,,,1,no
38371662,pubmed,A real-world study of dupilumab in patients with atopic dermatitis including patients with malignancy and other medical comorbidities.,https://pubmed.ncbi.nlm.nih.gov/38371662/,dupilumab,,,4,no
38375189,pubmed,"A Bispecific, Tetravalent Antibody Targeting Inflammatory and Pruritogenic Pathways in Atopic Dermatitis.",https://pubmed.ncbi.nlm.nih.gov/38375189/,dupilumab,,,3,no
38379385,pubmed,"Proteomic, miRNA and bacterial biomarker patterns in atopic dermatitis patients and their course upon anti-IL-4Rα therapy.",https://pubmed.ncbi.nlm.nih.gov/38379385/,dupilumab,,,3,si
38388870,pubmed,Lebrikizumab: First Approval.,https://pubmed.ncbi.nlm.nih.gov/38388870/,lebrikizumab,,,2,no
38397282,pubmed,Early Assessment of Efficacy and Safety of Biologics in Pediatric Allergic Diseases: Preliminary Results from a Prospective Real-World Study.,https://pubmed.ncbi.nlm.nih.gov/38397282/,dupilumab,,,3,no
38403554,pubmed,Selective JAK 1 inhibition with upadacitinib as a potential treatment for coexistent severe atopic dermatitis and alopecia areata.,https://pubmed.ncbi.nlm.nih.gov/38403554/,upadacitinib,,,1,no
38407422,pubmed,Residual facial erythema in atopic dermatitis patients treated with dupilumab stratified by machine learning.,https://pubmed.ncbi.nlm.nih.gov/38407422/,dupilumab,,,4,si
38414066,pubmed,Impact of 1-year treatment with dupilumab on work productivity in Japanese patients with atopic dermatitis.,https://pubmed.ncbi.nlm.nih.gov/38414066/,dupilumab,,,4,no
38414708,pubmed,Dupilumab-Related Diabetes Mellitus With Reversal of Symptoms in a Non-genetically Predisposed Patient.,https://pubmed.ncbi.nlm.nih.gov/38414708/,dupilumab,,,3,no
38418367,pubmed,Real-world Experience With Upadacitinib in Adolescents and Adults With Refractory Atopic Dermatitis: A 24-week Retrospective Study.,https://pubmed.ncbi.nlm.nih.gov/38418367/,upadacitinib,,,1,si
38419687,pubmed,Mapping the intellectual structure of the research of omalizumab in chronic spontaneous urticaria: A bibliometric analysis.,https://pubmed.ncbi.nlm.nih.gov/38419687/,dupilumab,,,3,no
38425152,pubmed,Efficacy and safety analysis of Dupilumab for atopic dermatitis of all ages in Chinese population: Real-world data from a single center.,https://pubmed.ncbi.nlm.nih.gov/38425152/,dupilumab,,,1,no
38433352,pubmed,Real-world effectiveness and safety of abrocitinib in 12 Japanese patients with atopic dermatitis and transcriptome analysis with peripheral blood.,https://pubmed.ncbi.nlm.nih.gov/38433352/,abrocitinib,,,4,si
38439732,pubmed,Switching between JAK Inhibitors in Patients with Atopic Dermatitis: Unanswered Questions in Daily Clinical Practice.,https://pubmed.ncbi.nlm.nih.gov/38439732/,dupilumab; tralokinumab; upadacitinib; baricitinib; abrocitinib,,,7,si
38441984,pubmed,Microbiome modulators for atopic eczema: a systematic review of experimental and investigational therapeutics.,https://pubmed.ncbi.nlm.nih.gov/38441984/,dupilumab; tralokinumab,,,3,no
38444845,pubmed,Application of JAK inhibitors in paradoxical reaction through immune-related dermatoses.,https://pubmed.ncbi.nlm.nih.gov/38444845/,upadacitinib; baricitinib; abrocitinib; ruxolitinib,,,2,si
38446396,pubmed,Effectiveness of Dose Increase in Upadacitinib from 15 mg to 30 mg for Patients with Moderate-to-Severe Atopic Dermatitis: A Real-World Clinical Practice in Japan.,https://pubmed.ncbi.nlm.nih.gov/38446396/,upadacitinib,,,3,si
38448287,pubmed,Upadacitinib for moderate to severe atopic dermatitis with generalized prurigo nodularis.,https://pubmed.ncbi.nlm.nih.gov/38448287/,upadacitinib,,,1,no
38460679,pubmed,Learning from nemolizumab: A promising therapy for prurigo nodularis.,https://pubmed.ncbi.nlm.nih.gov/38460679/,nemolizumab,,,1,si
38464512,pubmed,Janus kinase inhibitors in atopic dermatitis: an umbrella review of meta-analyses.,https://pubmed.ncbi.nlm.nih.gov/38464512/,dupilumab; upadacitinib; baricitinib; abrocitinib,,,5,no
38470213,pubmed,Dupilumab in real-life settings: a review of adverse events and their pathogenesis.,https://pubmed.ncbi.nlm.nih.gov/38470213/,dupilumab,,,3,no
38474389,pubmed,"Unraveling Atopic Dermatitis: Insights into Pathophysiology, Therapeutic Advances, and Future Perspectives.",https://pubmed.ncbi.nlm.nih.gov/38474389/,upadacitinib; baricitinib; abrocitinib,,,3,no
38477474,pubmed,Dominant dystrophic epidermolysis bullosa is associated with glycolytically active GATA3+ T helper 2 cells which may contribute to pruritus in lesional skin.,https://pubmed.ncbi.nlm.nih.gov/38477474/,dupilumab,,,4,no
38482457,pubmed,The treatment efficacy of dupilumab in autosomal dominant hyper-immunoglobulin E syndrome with severe atopic dermatitis.,https://pubmed.ncbi.nlm.nih.gov/38482457/,dupilumab,,,2,no
38487164,pubmed,Off-label use of Baricitinib improves moderate and severe atopic dermatitis in China through inhibiting MAPK and PI3K/Akt/mTOR pathway via targeting JAK-STAT signaling of CD4(+) cells.,https://pubmed.ncbi.nlm.nih.gov/38487164/,baricitinib,,,2,si
38488239,pubmed,Biologic Therapy in Pediatric Chronic Rhinosinusitis: A Systematic Review.,https://pubmed.ncbi.nlm.nih.gov/38488239/,dupilumab,,,3,no
38492561,pubmed,Efficacy and safety of dupilumab in the treatment of Kimura's disease.,https://pubmed.ncbi.nlm.nih.gov/38492561/,dupilumab,,,3,no
38493053,pubmed,"Prurigo: review of its pathogenesis, diagnosis, and treatment.",https://pubmed.ncbi.nlm.nih.gov/38493053/,dupilumab,,,2,no
38493690,pubmed,Dupilumab therapy improves gut microbiome dysbiosis and tryptophan metabolism in Chinese patients with atopic dermatitis.,https://pubmed.ncbi.nlm.nih.gov/38493690/,dupilumab,,,4,si
38494153,pubmed,"Use of dual biologic therapy targeting the Th2 and Th17 axes simultaneously to treat patients with atopic dermatitis and concomitant psoriasis, psoriatic arthritis, or inflammatory bowel disease.",https://pubmed.ncbi.nlm.nih.gov/38494153/,atopic_dermatitis,,,1,no
38495913,pubmed,Practical Use of Upadacitinib in Patients with Severe Atopic Dermatitis in a Real-World Setting: A Systematic Review.,https://pubmed.ncbi.nlm.nih.gov/38495913/,upadacitinib,,,2,si
38502760,pubmed,Ottawa (ON): Canadian Agency for Drugs and Technologies in Health; 2023 Feb. CADTH Reimbursement Reviews and Recommendations.,https://pubmed.ncbi.nlm.nih.gov/38502760/,atopic_dermatitis,,,5,no
38507442,pubmed,A case of bullous pemphigoid following administration of anti-IL-31 receptor A antibody.,https://pubmed.ncbi.nlm.nih.gov/38507442/,dupilumab; nemolizumab,,,3,no
38507958,pubmed,Efficacy and safety of dupilumab for atopic dermatitis in a renal transplant patient.,https://pubmed.ncbi.nlm.nih.gov/38507958/,dupilumab,,,1,no
38509380,pubmed,Management of Patients Affected by Moderate-to-Severe Atopic Dermatitis with JAK Inhibitors in Real-World Clinical Practice: An Italian Delphi Consensus.,https://pubmed.ncbi.nlm.nih.gov/38509380/,upadacitinib; baricitinib; abrocitinib,,,3,si
38509808,pubmed,Atopic dermatitis treated safely with dupilumab during pregnancy and lactation: A case series of four patients.,https://pubmed.ncbi.nlm.nih.gov/38509808/,dupilumab,,,1,si
38512115,pubmed,Upadacitinib in Crohn's disease.,https://pubmed.ncbi.nlm.nih.gov/38512115/,upadacitinib,,,2,no
38523270,pubmed,Revolutionizing the management of patients with atopic dermatitis: practical considerations.,https://pubmed.ncbi.nlm.nih.gov/38523270/,atopic_dermatitis,,,1,no
38525942,pubmed,Efficacy of Abrocitinib for the Treatment of Moderate-to-Severe Atopic Dermatitis in Real-World Practice in a Single Center.,https://pubmed.ncbi.nlm.nih.gov/38525942/,abrocitinib,,,1,si
38528257,pubmed,Early and Sustained Improvements in Symptoms and Quality of Life with Upadacitinib in Adults and Adolescents with Moderate-to-Severe Atopic Dermatitis: 52-Week Results from Two Phase III Randomized Clinical Trials (Measure Up 1 and Measure Up 2).,https://pubmed.ncbi.nlm.nih.gov/38528257/,upadacitinib,,,7,si
38531691,pubmed,Blockade of interleukin-13 signalling improves skin barrier function and biology in patients with moderate-to-severe atopic dermatitis.,https://pubmed.ncbi.nlm.nih.gov/38531691/,tralokinumab,,,4,si
38533363,pubmed,Systematic review and network meta-analysis of the risk of Herpes zoster with biological therapies and selective Janus kinase-1 inhibitors in atopic dermatitis.,https://pubmed.ncbi.nlm.nih.gov/38533363/,dupilumab; tralokinumab; upadacitinib; abrocitinib,,,3,si
38541676,pubmed,Exploring the Potential of IL-4 and IL-13 Plasma Levels as Biomarkers in Atopic Dermatitis.,https://pubmed.ncbi.nlm.nih.gov/38541676/,dupilumab,,,4,si
38541703,pubmed,COVID-19 Clinical Features and Outcome in Italian Patients Treated with Biological Drugs Targeting Type 2 Inflammation.,https://pubmed.ncbi.nlm.nih.gov/38541703/,dupilumab,,,6,no
38551439,pubmed,Clinical Implications of Interleukin-4 and C-reactive Protein in Atopic Dermatitis and Their Changes Before and after Dupilumab Treatment.,https://pubmed.ncbi.nlm.nih.gov/38551439/,dupilumab,,,4,no
38554232,pubmed,"Assessment of the Effects of Abrocitinib on the Pharmacokinetics of Probe Substrates of Cytochrome P450 1A2, 2B6 and 2C19 Enzymes and Hormonal Oral Contraceptives in Healthy Individuals.",https://pubmed.ncbi.nlm.nih.gov/38554232/,abrocitinib,,,4,no
38554937,pubmed,Elevation of creatine phosphokinase in moderate-to-severe atopic dermatitis is associated with the use of JAK inhibitors but not dupilumab: A systematic review and meta-analysis.,https://pubmed.ncbi.nlm.nih.gov/38554937/,dupilumab,,,1,no
38560522,pubmed,A Review of Dupilumab in the Treatment of Atopic Dermatitis in Infants and Children.,https://pubmed.ncbi.nlm.nih.gov/38560522/,dupilumab,,,2,si
38563683,pubmed,Targeting IL-13 with tralokinumab normalizes type 2 inflammation in atopic dermatitis both early and at 2 years.,https://pubmed.ncbi.nlm.nih.gov/38563683/,tralokinumab,,,4,si
38563820,pubmed,"Individuals with JAK1 variants are affected by syndromic features encompassing autoimmunity, atopy, colitis, and dermatitis.",https://pubmed.ncbi.nlm.nih.gov/38563820/,baricitinib,,,4,si
38565563,pubmed,Dupilumab-associated head and neck dermatitis shows a pronounced type 22 immune signature mediated by oligoclonally expanded T cells.,https://pubmed.ncbi.nlm.nih.gov/38565563/,dupilumab,,,2,si
38570087,pubmed,Mid-Term Efficacy of Dupilumab in Children Aged≥36 Months to <12 Years With Atopic Dermatitis: A Case Series.,https://pubmed.ncbi.nlm.nih.gov/38570087/,dupilumab,,,1,no
38574267,pubmed,Tralokinumab for the Treatment of Atopic Dermatitis® in a Patient with Multiple Sclerosis.,https://pubmed.ncbi.nlm.nih.gov/38574267/,tralokinumab,,,1,no
38577056,pubmed,A case of dupilumab-induced psoriasis-like eruption treated with baricitinib.,https://pubmed.ncbi.nlm.nih.gov/38577056/,dupilumab; baricitinib,,,2,no
38585501,pubmed,Abrocitinib Improved Dupilumab-Resistant Severe Atopic Dermatitis with Comorbid Mild Alopecia Areata in a 12-Year-Old Boy: A Case Report with 1-Year Follow-Up.,https://pubmed.ncbi.nlm.nih.gov/38585501/,dupilumab; abrocitinib,,,2,si
38587232,pubmed,Efficacy and safety of tralokinumab in the treatment of head and neck pattern atopic dermatitis: A multicentre study of 12 patients.,https://pubmed.ncbi.nlm.nih.gov/38587232/,tralokinumab,,,3,si
38587252,pubmed,Erythema nodosum of the extremities following dupilumab treatment in a patient with atopic dermatitis.,https://pubmed.ncbi.nlm.nih.gov/38587252/,dupilumab,,,1,no
38588818,pubmed,Dupilumab therapy for atopic dermatitis is associated with increased risk of cutaneous T cell lymphoma: A retrospective cohort study.,https://pubmed.ncbi.nlm.nih.gov/38588818/,dupilumab,,,3,si
38590314,pubmed,Interplay of cytokines in the pathophysiology of atopic dermatitis: insights from Murin models and human.,https://pubmed.ncbi.nlm.nih.gov/38590314/,dupilumab; nemolizumab,,,5,si
38591168,pubmed,"Dupilumab in patients with atopic dermatitis - assessing treatment response, clinical features and potential biomarkers in real-life.",https://pubmed.ncbi.nlm.nih.gov/38591168/,dupilumab,,,4,si
38594991,pubmed,"Associations between interleukin-13, interleukin-4 and their receptor gene polymorphisms and susceptibility to atopic dermatitis in a Chinese Han population.",https://pubmed.ncbi.nlm.nih.gov/38594991/,dupilumab,,,3,no
38603575,pubmed,Thrombocytopenia After Dupilumab for the Treatment of Atopic Dermatitis.,https://pubmed.ncbi.nlm.nih.gov/38603575/,dupilumab,,,1,no
38603859,pubmed,The association between expression of CD200 on B lymphocytes and the count of eosinophils and basophils in atopic dermatitis patients with and without dupilumab therapy - Pilot study.,https://pubmed.ncbi.nlm.nih.gov/38603859/,dupilumab,,,5,si
38607195,pubmed,Treatment of Netherton Syndrome in Pediatrics with Upadacitinib.,https://pubmed.ncbi.nlm.nih.gov/38607195/,dupilumab; upadacitinib,,,3,no
38607726,pubmed,Reappraising the Use of Systemic Immunomodulators for Psoriasis and Eczema in the Military.,https://pubmed.ncbi.nlm.nih.gov/38607726/,dupilumab,,,6,no
38610073,pubmed,Abrocitinib: a useful treatment option for CARD14-mutation-associated atopic dermatitis.,https://pubmed.ncbi.nlm.nih.gov/38610073/,abrocitinib,,,1,no
38610641,pubmed,Efficacy and Safety of Dupilumab in the Treatment of Hand Eczema: A Retrospective Study.,https://pubmed.ncbi.nlm.nih.gov/38610641/,dupilumab,,,3,si
38610745,pubmed,Which Factors Are Associated with Persistence of Depressive and Anxiety Symptoms in Patients Affected by Atopic Dermatitis despite 2-Year Treatment with Dupilumab?,https://pubmed.ncbi.nlm.nih.gov/38610745/,dupilumab,,,5,no
38613642,pubmed,Matching-Adjusted Indirect Comparison of the Efficacy at Week 32 of Tralokinumab and Dupilumab in the Treatment of Moderate-to-Severe Atopic Dermatitis.,https://pubmed.ncbi.nlm.nih.gov/38613642/,dupilumab; tralokinumab,,,4,no
38616484,pubmed,Successful treatment of dyshidrotic palmoplantar eczema with tralokinumab.,https://pubmed.ncbi.nlm.nih.gov/38616484/,tralokinumab,,,2,no
38623049,pubmed,Atopic Dermatitis Associated Retinal Detachment and Retinal Vasculitis: A Case Report.,https://pubmed.ncbi.nlm.nih.gov/38623049/,dupilumab,,,2,no
38625674,pubmed,Peripheral ulcerative keratitis associated with tralokinumab therapy: a case report and review of IL-13 inhibitor-associated ocular surface disease.,https://pubmed.ncbi.nlm.nih.gov/38625674/,dupilumab; tralokinumab,,,3,no
38627102,pubmed,Dupilumab treatment of trichothiodystrophy in a child.,https://pubmed.ncbi.nlm.nih.gov/38627102/,dupilumab,,,1,no
38628626,pubmed,"Effects of abrocitinib on pruritus and eczema symptoms and tolerance in patients with moderate‑to‑severe atopic dermatitis in randomized, double‑blind and placebo‑controlled trials: A systematic review and a meta‑analysis.",https://pubmed.ncbi.nlm.nih.gov/38628626/,abrocitinib,,,6,no
38632138,pubmed,Comparison of Old and New Systemic Treatments for Moderate to Severe Atopic Dermatitis.,https://pubmed.ncbi.nlm.nih.gov/38632138/,dupilumab; tralokinumab; lebrikizumab; upadacitinib,,,3,no
38633304,pubmed,Case report: Treatment of psoriasiform dermatitis in patients with malignancy.,https://pubmed.ncbi.nlm.nih.gov/38633304/,abrocitinib,,,3,si
38648932,pubmed,[Translated article] Tralokinumab in Atopic Dermatitis: Real-Life Data from a Spanish Tertiary Referral Center.,https://pubmed.ncbi.nlm.nih.gov/38648932/,tralokinumab,,,1,no
38650307,pubmed,Cost-effectiveness analysis of abrocitinib compared with standard of care in adult moderate-to-severe atopic dermatitis in Japan.,https://pubmed.ncbi.nlm.nih.gov/38650307/,abrocitinib,,,4,no
38651189,pubmed,Severe atopic dermatitis in an Asian-Arabic population treated with dupilumab: A retrospective observational study.,https://pubmed.ncbi.nlm.nih.gov/38651189/,dupilumab,,,1,no
38653344,pubmed,Dupilumab provides sustained effectiveness on patient-reported outcomes and favorable safety in patients with moderate-to-severe atopic dermatitis: Up to 5-year results from the daily practice BioDay registry.,https://pubmed.ncbi.nlm.nih.gov/38653344/,dupilumab,,,3,no
38653561,pubmed,Long-term effectiveness and safety of upadacitinib for Japanese patients with moderate-to-severe atopic dermatitis: a real-world clinical study.,https://pubmed.ncbi.nlm.nih.gov/38653561/,upadacitinib,,,3,si
38653607,pubmed,[Adverse events in biologics for severe asthma].,https://pubmed.ncbi.nlm.nih.gov/38653607/,dupilumab,,,3,no
38656240,pubmed,Interleukin antagonists for atopic dermatitis: a new era of therapy.,https://pubmed.ncbi.nlm.nih.gov/38656240/,dupilumab; tralokinumab,,,3,no
38661491,pubmed,Corneal Complications Related to Dupilumab Use.,https://pubmed.ncbi.nlm.nih.gov/38661491/,dupilumab,,,2,no
38662529,pubmed,Emerging drugs for the treatment of atopic dermatitis: a focus on phase 2 and phase 3 trials.,https://pubmed.ncbi.nlm.nih.gov/38662529/,lebrikizumab; nemolizumab,,,3,no
38666916,pubmed,Precision Dermatology: A Review of Molecular Biomarkers and Personalized Therapies.,https://pubmed.ncbi.nlm.nih.gov/38666916/,dupilumab; tralokinumab,,,3,no
38669092,pubmed,Evaluating the Clinical Meaning of Dermatology Life Quality Index Scores Between Different Phenotypes of Atopic Dermatitis in Patients Before and After Biologic Therapy With Dupilumab.,https://pubmed.ncbi.nlm.nih.gov/38669092/,dupilumab,,,3,no
38675479,pubmed,Sustained Effectiveness of Upadacitinib in Moderate-to-Severe Atopic Dermatitis: A 48-Week Real-World Study.,https://pubmed.ncbi.nlm.nih.gov/38675479/,upadacitinib,,,3,no
38679419,pubmed,Lebrikizumab monotherapy impacts on quality of life scores through improved itch and sleep interference in two Phase 3 trials.,https://pubmed.ncbi.nlm.nih.gov/38679419/,lebrikizumab,,,3,si
38683094,pubmed,[Baseline characterization of a cohort of colombian patients with chronic rhinosinusitis with nasal polyps].,https://pubmed.ncbi.nlm.nih.gov/38683094/,dupilumab,,,8,no
38687283,pubmed,Detecting T-cell receptor clonality in patients with severe atopic dermatitis refractory to dupilumab.,https://pubmed.ncbi.nlm.nih.gov/38687283/,dupilumab,,,3,no
38695023,pubmed,Treatment of atopic dermatitis with upadacitinib: adcare single center experience.,https://pubmed.ncbi.nlm.nih.gov/38695023/,upadacitinib,,,4,si
38695939,pubmed,Metabolic effects of upadacitinib in patients with psoriasis and atopic dermatitis.,https://pubmed.ncbi.nlm.nih.gov/38695939/,upadacitinib,,,1,no
38696027,pubmed,Upadacitinib Rapidly Improves Patient-Reported Outcomes in Atopic Dermatitis: 16-Week Results from Phase 3 Clinical Trials (Measure Up 1 and 2).,https://pubmed.ncbi.nlm.nih.gov/38696027/,upadacitinib,,,4,si
38696620,pubmed,Ottawa (ON): Canadian Agency for Drugs and Technologies in Health; 2022 Sep. CADTH Reimbursement Reviews and Recommendations.,https://pubmed.ncbi.nlm.nih.gov/38696620/,abrocitinib,,,5,no
38697950,pubmed,Rapid and sustained improvements in itch and quality of life with upadacitinib plus topical corticosteroids in adults and adolescents with atopic dermatitis: 52-week outcomes from the phase 3 AD Up study.,https://pubmed.ncbi.nlm.nih.gov/38697950/,upadacitinib,,,3,no
38699896,pubmed,Dupilumab for atopic dermatitis in metastatic cancer.,https://pubmed.ncbi.nlm.nih.gov/38699896/,dupilumab,,,1,no
38700646,pubmed,Lebrikizumab Provides Rapid Clinical Responses Across All Eczema Area and Severity Index Body Regions and Clinical Signs in Adolescents and Adults with Moderate-to-Severe Atopic Dermatitis.,https://pubmed.ncbi.nlm.nih.gov/38700646/,lebrikizumab,,,5,si
38708991,pubmed,Targeted Combined Endpoint Improvement in Patient and Disease Domains in Atopic Dermatitis: A Treat-to-Target Analysis of Adults with Moderate-to-Severe Atopic Dermatitis Treated with Upadacitinib.,https://pubmed.ncbi.nlm.nih.gov/38708991/,upadacitinib,,,2,no
38716582,pubmed,"Reversible effects on female rat fertility with abrocitinib, a Janus kinase 1 inhibitor.",https://pubmed.ncbi.nlm.nih.gov/38716582/,abrocitinib,,,3,no
38719170,pubmed,Effects of two commonly used antidepressants amitriptyline and fluoxetine on the pharmacokinetics of abrocitinib in rats.,https://pubmed.ncbi.nlm.nih.gov/38719170/,abrocitinib,,,2,no
38724042,pubmed,Successful use of tralokinumab for the treatment of atopic dermatitis on the genitals.,https://pubmed.ncbi.nlm.nih.gov/38724042/,tralokinumab,,,3,si
38724791,pubmed,Systemic Biologic Management of Atopic Dermatitis.,https://pubmed.ncbi.nlm.nih.gov/38724791/,dupilumab; tralokinumab,,,1,no
38725323,pubmed,Concomitant Efficacy of Dupilumab in Treating Eosinophilic Esophagitis and Type 2 Asthma.,https://pubmed.ncbi.nlm.nih.gov/38725323/,dupilumab,,,1,no
38727495,pubmed,Impact of Incorporating Future Mandatory Price Reductions with Generic Drug Entry on the Cost-Effectiveness of New Drugs: A Policy Simulation Study of Dupilumab in Atopic Dermatitis Treatment.,https://pubmed.ncbi.nlm.nih.gov/38727495/,dupilumab,,,3,no
38727633,pubmed,"Italian S3-Guideline on the treatment of Atopic Eczema - Part 1: Systemic therapy, adapted from EuroGuiDerm by the Italian Society of Dermatology and STD (SIDEMAST), the Italian Association of Hospital Dermatologists (ADOI) and the Italian Society of Allergological and Environmental Dermatology (SID",https://pubmed.ncbi.nlm.nih.gov/38727633/,dupilumab; tralokinumab; lebrikizumab; nemolizumab; upadacitinib; baricitinib; abrocitinib,,,5,si
38730044,pubmed,Plant-based zinc nanoflowers assisted molecularly imprinted polymer for the design of an electrochemical sensor for selective determination of abrocitinib.,https://pubmed.ncbi.nlm.nih.gov/38730044/,abrocitinib; ruxolitinib,,,3,no
38733124,pubmed,"Biologic therapy for chronic spontaneous urticaria in pediatrics and adolescents: current landscape, challenges, and future perspectives.",https://pubmed.ncbi.nlm.nih.gov/38733124/,dupilumab,,,3,no
38735650,pubmed,Efficacy of lebrikizumab in adolescent patients with moderate-to-severe atopic dermatitis: 16-week results from three randomized phase 3 clinical trials.,https://pubmed.ncbi.nlm.nih.gov/38735650/,lebrikizumab,,,3,si
38735810,pubmed,"Efficacy and safety of dupilumab with concomitant topical corticosteroids in Japanese pediatric patients with moderate-to-severe atopic dermatitis: A randomized, double-blind, placebo-controlled phase 3 study.",https://pubmed.ncbi.nlm.nih.gov/38735810/,dupilumab,,,4,no
38739473,pubmed,Abrocitinib-associated adverse events: a real-world pharmacovigilance study using the FAERS database.,https://pubmed.ncbi.nlm.nih.gov/38739473/,abrocitinib,,,3,no
38743155,pubmed,Dupilumab Safety and Efficacy up to 1 Year in Children Aged 6 Months to 5 Years with Atopic Dermatitis: Results from a Phase 3 Open-Label Extension Study.,https://pubmed.ncbi.nlm.nih.gov/38743155/,dupilumab,,,5,si
38743462,pubmed,Post-marketing safety concerns with abrocitinib: a real-world pharmacovigilance analysis of the FDA adverse event reporting system.,https://pubmed.ncbi.nlm.nih.gov/38743462/,abrocitinib,,,3,si
38745653,pubmed,Total eosinophil count as a biomarker for therapeutic effects of upadacitinib in atopic dermatitis over 48 weeks.,https://pubmed.ncbi.nlm.nih.gov/38745653/,upadacitinib,,,4,si
38748840,pubmed,Ottawa (ON): Canadian Agency for Drugs and Technologies in Health; 2022 Jun. CADTH Reimbursement Reviews and Recommendations.,https://pubmed.ncbi.nlm.nih.gov/38748840/,dupilumab,,,4,no
38752592,pubmed,Optimizing maintenance therapy in responders to abrocitinib induction: A post hoc analysis of JADE REGIMEN.,https://pubmed.ncbi.nlm.nih.gov/38752592/,abrocitinib,,,4,no
38752701,pubmed,Management of atopic dermatitis in patients non-responsive to dupilumab: A single-centre retrospective-cohort study.,https://pubmed.ncbi.nlm.nih.gov/38752701/,dupilumab,,,1,no
38763966,pubmed,Biologics Versus JAK Inhibitors. Part I: Cancer Risk. A Narrative Review.,https://pubmed.ncbi.nlm.nih.gov/38763966/,ruxolitinib,,,3,no
38773888,pubmed,Cross-sectional burden-of-illness study in atopic dermatitis (MEASURE-AD) in Australia and New Zealand reveals impacts on well-being.,https://pubmed.ncbi.nlm.nih.gov/38773888/,dupilumab,,,4,no
38774339,pubmed,Outcomes of systemic Janus kinase inhibitors following prior dupilumab use for atopic dermatitis: An evidence-based review.,https://pubmed.ncbi.nlm.nih.gov/38774339/,dupilumab,,,1,no
38777937,pubmed,Baricitinib Improvement Across Regions in Atopic Dermatitis Patients with Baseline Body Surface Area up to 40% and Severe Itch.,https://pubmed.ncbi.nlm.nih.gov/38777937/,baricitinib,,,4,si
38778894,pubmed,Dupilumab improved atopic dermatitis without aggravating tuberculous eosinophilic pleural effusion in hyperimmunoglobulin-E syndrome.,https://pubmed.ncbi.nlm.nih.gov/38778894/,dupilumab,,,1,no
38784925,pubmed,The changes of platelets counts in atopic dermatitis patients after treatment of abrocitinib: a systematic review and meta-analysis.,https://pubmed.ncbi.nlm.nih.gov/38784925/,abrocitinib,,,1,no
38785749,pubmed,Lichen Amyloidosis in an Atopic Patient Treated with Dupilumab: A New Therapeutic Option.,https://pubmed.ncbi.nlm.nih.gov/38785749/,dupilumab,,,3,no
38785953,pubmed,The Possible Roles of IL-4/IL-13 in the Development of Eosinophil-Predominant Severe Asthma.,https://pubmed.ncbi.nlm.nih.gov/38785953/,dupilumab,,,3,no
38796276,pubmed,Paradoxical Psoriasis.,https://pubmed.ncbi.nlm.nih.gov/38796276/,atopic_dermatitis,,,1,no
38797168,pubmed,Efficacy and Safety of Dupilumab in Chinese Elderly Patients with Atopic Dermatitis: A Real-World Study.,https://pubmed.ncbi.nlm.nih.gov/38797168/,dupilumab,,,2,no
38804086,pubmed,Concurrent therapy with dupilumab and infliximab for atopic dermatitis and Crohn's disease.,https://pubmed.ncbi.nlm.nih.gov/38804086/,dupilumab,,,1,no
38812522,pubmed,Effectiveness and safety of systemic therapy for moderate-to-severe atopic dermatitis in children and adolescent patients: a systematic review.,https://pubmed.ncbi.nlm.nih.gov/38812522/,dupilumab; tralokinumab; upadacitinib; baricitinib; abrocitinib,,,5,no
38819652,pubmed,"Long-term, observational, real-world study of dupilumab for the treatment of moderate-to-severe atopic dermatitis: a 52-week single-center retrospective analysis in China.",https://pubmed.ncbi.nlm.nih.gov/38819652/,dupilumab,,,3,no
38820959,pubmed,Ramsay Hunt syndrome in atopic dermatitis patient treated with dupilumab.,https://pubmed.ncbi.nlm.nih.gov/38820959/,dupilumab,,,2,no
38820963,pubmed,The interaction between NK cells and ILC cells and their subsets in atopic dermatitis patients with and without dupilumab therapy.,https://pubmed.ncbi.nlm.nih.gov/38820963/,dupilumab,,,4,no
38826623,pubmed,Successful treatment of severe atopic dermatitis and alopecia universalis with upadacitinib in a 29-year-old male patient.,https://pubmed.ncbi.nlm.nih.gov/38826623/,upadacitinib,,,1,no
38839072,pubmed,A pediatric case of dupilumab-induced pustular psoriasis.,https://pubmed.ncbi.nlm.nih.gov/38839072/,dupilumab,,,1,no
38840319,pubmed,Effectiveness of dupilumab in the treatment of alopecia areata in patients with concurrent atopic dermatitis: a real-life retrospective study.,https://pubmed.ncbi.nlm.nih.gov/38840319/,dupilumab,,,1,no
38841235,pubmed,A Case of Sézary Syndrome in a Patient Treated with Dupilumab for Atopic Dermatitis.,https://pubmed.ncbi.nlm.nih.gov/38841235/,dupilumab,,,1,no
38842180,pubmed,Tralokinumab-related facial redness: a therapeutic challenge.,https://pubmed.ncbi.nlm.nih.gov/38842180/,tralokinumab,,,1,no
38846697,pubmed,Dupilumab-associated ocular surface disease or atopic keratoconjunctivitis not improved by dupilumab? Upadacitinib may clarify the dilemma: A case report.,https://pubmed.ncbi.nlm.nih.gov/38846697/,dupilumab; upadacitinib,,,3,no
38846700,pubmed,Regression of metastatic malignant melanoma with dupilumab: A case report.,https://pubmed.ncbi.nlm.nih.gov/38846700/,dupilumab,,,2,no
38847375,pubmed,Response to Biologic Therapy in Skin of Colour Participants With Moderate-to-Severe Psoriasis and Atopic Dermatitis: A Systematic Review.,https://pubmed.ncbi.nlm.nih.gov/38847375/,dupilumab,,,4,no
38848870,pubmed,"A systematic review and expert Delphi Consensus recommendation on the use of vaccines in patients receiving dupilumab: A position paper of the American College of Allergy, Asthma and Immunology.",https://pubmed.ncbi.nlm.nih.gov/38848870/,dupilumab,,,3,no
38855811,pubmed,Synthesis of organic solvent-free nitrogen-doped carbon quantum dots as unique green fluorimetric probes for analysis of abrocitinib in human plasma.,https://pubmed.ncbi.nlm.nih.gov/38855811/,abrocitinib,,,3,no
38855893,pubmed,IL-4 and IL-13 are not involved in IL-31-induced itch-associated scratching behaviour in mice.,https://pubmed.ncbi.nlm.nih.gov/38855893/,dupilumab; nemolizumab,,,2,no
38857764,pubmed,Effectiveness of abrocitinib for the treatment of moderate-to-severe atopic dermatitis in patients switched from dupilumab and/or tralokinumab: A real-world retrospective study.,https://pubmed.ncbi.nlm.nih.gov/38857764/,dupilumab; tralokinumab; abrocitinib,,,1,si
38860563,pubmed,"Short-, mid- and long-term efficacy of dupilumab in moderate-to-severe atopic dermatitis: a real-world multicentre Italian study of 2576 patients.",https://pubmed.ncbi.nlm.nih.gov/38860563/,dupilumab,,,4,si
38872493,pubmed,Effectiveness of dupilumab in atopic dermatitis on the head and neck: a single-center study on 553 patients.,https://pubmed.ncbi.nlm.nih.gov/38872493/,dupilumab,,,1,si
38878020,pubmed,"Patients taking benralizumab, dupilumab, or mepolizumab have lower postvaccination SARS-CoV-2 immunity.",https://pubmed.ncbi.nlm.nih.gov/38878020/,dupilumab,,,5,no
38878041,pubmed,Reduced atopic march risk in pediatric atopic dermatitis patients prescribed dupilumab versus conventional immunomodulatory therapy: A population-based cohort study.,https://pubmed.ncbi.nlm.nih.gov/38878041/,dupilumab,,,3,si
38881978,pubmed,Rapid resolution of erythrodermic atopic dermatitis with upadacitinib: A case report.,https://pubmed.ncbi.nlm.nih.gov/38881978/,dupilumab; upadacitinib,,,1,no
38883166,pubmed,Severe cutaneous reaction with initiation of dupilumab for atopic dermatitis and prurigo nodularis: An unusual adverse effect.,https://pubmed.ncbi.nlm.nih.gov/38883166/,dupilumab,,,1,no
38888681,pubmed,Integrated Safety Update of Abrocitinib in 3802 Patients with Moderate-to-Severe Atopic Dermatitis: Data from More than 5200 Patient-Years with Up to 4 Years of Exposure.,https://pubmed.ncbi.nlm.nih.gov/38888681/,abrocitinib,,,9,si
38892346,pubmed,Characterization of High and Low IFNG-Expressing Subgroups in Atopic Dermatitis.,https://pubmed.ncbi.nlm.nih.gov/38892346/,dupilumab,,,4,si
38896380,pubmed,Predicting Abrocitinib Efficacy at Week 12 Based on Clinical Response at Week 4: A Post Hoc Analysis of Four Randomized Studies in Moderate-to-Severe Atopic Dermatitis.,https://pubmed.ncbi.nlm.nih.gov/38896380/,abrocitinib,,,4,si
38896828,pubmed,Common Skin Conditions in Children and Adolescents: Atopic and Seborrheic Dermatitis.,https://pubmed.ncbi.nlm.nih.gov/38896828/,dupilumab,,,3,no
38899260,pubmed,The Rare Adverse Effect of Myalgia After Dupilumab Biologic Therapy for Refractory Atopic Dermatitis.,https://pubmed.ncbi.nlm.nih.gov/38899260/,dupilumab,,,2,no
38899688,pubmed,Effect of dupilumab on asthma and aeroallergen sensitization in pediatric atopic dermatitis patients: Results of the BioDay registry.,https://pubmed.ncbi.nlm.nih.gov/38899688/,dupilumab,,,4,no
38903518,pubmed,Case report: Sequential therapy with dupilumab and baricitinib for severe alopecia areata with atopic dermatitis in children.,https://pubmed.ncbi.nlm.nih.gov/38903518/,dupilumab; baricitinib,,,2,si
38908432,pubmed,Atopic dermatitis and IgE-mediated food allergy: Common biologic targets for therapy and prevention.,https://pubmed.ncbi.nlm.nih.gov/38908432/,dupilumab,,,4,no
38913354,pubmed,Predisposition to conjunctivitis and male sex reduces drug survival of dupilumab in adults and adolescents.,https://pubmed.ncbi.nlm.nih.gov/38913354/,dupilumab,,,2,no
38918174,pubmed,"CS12192, a novel JAK3/JAK1/TBK1 inhibitor, attenuates autoimmune dermatoses in murine models.",https://pubmed.ncbi.nlm.nih.gov/38918174/,baricitinib,,,3,no
38922484,pubmed,Lebrikizumab Improves Quality of Life and Patient-Reported Symptoms of Anxiety and Depression in Patients with Moderate-to-Severe Atopic Dermatitis.,https://pubmed.ncbi.nlm.nih.gov/38922484/,lebrikizumab,,,5,si
38928687,pubmed,A Case of Refractory Vernal Keratoconjunctivitis Showing Improvement after the Administration of Upadacitinib for the Treatment of Atopic Dermatitis.,https://pubmed.ncbi.nlm.nih.gov/38928687/,dupilumab; upadacitinib,,,3,no
38934228,pubmed,An updated reappraisal of dupilumab in children and adolescents with moderate-severe atopic dermatitis.,https://pubmed.ncbi.nlm.nih.gov/38934228/,dupilumab,,,3,si
38939121,pubmed,Successful Use of Dupilumab in the Treatment of Acquired Perforating Dermatosis Associated with Atopic Dermatitis.,https://pubmed.ncbi.nlm.nih.gov/38939121/,dupilumab,,,3,no
38950159,pubmed,Clinical and economic evaluation of tralokinumab for atopic dermatitis.,https://pubmed.ncbi.nlm.nih.gov/38950159/,tralokinumab,,,2,no
38954384,pubmed,Practical Management of the JAK1 Inhibitor Abrocitinib for Atopic Dermatitis in Clinical Practice: Special Safety Considerations.,https://pubmed.ncbi.nlm.nih.gov/38954384/,dupilumab; abrocitinib,,,3,si
38957084,pubmed,Pearls for practice from the 2023 allergy immunology joint task force on practice parameters GRADE and institute of medicine based atopic dermatitis guidelines.,https://pubmed.ncbi.nlm.nih.gov/38957084/,dupilumab,,,3,no
38957642,pubmed,Biologics and small molecules treatment for moderate-to-severe atopic dermatitis patients with comorbid conditions and special populations: an Italian perspective.,https://pubmed.ncbi.nlm.nih.gov/38957642/,dupilumab; tralokinumab; upadacitinib; baricitinib; abrocitinib,,,3,no
38961790,pubmed,Dupilumab for the treatment of alopecia areata in pediatric patients with atopic dermatitis: A scoping review.,https://pubmed.ncbi.nlm.nih.gov/38961790/,dupilumab,,,2,no
38969173,pubmed,Early Impact of Dupilumab in Disease Severity and Quality of Life of Patients Affected by Moderate-to-severe Atopic Dermatitis: A Prospective Study.,https://pubmed.ncbi.nlm.nih.gov/38969173/,dupilumab,,,1,no
38972581,pubmed,[Translated article] RF-Longer Dupilumab Dosing Intervals in Atopic Dermatitis: Optimization or Therapeutic Failure?,https://pubmed.ncbi.nlm.nih.gov/38972581/,dupilumab,,,1,no
38973570,pubmed,Genetically Proxied Interleukin-13 Inhibition Is Associated With Risk of Psoriatic Disease: A Mendelian Randomization Study.,https://pubmed.ncbi.nlm.nih.gov/38973570/,dupilumab,,,4,si
38985486,pubmed,Dupilumab in Adults With Moderate to Severe Atopic Dermatitis: A 5-Year Open-Label Extension Study.,https://pubmed.ncbi.nlm.nih.gov/38985486/,dupilumab,,,6,no
38985902,pubmed,1382. Tralokinumab (Adtralza): CADTH Reimbursement Recommendation: Indication: For the treatment of moderate-to-severe atopic dermatitis in adult and adolescent patients 12 years and older whose disease is not adequately controlled with topical prescription therapies or when those therapies are not ,https://pubmed.ncbi.nlm.nih.gov/38985902/,dupilumab; tralokinumab,,,5,no
38986055,pubmed,Characterization of Inflammatory Mediators and Metabolome in Interstitial Fluid Collected with Dermal Open Flow Microperfusion before and at the End of Dupilumab Treatment in Atopic Dermatitis.,https://pubmed.ncbi.nlm.nih.gov/38986055/,dupilumab,,,3,si
38988357,pubmed,Efficacy of dupilumab in the treatment of severe vulvar pruritus associated with lichen sclerosus et atrophicus: a case report.,https://pubmed.ncbi.nlm.nih.gov/38988357/,dupilumab,,,2,no
38997821,pubmed,Palmoplantar pustulosis-like eruption on the palms and lower legs following nemolizumab treatment for atopic dermatitis with nodular prurigo.,https://pubmed.ncbi.nlm.nih.gov/38997821/,nemolizumab,,,1,no
38999383,pubmed,Impact of Upadacitinib on Atopic Keratoconjunctivitis Exacerbated by Dupilumab Treatment in Atopic Dermatitis Patients: A Prospective Dermatological and Ophthalmological Clinical Evaluation in Common Clinical Practice.,https://pubmed.ncbi.nlm.nih.gov/38999383/,dupilumab; upadacitinib,,,4,no
39002092,pubmed,Stable Response and Sustained Improvement of Itch and Sleep Symptoms in Patients with Atopic Dermatitis Treated with Lebrikizumab over 52 Weeks.,https://pubmed.ncbi.nlm.nih.gov/39002092/,lebrikizumab,,,5,si
39002563,pubmed,"Response to Hasan et al's ""Dupilumab therapy for atopic dermatitis is associated with increased risk of cutaneous T cell lymphoma: A retrospective cohort study"".",https://pubmed.ncbi.nlm.nih.gov/39002563/,dupilumab,,,1,no
39003392,pubmed,Cost-Effectiveness of Dupilumab and Oral Janus Kinase Inhibitors for the Treatment of Moderate-to-Severe Atopic Dermatitis in Singapore.,https://pubmed.ncbi.nlm.nih.gov/39003392/,dupilumab; upadacitinib; baricitinib; abrocitinib,,,5,si
39007411,pubmed,Comment on 'Dupilumab for atopic dermatitis in metastatic cancer'.,https://pubmed.ncbi.nlm.nih.gov/39007411/,atopic_dermatitis,,,1,no
39008024,pubmed,Pregnancy Outcomes in Patients Treated with Upadacitinib: Analysis of Data from Clinical Trials and Postmarketing Reports.,https://pubmed.ncbi.nlm.nih.gov/39008024/,upadacitinib,,,4,no
39009229,pubmed,"Improved sleep parallels improvements in atopic dermatitis signs, symptoms, and quality of life in adult patients treated with dupilumab: 24-week results from the DUPISTAD study.",https://pubmed.ncbi.nlm.nih.gov/39009229/,atopic_dermatitis,,,1,no
39009804,pubmed,The Impact of Lebrikizumab on Vaccine-Induced Immune Responses: Results from a Phase 3 Study in Adult Patients with Moderate-to-Severe Atopic Dermatitis.,https://pubmed.ncbi.nlm.nih.gov/39009804/,lebrikizumab,,,5,si
39012535,pubmed,Effectiveness and Safety of Upadacitinib for Adolescents with Atopic Dermatitis in a Real-World Setting.,https://pubmed.ncbi.nlm.nih.gov/39012535/,upadacitinib,,,4,si
39015045,pubmed,Evolution of dupilumab-associated conjunctivitis in patients with atopic dermatitis after switching dupilumab to tralokinumab or Janus kinase inhibitors (RESO-ADOC study).,https://pubmed.ncbi.nlm.nih.gov/39015045/,dupilumab; tralokinumab,,,4,no
39015397,pubmed,Janus Kinase Inhibitors as Successful Treatment Alternative in Dupilumab-Induced Psoriasis.,https://pubmed.ncbi.nlm.nih.gov/39015397/,dupilumab; baricitinib,,,3,no
39015403,pubmed,Multisystem Langerhans Cell Histiocytosis following Treatment of Initially Presumed Atopic Dermatitis with Dupilumab: A Case Report of an Extremely Confusing Scenario.,https://pubmed.ncbi.nlm.nih.gov/39015403/,dupilumab,,,2,no
39018058,pubmed,Systemic Immunomodulatory Treatments for Atopic Dermatitis: Living Systematic Review and Network Meta-Analysis Update.,https://pubmed.ncbi.nlm.nih.gov/39018058/,dupilumab; lebrikizumab; upadacitinib; abrocitinib,,,6,si
39018121,pubmed,Efficacy and safety of abrocitinib in Chinese patients with moderate-to-severe atopic dermatitis: A post hoc analysis of the JADE REGIMEN phase 3 trial.,https://pubmed.ncbi.nlm.nih.gov/39018121/,abrocitinib,,,1,no
39023404,pubmed,"Effectiveness, Safety, and Long-Term Continuation Rate Analysis of Dupilumab Treatment in Adolescents with Atopic Dermatitis: A Single-Center Real-Life Retrospective Study.",https://pubmed.ncbi.nlm.nih.gov/39023404/,atopic_dermatitis,,,1,no
39024597,pubmed,The treatment journey of children with moderate to severe atopic dermatitis in Türkiye: unmet needs.,https://pubmed.ncbi.nlm.nih.gov/39024597/,dupilumab,,,4,no
39027698,pubmed,Systematic review and network meta-analysis of the risk of malignancy with biologic therapies and selective Janus kinase-1 inhibitors in atopic dermatitis.,https://pubmed.ncbi.nlm.nih.gov/39027698/,dupilumab; tralokinumab; upadacitinib; abrocitinib,,,3,no
39031274,pubmed,Fungal Head and Neck Dermatitis: Current Understanding and Management.,https://pubmed.ncbi.nlm.nih.gov/39031274/,dupilumab; tralokinumab,,,3,si
39031980,pubmed,Response to upadacitinib in a patient with atopic dermatitis and HIV.,https://pubmed.ncbi.nlm.nih.gov/39031980/,upadacitinib,,,1,no
39032788,pubmed,"Response to Hasan et al's ""Dupilumab therapy for atopic dermatitis is associated with increased risk of cutaneous T cell lymphoma: A retrospective cohort study"".",https://pubmed.ncbi.nlm.nih.gov/39032788/,dupilumab,,,1,no
39037922,pubmed,Therapeutic Modulation of Dupilumab in Patients with Severe Atopic Dermatitis®: Clinical Effectiveness in Real Life.,https://pubmed.ncbi.nlm.nih.gov/39037922/,dupilumab,,,4,si
39038586,pubmed,"Dupilumab treatment decreases MBC2s, correlating with reduced IgE levels in pediatric atopic dermatitis.",https://pubmed.ncbi.nlm.nih.gov/39038586/,dupilumab,,,3,no
39039360,pubmed,"Dupilumab in Patients with Atopic Dermatitis: A Multicentric, Long-Term, Real-World Portuguese Study.",https://pubmed.ncbi.nlm.nih.gov/39039360/,dupilumab,,,4,no
39043675,pubmed,"Drug survival analysis of dupilumab and associated predictors in patients with atopic dermatitis in South Korea: single-center, retrospective study.",https://pubmed.ncbi.nlm.nih.gov/39043675/,dupilumab,,,3,no
39044673,pubmed,"A prospective observational cohort study comparing the treatment effectiveness and safety of ciclosporin, dupilumab and methotrexate in adult and paediatric patients with atopic dermatitis: results from the UK-Irish A-STAR register.",https://pubmed.ncbi.nlm.nih.gov/39044673/,dupilumab,,,5,no
39046661,pubmed,Sustained clinical and histopathological remission in a patient with eosinophilic esophagitis and type-2 comorbidities at 18 months after discontinuation of dupilumab.,https://pubmed.ncbi.nlm.nih.gov/39046661/,dupilumab,,,3,no
39048775,pubmed,Upadacitinib for Refractory Paediatric Atopic Dermatitis: A Real-World Study on Effectiveness and Safety in Dupilumab Nonresponders.,https://pubmed.ncbi.nlm.nih.gov/39048775/,dupilumab; upadacitinib,,,1,no
39058673,pubmed,Efficacy and safety of upadacitinib in the treatment of moderate-to-severe atopic dermatitis: A systematic review.,https://pubmed.ncbi.nlm.nih.gov/39058673/,upadacitinib,,,4,no
39064029,pubmed,Blocking the IL-4/IL-13 Axis versus the JAK/STAT Pathway in Atopic Dermatitis: How Can We Choose?,https://pubmed.ncbi.nlm.nih.gov/39064029/,dupilumab; tralokinumab; lebrikizumab; upadacitinib; baricitinib; abrocitinib,,,3,no
39064040,pubmed,A Comprehensive Review of Biologics in Phase III and IV Clinical Trials for Atopic Dermatitis.,https://pubmed.ncbi.nlm.nih.gov/39064040/,dupilumab; tralokinumab; lebrikizumab; nemolizumab,,,3,si
39067461,pubmed,"Nemolizumab with concomitant topical therapy in adolescents and adults with moderate-to-severe atopic dermatitis (ARCADIA 1 and ARCADIA 2): results from two replicate, double-blind, randomised controlled phase 3 trials.",https://pubmed.ncbi.nlm.nih.gov/39067461/,nemolizumab,,,8,si
39069839,pubmed,Italian healthcare resource consumptions and direct costs of adults with atopic dermatitis before and after dupilumab treatment.,https://pubmed.ncbi.nlm.nih.gov/39069839/,dupilumab,,,4,no
39072802,pubmed,Drug survival of abrocitinib compared to dupilumab in adult patients with atopic dermatitis.,https://pubmed.ncbi.nlm.nih.gov/39072802/,dupilumab; abrocitinib,,,1,si
39077906,pubmed,Pharmacokinetics and pharmacodynamics of itepekimab in adults with moderate-to-severe atopic dermatitis: Results from two terminated phase II trials.,https://pubmed.ncbi.nlm.nih.gov/39077906/,dupilumab,,,3,si
39078584,pubmed,Efficacy of Upadacitinib and Dupilumab on Achieving Stringent and Composite Skin and Itch Outcomes: an Indirect Comparison of Adults with Moderate-to-Severe Atopic Dermatitis.,https://pubmed.ncbi.nlm.nih.gov/39078584/,dupilumab; upadacitinib,,,4,si
39080841,pubmed,"Dupilumab: Mechanism of action, clinical, and translational science.",https://pubmed.ncbi.nlm.nih.gov/39080841/,dupilumab,,,2,si
39085148,pubmed,[Efficacy and safety of dupilumab in the treatment of moderate to severe atopic dermatitis].,https://pubmed.ncbi.nlm.nih.gov/39085148/,dupilumab,,,5,no
39093208,pubmed,[Severe atopic dermatitis in childhood in the era of personalized medicine].,https://pubmed.ncbi.nlm.nih.gov/39093208/,dupilumab; tralokinumab; upadacitinib; abrocitinib,,,3,no
39093288,pubmed,Dupilumab treatment in paediatric atopic dermatitis (2-18 years): Spanish multicentre retrospective real-world study.,https://pubmed.ncbi.nlm.nih.gov/39093288/,dupilumab,,,4,no
39093486,pubmed,Correction: Cost-Effectiveness of Dupilumab and Oral Janus Kinase Inhibitors for the Treatment of Moderate-to-Severe Atopic Dermatitis in Singapore.,https://pubmed.ncbi.nlm.nih.gov/39093486/,dupilumab,,,1,no
39097196,pubmed,Comparative safety of oral Janus kinase inhibitors versus dupilumab in patients with atopic dermatitis: A population-based cohort study.,https://pubmed.ncbi.nlm.nih.gov/39097196/,dupilumab; upadacitinib; baricitinib; abrocitinib,,,4,si
39101303,pubmed,Safety and efficacy of biologic drugs in children or adolescents with atopic dermatitis: A systematic review and meta-analysis of randomized controlled trials.,https://pubmed.ncbi.nlm.nih.gov/39101303/,dupilumab; tralokinumab; lebrikizumab,,,4,no
39104652,pubmed,"Re-engagement, quality of life, and burden of treatment in adults on dupilumab for severe atopic dermatitis-A mixed methods study.",https://pubmed.ncbi.nlm.nih.gov/39104652/,dupilumab,,,4,no
39104653,pubmed,Abrocitinib may improve itch and quality of life in patients with itch-dominant atopic dermatitis.,https://pubmed.ncbi.nlm.nih.gov/39104653/,abrocitinib,,,4,si
39105881,pubmed,Oral Janus Kinase Inhibitors in Pediatric Atopic Dermatitis.,https://pubmed.ncbi.nlm.nih.gov/39105881/,upadacitinib; baricitinib; abrocitinib,,,3,no
39110139,pubmed,More Time Spent with Clear Skin and No Itch with Upadacitinib versus Dupilumab for Atopic Dermatitis.,https://pubmed.ncbi.nlm.nih.gov/39110139/,dupilumab; upadacitinib,,,5,si
39110432,pubmed,Long-Term Effectiveness and Reasons for Discontinuation of Dupilumab in Patients With Atopic Dermatitis.,https://pubmed.ncbi.nlm.nih.gov/39110432/,dupilumab,,,6,si
39111594,pubmed,Comments on the risk of cutaneous T cell lymphoma among patients with atopic dermatitis receiving dupilumab.,https://pubmed.ncbi.nlm.nih.gov/39111594/,dupilumab,,,1,no
39116944,pubmed,"Response to Hasan et al, ""Dupilumab therapy for atopic dermatitis is associated with increased risk of cutaneous T cell lymphoma: A retrospective cohort study"".",https://pubmed.ncbi.nlm.nih.gov/39116944/,atopic_dermatitis,,,1,no
39119011,pubmed,Exploring the Complexities of Atopic Dermatitis: Pathophysiological Mechanisms and Therapeutic Approaches.,https://pubmed.ncbi.nlm.nih.gov/39119011/,dupilumab,,,3,no
39119322,pubmed,Atopic Dermatitis Onset in a Melanoma Patient Under Pembrolizumab Therapy: A Case of Successful Treatment with Dupilumab.,https://pubmed.ncbi.nlm.nih.gov/39119322/,dupilumab,,,1,no
39119679,pubmed,The role of nemolizumab in the treatment of atopic dermatitis for the adult population.,https://pubmed.ncbi.nlm.nih.gov/39119679/,nemolizumab,,,2,si
39122503,pubmed,Interleukin-13 Inhibitors in the Treatment of Atopic Dermatitis: The Role of Tralokinumab.,https://pubmed.ncbi.nlm.nih.gov/39122503/,tralokinumab,,,3,no
39122513,pubmed,Real-World Experience of Upadacitinib Dosing Reduction in Patients with Moderate Atopic Dermatitis: A Case Series Study in Taiwan.,https://pubmed.ncbi.nlm.nih.gov/39122513/,upadacitinib,,,1,no
39123054,pubmed,Patients with Moderate-to-Severe Atopic Dermatitis Maintain Stable Response with No or Minimal Fluctuations with 1 Year of Lebrikizumab Treatment.,https://pubmed.ncbi.nlm.nih.gov/39123054/,lebrikizumab,,,5,si
39124825,pubmed,Does Body Mass Index Impact the Clinical Response to Dupilumab Therapy in Atopic Dermatitis? A Monocentric Study of 170 Patients.,https://pubmed.ncbi.nlm.nih.gov/39124825/,dupilumab,,,3,no
39129394,pubmed,Tralokinumab-induced injection-site reactions.,https://pubmed.ncbi.nlm.nih.gov/39129394/,tralokinumab,,,1,no
39137288,pubmed,Histological features of immune cell infiltrate in lesional skin correlate with therapeutic response to dupilumab.,https://pubmed.ncbi.nlm.nih.gov/39137288/,dupilumab,,,3,no
39139304,pubmed,Efficacy and Safety of Upadacitinib in Moderate-to-Severe Atopic Dermatitis: A Meta-Analysis.,https://pubmed.ncbi.nlm.nih.gov/39139304/,upadacitinib,,,3,no
39142926,pubmed,"Pharmacokinetics, Safety, Tolerability, and Exploratory Efficacy of Upadacitinib in Children with Severe Atopic Dermatitis.",https://pubmed.ncbi.nlm.nih.gov/39142926/,upadacitinib,,,5,si
39147994,pubmed,Extended Half-life Antibodies: A Narrative Review of a New Approach in the Management of Atopic Dermatitis.,https://pubmed.ncbi.nlm.nih.gov/39147994/,atopic_dermatitis,,,3,no
39148480,pubmed,Differences in immunological profile in atopic dermatitis patients with and without dupilumab therapy.,https://pubmed.ncbi.nlm.nih.gov/39148480/,dupilumab,,,4,si
39148538,pubmed,A risk-scoring system to predict dupilumab-associated ocular surface disease in patients with atopic dermatitis.,https://pubmed.ncbi.nlm.nih.gov/39148538/,dupilumab,,,3,no
39152529,pubmed,Higher prevalence of dupilumab-induced ocular adverse events in atopic dermatitis compared to asthma: A daily practice analysis.,https://pubmed.ncbi.nlm.nih.gov/39152529/,dupilumab,,,4,no
39157196,pubmed,Real-life management of atopic dermatitis patients with an inadequate response to on-label use of dupilumab.,https://pubmed.ncbi.nlm.nih.gov/39157196/,dupilumab,,,3,no
39158477,pubmed,"Therapeutic monoclonal antibodies in allergy: Targeting IgE, cytokine, and alarmin pathways.",https://pubmed.ncbi.nlm.nih.gov/39158477/,atopic_dermatitis,,,4,no
39161703,pubmed,Tralokinumab for the Treatment of Adult Atopic Dermatitis in Special Populations.,https://pubmed.ncbi.nlm.nih.gov/39161703/,tralokinumab,,,5,si
39162764,pubmed,Management of Moderate-to-Severe Atopic Dermatitis in Adults: A Cross-Sectional Survey of Dermatologists Within the Asia-Pacific Region.,https://pubmed.ncbi.nlm.nih.gov/39162764/,dupilumab,,,4,no
39163276,pubmed,"Efficacy, Safety, and Early Relapse After Cessation of Upadacitinib Versus Dupilumab in Adolescents with Moderate-to-Severe Atopic Dermatitis®: A Real-World Study in China.",https://pubmed.ncbi.nlm.nih.gov/39163276/,dupilumab; upadacitinib,,,5,si
39166365,pubmed,Evaluation of dupilumab on the disease burden in children and adolescents with atopic dermatitis: A population-based cohort study.,https://pubmed.ncbi.nlm.nih.gov/39166365/,dupilumab,,,5,si
39172209,pubmed,Consensus Recommendations for the Management of Atopic Dermatitis in the United Arab Emirates.,https://pubmed.ncbi.nlm.nih.gov/39172209/,dupilumab; tralokinumab; upadacitinib; baricitinib; abrocitinib,,,3,no
39173884,pubmed,Tralokinumab as an effective alternative after dupilumab treatment failure in moderate-to-severe atopic dermatitis: A real-world study.,https://pubmed.ncbi.nlm.nih.gov/39173884/,dupilumab; tralokinumab,,,1,si
39175817,pubmed,A comprehensive analysis on the safety of two biologics dupilumab and omalizumab.,https://pubmed.ncbi.nlm.nih.gov/39175817/,dupilumab,,,3,no
39176469,pubmed,Budget impact and cost per responder analysis of upadacitinib for the treatment of moderate to severe atopic dermatitis from the perspective of the social security and the private sector in Argentina.,https://pubmed.ncbi.nlm.nih.gov/39176469/,upadacitinib,,,3,si
39177378,pubmed,A case of immunoglobulin G4-related disease complicated by atopic dermatitis responsive to upadacitinib treatment.,https://pubmed.ncbi.nlm.nih.gov/39177378/,upadacitinib,,,3,no
39178993,pubmed,Dupilumab reduces inflammatory biomarkers in pediatric patients with moderate-to-severe atopic dermatitis.,https://pubmed.ncbi.nlm.nih.gov/39178993/,dupilumab,,,4,si
39182689,pubmed,"Response to Hasan et al., ""[Dupilumab therapy for atopic dermatitis is associated with increased risk of cutaneous T-cell lymphoma: a retrospective cohort study]"".",https://pubmed.ncbi.nlm.nih.gov/39182689/,atopic_dermatitis,,,1,no
39185064,pubmed,Use of dupilumab for recalcitrant bullous pemphigoid: A case report.,https://pubmed.ncbi.nlm.nih.gov/39185064/,dupilumab,,,2,no
39187014,pubmed,"Response to Hasan et al., ""Dupilumab therapy for atopic dermatitis is associated with increased risk of cutaneous T-cell lymphoma: A retrospective cohort study"".",https://pubmed.ncbi.nlm.nih.gov/39187014/,atopic_dermatitis,,,1,no
39193341,pubmed,Assessing the real-world safety of tralokinumab for atopic dermatitis: insights from a comprehensive analysis of FAERS data.,https://pubmed.ncbi.nlm.nih.gov/39193341/,tralokinumab,,,4,no
39200305,pubmed,Biologic and Small Molecule Therapy in Atopic Dermatitis.,https://pubmed.ncbi.nlm.nih.gov/39200305/,dupilumab; tralokinumab; lebrikizumab; nemolizumab,,,3,si
39201826,pubmed,"Biologics and Small Molecule Targeted Therapies for Pediatric Alopecia Areata, Psoriasis, Atopic Dermatitis, and Hidradenitis Suppurativa in the US: A Narrative Review.",https://pubmed.ncbi.nlm.nih.gov/39201826/,dupilumab; tralokinumab; upadacitinib; baricitinib; abrocitinib,,,5,no
39202212,pubmed,The Usefulness of Line-Field Confocal Optical Coherence Tomography in Monitoring Epidermal Changes in Atopic Dermatitis in Response to Treatment: A Pilot Study.,https://pubmed.ncbi.nlm.nih.gov/39202212/,dupilumab,,,5,no
39202657,pubmed,Restoration of Skin Barrier Abnormalities with IL4/13 Inhibitors and Jak Inhibitors in Atopic Dermatitis: A Systematic Review.,https://pubmed.ncbi.nlm.nih.gov/39202657/,dupilumab,,,4,no
39203933,pubmed,Dupilumab as Therapeutic Option in Polysensitized Atopic Dermatitis Patients Suffering from Food Allergy.,https://pubmed.ncbi.nlm.nih.gov/39203933/,dupilumab,,,4,no
39212958,pubmed,Meta-Analysis of Noncompartmental Pharmacokinetic Parameters to Evaluate the Impact of CYP2C19 and CYP2C9 Genetic Polymorphisms on Abrocitinib Exposure.,https://pubmed.ncbi.nlm.nih.gov/39212958/,abrocitinib,,,4,no
39214920,pubmed,Interleukin-1α inhibitor bermekimab in patients with atopic dermatitis: randomized and nonrandomized studies.,https://pubmed.ncbi.nlm.nih.gov/39214920/,dupilumab,,,3,si
39218355,pubmed,Dupilumab is associated with reduced risk of acute upper respiratory infections in patients with atopic dermatitis compared with nontargeted immunosuppressants: A multicenter cohort study.,https://pubmed.ncbi.nlm.nih.gov/39218355/,dupilumab,,,1,no
39221836,pubmed,Bullous Pemphigoid that Developed During Nemolizumab Treatment for Atopic Dermatitis: Two Case Reports.,https://pubmed.ncbi.nlm.nih.gov/39221836/,nemolizumab,,,1,no
39236226,pubmed,An expert consensus on managing dupilumab-related ocular surface disorders in people with atopic dermatitis 2024.,https://pubmed.ncbi.nlm.nih.gov/39236226/,dupilumab; tralokinumab; lebrikizumab,,,6,si
39248292,pubmed,Lebrikizumab Combined with Topical Corticosteroids Improves Patient-reported Outcomes in Japanese Patients with Moderate-to-severe Atopic Dermatitis.,https://pubmed.ncbi.nlm.nih.gov/39248292/,lebrikizumab,,,3,si
39249591,pubmed,"Improvement Across Dimensions of Disease with Lebrikizumab Use in Atopic Dermatitis: Two Phase 3, Randomized, Double-Blind, Placebo-Controlled Monotherapy Trials (ADvocate1 and ADvocate2).",https://pubmed.ncbi.nlm.nih.gov/39249591/,lebrikizumab,,,4,si
39250163,pubmed,Cost per responder analysis of abrocitinib versus dupilumab in moderate to severe atopic dermatitis.,https://pubmed.ncbi.nlm.nih.gov/39250163/,dupilumab; abrocitinib,,,5,no
39251029,pubmed,Decoupling the association of dupilumab with cutaneous T-cell lymphoma.,https://pubmed.ncbi.nlm.nih.gov/39251029/,dupilumab,,,1,no
39253106,pubmed,Biomarkers and patient-related factors associated with clinical outcomes in dupilumab-treated atopic dermatitis.,https://pubmed.ncbi.nlm.nih.gov/39253106/,dupilumab,,,5,si
39257480,pubmed,Rapid Remission With Upadacitinib in a Child With Refractory Crohn's Disease and ATM Mutation: A Case Report.,https://pubmed.ncbi.nlm.nih.gov/39257480/,upadacitinib,,,2,si
39258033,pubmed,Drug-Induced Alopecia Areata From Upadacitinib.,https://pubmed.ncbi.nlm.nih.gov/39258033/,upadacitinib,,,1,no
39265658,pubmed,Factors Associated With Dupilumab Response in Atopic Dermatitis: A Systematic Review and Meta-Analysis.,https://pubmed.ncbi.nlm.nih.gov/39265658/,dupilumab,,,4,no
39267577,pubmed,Short- and long-term cost-effectiveness of abrocitinib versus dupilumab in adults with moderate-to-severe atopic dermatitis in China.,https://pubmed.ncbi.nlm.nih.gov/39267577/,dupilumab; abrocitinib,,,4,no
39277874,pubmed,Possibility of maintaining remission with topical therapy alone after withdrawal of dupilumab in Japanese patients with atopic dermatitis and their characteristics in the real world.,https://pubmed.ncbi.nlm.nih.gov/39277874/,dupilumab,,,3,no
39278714,pubmed,Special Considerations in Atopic Dermatitis in Young Children.,https://pubmed.ncbi.nlm.nih.gov/39278714/,atopic_dermatitis,,,2,no
39279042,pubmed,Molluscum contagiosum under treatment with upadacitinib for atopic dermatitis.,https://pubmed.ncbi.nlm.nih.gov/39279042/,upadacitinib,,,1,no
39282615,pubmed,Successful treatment of the dupilumab-induced psoriatic dermatitis/arthritis and atopic dermatitis with a JAK inhibitor: A case report and literature review.,https://pubmed.ncbi.nlm.nih.gov/39282615/,dupilumab; upadacitinib,,,1,no
39291931,pubmed,Single-centre experience with tralokinumab in dupilumab-experienced and naïve patients with atopic dermatitis.,https://pubmed.ncbi.nlm.nih.gov/39291931/,dupilumab; tralokinumab,,,1,no
39298765,pubmed,Prurigo Nodularis Mechanisms and Current Management Options.,https://pubmed.ncbi.nlm.nih.gov/39298765/,dupilumab,,,2,no
39299467,pubmed,Opportunities of topical drug products in a changing dermatological landscape.,https://pubmed.ncbi.nlm.nih.gov/39299467/,dupilumab,,,4,no
39300482,pubmed,Severe exacerbation of facial dermatitis with swelling following introduction of abrocitinib in a patient with atopic dermatitis.,https://pubmed.ncbi.nlm.nih.gov/39300482/,dupilumab; abrocitinib,,,3,no
39306032,pubmed,Superficial Conjunctival Cells from Dupilumab-Treated Patients with Atopic Dermatitis with Ocular Adverse Events Display a Transcriptomic Psoriasis Signature.,https://pubmed.ncbi.nlm.nih.gov/39306032/,dupilumab,,,3,no
39309693,pubmed,Effectiveness and safety of dupilumab in moderate-to-severe atopic dermatitis patients with chronic renal insufficiency: a real-world retrospective study in China.,https://pubmed.ncbi.nlm.nih.gov/39309693/,dupilumab,,,1,no
39310604,pubmed,Resolution of Molluscum Contagiosum After Discontinuation of Topical Corticosteroids During Dupilumab Therapy for Atopic Dermatitis: A Case Report.,https://pubmed.ncbi.nlm.nih.gov/39310604/,dupilumab,,,2,no
39310904,pubmed,Pustular Psoriasis Induced by Dupilumab: A Case Report.,https://pubmed.ncbi.nlm.nih.gov/39310904/,dupilumab,,,1,no
39311694,pubmed,Predictive Factors for Long-Term High Responders to Upadacitinib Treatment in Patients with Atopic Dermatitis.,https://pubmed.ncbi.nlm.nih.gov/39311694/,upadacitinib,,,3,no
39312340,pubmed,Efficacy and safety of upadacitinib in the treatment of moderate-to-severe atopic dermatitis in adolescents: A systematic review and meta-analysis of randomized controlled trials.,https://pubmed.ncbi.nlm.nih.gov/39312340/,upadacitinib,,,5,no
39315780,pubmed,"Baricitinib for atopic dermatitis in real life: effectiveness, safety profile, and adherence.",https://pubmed.ncbi.nlm.nih.gov/39315780/,atopic_dermatitis,,,1,si
39318611,pubmed,Dupilumab treatment reduces caregiver-reported skin pain in patients with moderate-to-severe atopic dermatitis aged 6 months to 5 years.,https://pubmed.ncbi.nlm.nih.gov/39318611/,dupilumab,,,3,no
39320302,pubmed,Cutaneous T-Cell Lymphoma and Dupilumab Use: A Multifactorial and Complex Story.,https://pubmed.ncbi.nlm.nih.gov/39320302/,dupilumab,,,1,no
39323043,pubmed,Updated insights into the molecular pathogenesis of canine atopic dermatitis.,https://pubmed.ncbi.nlm.nih.gov/39323043/,dupilumab,,,19,no
39325652,pubmed,Post-marketing safety of tralokinumab: a real-world pharmacovigilance study based on the FDA adverse event reporting system.,https://pubmed.ncbi.nlm.nih.gov/39325652/,tralokinumab,,,3,no
39332980,pubmed,Cytokine profile of the stratum corneum in atopic dermatitis lesions differs between the face and the trunk.,https://pubmed.ncbi.nlm.nih.gov/39332980/,dupilumab,,,4,si
39337910,pubmed,Off-Label Uses of Abrocitinib: Review of Emerging Therapeutic Applications beyond Atopic Dermatitis.,https://pubmed.ncbi.nlm.nih.gov/39337910/,abrocitinib,,,2,no
39340076,pubmed,Dupilumab and House Dust Mite Immunotherapy in Patients with Atopic Dermatitis: A Preliminary Study.,https://pubmed.ncbi.nlm.nih.gov/39340076/,dupilumab,,,4,no
39340963,pubmed,Herpes virus reactivation induced by abrocitinib: A real-world pharmacovigilance analysis of the FDA Adverse Event Reporting System (FAERS) database.,https://pubmed.ncbi.nlm.nih.gov/39340963/,dupilumab; baricitinib; abrocitinib,,,3,no
39343173,pubmed,CERS1 is a biomarker of Staphylococcus aureus abundance and atopic dermatitis severity.,https://pubmed.ncbi.nlm.nih.gov/39343173/,dupilumab,,,4,si
39344158,pubmed,"Extrapolation of Upadacitinib Efficacy in Juvenile Idiopathic Arthritis Leveraging Pharmacokinetics, Exposure-Response Models, and Real-World Patient Data.",https://pubmed.ncbi.nlm.nih.gov/39344158/,upadacitinib,,,3,no
39349183,pubmed,"The effect of dupilumab on caregiver- and patient-reported outcomes in young children with moderate-to-severe atopic dermatitis: Results from a placebo-controlled, phase 3 study.",https://pubmed.ncbi.nlm.nih.gov/39349183/,dupilumab,,,3,no
39355727,pubmed,Atopic dermatitis in 32 children treated with dupilumab in real life. A new contribution.,https://pubmed.ncbi.nlm.nih.gov/39355727/,dupilumab,,,1,no
39357651,pubmed,"Commentary: Response to ""Dupilumab therapy for atopic dermatitis is associated with increased risk of cutaneous T cell lymphoma: A retrospective cohort study"".",https://pubmed.ncbi.nlm.nih.gov/39357651/,dupilumab,,,1,no
39360077,pubmed,Refractory Dupilumab-Induced Inflammatory Arthritis Treated by Upadacitinib: A 'Janus Kinase (JAK)' of All Trades.,https://pubmed.ncbi.nlm.nih.gov/39360077/,dupilumab; upadacitinib,,,4,no
39361494,pubmed,Effects of Tralokinumab on Clinical and Laboratory Indexes in Atopic Dermatitis: A 24-Week Real-World Study.,https://pubmed.ncbi.nlm.nih.gov/39361494/,tralokinumab,,,3,si
39362623,pubmed,A Scalable Approach to Assess the Safety of Recently Marketed Systemic Treatments for Atopic Dermatitis in Clinical Practice: First Analysis Cycle of a Sequential Monitoring System.,https://pubmed.ncbi.nlm.nih.gov/39362623/,dupilumab; tralokinumab; upadacitinib; abrocitinib,,,4,no
39363512,pubmed,A Case Series of Refractory Pediatric Atopic Dermatitis Effectively Treated With Dupilumab in Combination With Abrocitinib.,https://pubmed.ncbi.nlm.nih.gov/39363512/,dupilumab; abrocitinib,,,2,no
39368873,pubmed,[Efficacy of biologics for severe asthma on allergic comorbidities].,https://pubmed.ncbi.nlm.nih.gov/39368873/,dupilumab,,,3,no
39370612,pubmed,Upadacitinib for the management of overlapping psoriasis and atopic dermatitis: a case series.,https://pubmed.ncbi.nlm.nih.gov/39370612/,upadacitinib,,,1,no
39378322,pubmed,Effectiveness and safety of upadacitinib retreatment after withdrawal in moderate-to-severe atopic dermatitis: a retrospective study.,https://pubmed.ncbi.nlm.nih.gov/39378322/,upadacitinib,,,4,no
39379428,pubmed,The therapeutic effect of 1-palmitoyl-2-linoleoyl-3-acetyl-rac-glycerol on chemically induced atopic dermatitis.,https://pubmed.ncbi.nlm.nih.gov/39379428/,abrocitinib,,,3,no
39381449,pubmed,Erythroderma Following Pfizer-BioNTech COVID-19 Vaccination in a Patient With Atopic Dermatitis: A Case Report.,https://pubmed.ncbi.nlm.nih.gov/39381449/,dupilumab,,,3,no
39387178,pubmed,"Upadacitinib in Moderate-to-Severe Atopic Dermatitis: Real-Life Study of Long-Term Efficacy, Safety and Correlation Between Clinical Effectiveness and Subjective Perception of Disease.",https://pubmed.ncbi.nlm.nih.gov/39387178/,atopic_dermatitis,,,1,si
39388584,pubmed,Three-year observational study on the ​long-term efficacy and safety of dupilumab in elderly patients with severe atopic dermatitis.,https://pubmed.ncbi.nlm.nih.gov/39388584/,dupilumab,,,1,no
39389429,pubmed,Real-world treatment outcomes of systemic treatments for moderate-to-severe atopic dermatitis in children aged less than 12 years: 2-year results from PEDIatric STudy in Atopic Dermatitis.,https://pubmed.ncbi.nlm.nih.gov/39389429/,dupilumab,,,3,si
39389612,pubmed,Short-term effectiveness and safety of abrocitinib in adults with moderate-to-severe atopic dermatitis: results from a 16-week real-world multicenter retrospective study - il AD (Italian landscape atopic dermatitis).,https://pubmed.ncbi.nlm.nih.gov/39389612/,dupilumab; abrocitinib,,,4,si
39389711,pubmed,Current and Emerging Biologics for Atopic Dermatitis.,https://pubmed.ncbi.nlm.nih.gov/39389711/,dupilumab; tralokinumab; lebrikizumab; nemolizumab,,,1,no
39396818,pubmed,Five-year real-world drug survival of dupilumab in severe atopic dermatitis and associate predictors.,https://pubmed.ncbi.nlm.nih.gov/39396818/,dupilumab,,,3,no
39400316,pubmed,The use of upadacitinib to successfully treat eczematized psoriasis.,https://pubmed.ncbi.nlm.nih.gov/39400316/,upadacitinib,,,1,no
39405928,pubmed,Comparative effectiveness of upadacitinib versus dupilumab for moderate-to-severe atopic dermatitis: A retrospective cohort study.,https://pubmed.ncbi.nlm.nih.gov/39405928/,dupilumab; upadacitinib,,,4,si
39406018,pubmed,Upadacitinib counteracts hepatic lipid deposition via the repression of JAK1/STAT3 signaling and AMPK/autophagy-mediated suppression of ER stress.,https://pubmed.ncbi.nlm.nih.gov/39406018/,upadacitinib,,,3,no
39412782,pubmed,"Drug Survival of Dupilumab, Methotrexate, and Cyclosporine A in Children With Atopic Dermatitis.",https://pubmed.ncbi.nlm.nih.gov/39412782/,dupilumab,,,5,no
39419511,pubmed,Real-world burden of atopic dermatitis: Austrian and Swiss data from the MEASURE-AD study.,https://pubmed.ncbi.nlm.nih.gov/39419511/,dupilumab,,,3,no
39420803,pubmed,Improvement in Atopic Dermatitis and Recurrent Infection With Dupilumab in Children With Distinct Genetic Types of Hyper-IgE Syndrome: A Case Series and Literature Review.,https://pubmed.ncbi.nlm.nih.gov/39420803/,dupilumab,,,1,no
39425593,pubmed,Treatment of atopic dermatitis with abrocitinib in real practice in Spain: efficacy and safety results from a 24-week multicenter study.,https://pubmed.ncbi.nlm.nih.gov/39425593/,abrocitinib,,,4,si
39425924,pubmed,Levelling up outcomes in atopic dermatitis through personalized dosing of upadacitinib.,https://pubmed.ncbi.nlm.nih.gov/39425924/,upadacitinib,,,1,no
39428630,pubmed,"Maternal, Fetal, and Labour Outcomes of Dupilumab Use for Atopic Dermatitis During Pregnancy: A Systematic Review.",https://pubmed.ncbi.nlm.nih.gov/39428630/,dupilumab,,,3,no
39431731,pubmed,Special sites in atopic dermatitis: Effectiveness of dupilumab on the hands in a single-centre study on 485 patients.,https://pubmed.ncbi.nlm.nih.gov/39431731/,dupilumab,,,1,no
39435345,pubmed,Racial and ethnic disparities in dupilumab for pediatric atopic dermatitis in Florida.,https://pubmed.ncbi.nlm.nih.gov/39435345/,dupilumab,,,3,no
39435568,pubmed,Clearance of Darier disease lesions in a patient with concomitant atopic dermatitis treated with abrocitinib.,https://pubmed.ncbi.nlm.nih.gov/39435568/,abrocitinib,,,1,si
39438067,pubmed,Efficacy and safety of upadacitinib versus dupilumab in adults and adolescents with moderate-to-severe atopic dermatitis: week 16 results of an open-label randomized efficacy assessor-blinded head-to-head phase IIIb/IV study (Level Up).,https://pubmed.ncbi.nlm.nih.gov/39438067/,dupilumab; upadacitinib,,,5,si
39441580,pubmed,Upadacitinib in Adolescents With Moderate to Severe Atopic Dermatitis: Analysis of 3 Phase 3 Randomized Clinical Trials Through 76 Weeks.,https://pubmed.ncbi.nlm.nih.gov/39441580/,upadacitinib,,,7,si
39442013,pubmed,Long-term management of moderate-to-severe atopic dermatitis with lebrikizumab and concomitant topical corticosteroids: a 68-week randomized double-blind placebo-controlled phase III trial in Japan (ADhere-J).,https://pubmed.ncbi.nlm.nih.gov/39442013/,lebrikizumab,,,5,si
39446652,pubmed,Effectiveness and Safety of Upadacitinib in Adolescent and Adult Patients with Atopic Dermatitis: An Analysis of Long-Term (Week 52) Data from a Real-World Multicenter Retrospective Review.,https://pubmed.ncbi.nlm.nih.gov/39446652/,upadacitinib,,,1,si
39449187,pubmed,Type 2 Immune-Dominant Endotype Is Not Associated With Increased Responsiveness to Dupilumab Treatment in Adult Atopic Dermatitis Patients.,https://pubmed.ncbi.nlm.nih.gov/39449187/,dupilumab,,,1,si
39451560,pubmed,Impact of Dupilumab on Skin Surface Lipid-RNA Profile in Severe Asthmatic Patients.,https://pubmed.ncbi.nlm.nih.gov/39451560/,dupilumab,,,3,no
39454859,pubmed,[Translated article] Real-World Safety and Efficacy Profile of Baricitinib in Patients With Atopic Dermatitis: a Multicenter Retrospective Trial From Four Spanish Hospitals in Andalusia.,https://pubmed.ncbi.nlm.nih.gov/39454859/,baricitinib,,,1,si
39463216,pubmed,"The Pathophysiology, Diagnosis and Management of Chronic Inflammatory Skin Diseases.",https://pubmed.ncbi.nlm.nih.gov/39463216/,lebrikizumab,,,2,no
39466919,pubmed,1178. Tralokinumab (Adtralza): Therapeutic area: Atopic dermatitis: CADTH Reimbursement Review [Internet].,https://pubmed.ncbi.nlm.nih.gov/39466919/,tralokinumab,,,1,no
39467941,pubmed,Topical delivery of baricitinib-impregnated nanoemulgel: a promising platform for inhibition of JAK -STAT pathway for the effective management of atopic dermatitis.,https://pubmed.ncbi.nlm.nih.gov/39467941/,baricitinib,,,4,no
39470166,pubmed,Sudden improvement of alopecia universalis and psoriatic arthritis while receiving upadacitinib: a case-based review.,https://pubmed.ncbi.nlm.nih.gov/39470166/,upadacitinib,,,3,no
39470878,pubmed,Dupilumab is Efficacious in Young Children with Atopic Dermatitis Regardless of Type 2 Comorbidities.,https://pubmed.ncbi.nlm.nih.gov/39470878/,dupilumab,,,4,si
39476813,pubmed,Efficacy and Safety of Upadacitinib versus Dupilumab Treatment for Moderate-to-Severe Atopic Dermatitis in Four Body Regions: Analysis from the Heads Up Study.,https://pubmed.ncbi.nlm.nih.gov/39476813/,dupilumab; upadacitinib,,,7,si
39487715,pubmed,Real-World Experience of 3-Year Treatment With Dupilumab: Significant Decrease in Circulating Neutrophils and Eosinophils in Japanese Patients With Atopic Dermatitis.,https://pubmed.ncbi.nlm.nih.gov/39487715/,dupilumab,,,4,no
39489506,pubmed,Comparison of safety profile in patients with atopic dermatitis treated with dupilumab or conventional systemic treatment: real world data from the US network.,https://pubmed.ncbi.nlm.nih.gov/39489506/,dupilumab,,,3,no
39493085,pubmed,Dupilumab Facial Redness (DFR) Cleared With Oral Itraconazole.,https://pubmed.ncbi.nlm.nih.gov/39493085/,dupilumab,,,2,si
39495073,pubmed,"A microarray-based IgE-molecular mimicry index (IgE-MMI): A biomarker for disease severity, clinical phenotypes, and therapeutic response in atopic dermatitis?",https://pubmed.ncbi.nlm.nih.gov/39495073/,dupilumab,,,4,si
39501849,pubmed,Dupilumab for Chronic Hand Eczema: A Systematic Review and Meta-Analysis.,https://pubmed.ncbi.nlm.nih.gov/39501849/,dupilumab,,,3,si
39502691,pubmed,Histamine and Th2 cytokines independently and synergistically upregulate MMP12 expression in human M2 macrophages.,https://pubmed.ncbi.nlm.nih.gov/39502691/,dupilumab,,,3,no
39507180,pubmed,Herpes Zoster and Venous Thromboembolism Following Upadacitinib Treatment for Severe Atopic Dermatitis.,https://pubmed.ncbi.nlm.nih.gov/39507180/,upadacitinib,,,2,si
39509156,pubmed,Lebrikizumab (Ebglyss) for atopic dermatitis.,https://pubmed.ncbi.nlm.nih.gov/39509156/,lebrikizumab,,,1,no
39511481,pubmed,Severe herpes simplex virus - 1 Kaposi varicelliform eruption and SARS-CoV-2 infection in atopic dermatitis treated with dupilumab.,https://pubmed.ncbi.nlm.nih.gov/39511481/,dupilumab,,,3,no
39512341,pubmed,Dupilumab combined with corticosteroid therapy for Kimura disease with multiple systemic masses: a case report and literature review.,https://pubmed.ncbi.nlm.nih.gov/39512341/,dupilumab,,,3,no
39515522,pubmed,Dupilumab Use in Patients With Hypereosinophilic Syndromes: A Multicenter Case Series and Review of the Literature.,https://pubmed.ncbi.nlm.nih.gov/39515522/,dupilumab,,,4,no
39520977,pubmed,ARCADIA trials: Can nemolizumab be a valid alternative to the therapies currently available?,https://pubmed.ncbi.nlm.nih.gov/39520977/,nemolizumab,,,1,no
39521279,pubmed,Integrative epidemiology and immunotranscriptomics uncover a risk and potential mechanism for cutaneous lymphoma unmasking or progression with dupilumab therapy.,https://pubmed.ncbi.nlm.nih.gov/39521279/,dupilumab; tralokinumab,,,5,no
39522957,pubmed,Longer-term safety and efficacy of baricitinib for atopic dermatitis in pediatric patients 2 to <18 years old: a randomized clinical trial of extended treatment to 3.6 years.,https://pubmed.ncbi.nlm.nih.gov/39522957/,baricitinib,,,3,si
39525758,pubmed,The safety and efficacy of Baricitinib for systemic lupus erythematosus: a systematic review and meta-analysis of randomized controlled trials.,https://pubmed.ncbi.nlm.nih.gov/39525758/,baricitinib,,,3,no
39529307,pubmed,Low Infection Rates With Long-Term Dupilumab Treatment in Patients Aged 6 Months to 5 Years: An Open-Label Extension Study.,https://pubmed.ncbi.nlm.nih.gov/39529307/,dupilumab,,,4,no
39531322,pubmed,Dupilumab-Associated Bilateral Conjunctival Papillomas and Corneal Perforation.,https://pubmed.ncbi.nlm.nih.gov/39531322/,dupilumab,,,3,no
39539087,pubmed,Patch Testing Results From the Icahn School of Medicine at Mount Sinai Department of Dermatology 2017-2021.,https://pubmed.ncbi.nlm.nih.gov/39539087/,atopic_dermatitis,,,1,no
39540895,pubmed,Real-world efficacy and safety of dupilumab for paediatric atopic dermatitis: a multicentre retrospective study.,https://pubmed.ncbi.nlm.nih.gov/39540895/,dupilumab,,,3,no
39542353,pubmed,Mid-term Safety and Efficacy of Upadacitinib in Adolescents With Moderate-to-severe Atopic Dermatitis: A Real-life 34-Patient Multicenter Trial.,https://pubmed.ncbi.nlm.nih.gov/39542353/,upadacitinib,,,1,si
39545373,pubmed,Risk Factors Associated with Weight Gain during Treatment with Dupilumab among Patients with Moderate to Severe Atopic Dermatitis.,https://pubmed.ncbi.nlm.nih.gov/39545373/,dupilumab,,,3,no
39546252,pubmed,"Drug Survival, Retention, and Persistence of Dupilumab in Adults and Adolescents with Atopic Dermatitis: A Narrative Literature Review.",https://pubmed.ncbi.nlm.nih.gov/39546252/,dupilumab,,,4,si
39551509,pubmed,[No title available],https://pubmed.ncbi.nlm.nih.gov/39551509/,atopic_dermatitis,,,1,no
39555081,pubmed,Long-term efficacy and safety of dupilumab for moderate-to-severe atopic dermatitis: a prospective real-world cohort study in China.,https://pubmed.ncbi.nlm.nih.gov/39555081/,dupilumab,,,4,no
39555311,pubmed,Prolonged hypereosinophilia associated with dupilumab for atopic dermatitis: A case series and review of literature.,https://pubmed.ncbi.nlm.nih.gov/39555311/,dupilumab,,,1,no
39558725,pubmed,IL-13 inhibition in the treatment of atopic dermatitis - new and emerging biologic agents.,https://pubmed.ncbi.nlm.nih.gov/39558725/,tralokinumab; lebrikizumab,,,3,si
39564523,pubmed,Amenorrhea in an Adolescent Female as a Rare Adverse Event of Upadacitinib Treatment for Atopic Dermatitis.,https://pubmed.ncbi.nlm.nih.gov/39564523/,upadacitinib,,,1,no
39567198,pubmed,Dupilumab-Associated Ocular Surface Disease in Pediatric Atopic Dermatitis: A Single-Center Asian Experience.,https://pubmed.ncbi.nlm.nih.gov/39567198/,dupilumab,,,4,no
39568752,pubmed,Successful treatment of refractory palmoplantar pustulosis by upadacitinib: report of 28 patients.,https://pubmed.ncbi.nlm.nih.gov/39568752/,upadacitinib,,,4,no
39575618,pubmed,Efficacy and safety of dupilumab in a patient with metastatic clear cell renal cell carcinoma.,https://pubmed.ncbi.nlm.nih.gov/39575618/,dupilumab,,,3,no
39582448,pubmed,Changes in skin barrier integrity by electrical impedance spectroscopy during dupilumab treatment on a child with severe atopic dermatitis.,https://pubmed.ncbi.nlm.nih.gov/39582448/,dupilumab,,,4,no
39588375,pubmed,Immunogenicity of dupilumab in adult and pediatric patients with atopic dermatitis.,https://pubmed.ncbi.nlm.nih.gov/39588375/,dupilumab,,,3,si
39589036,pubmed,Effectiveness and safety of tralokinumab treatment for moderate-to-severe atopic dermatitis in real-world clinical practice in Japan.,https://pubmed.ncbi.nlm.nih.gov/39589036/,tralokinumab,,,3,si
39589785,pubmed,Time of Day of Biological Treatment Administration and Outcomes in Atopic Dermatitis: Results from a Preliminary Retrospective Study.,https://pubmed.ncbi.nlm.nih.gov/39589785/,dupilumab,,,3,no
39592133,pubmed,Comparative efficacy of targeted systemic therapies for pruritus in moderate-to-severe atopic dermatitis without topical treatment: a network meta-analysis.,https://pubmed.ncbi.nlm.nih.gov/39592133/,dupilumab; lebrikizumab; upadacitinib; abrocitinib,,,3,si
39598368,pubmed,"Atopic Dermatitis-Related Problems in Daily Life, Goals of Therapy and Deciding Factors for Systemic Therapy: A Review.",https://pubmed.ncbi.nlm.nih.gov/39598368/,dupilumab; tralokinumab; lebrikizumab; nemolizumab; upadacitinib; baricitinib; abrocitinib,,,4,no
39600395,pubmed,"Biologics in allergology and clinical immunology: Update on therapies for atopic diseases, urticaria, and angioedema and on safety aspects focusing on hypersensitivity reactions.",https://pubmed.ncbi.nlm.nih.gov/39600395/,dupilumab; tralokinumab; lebrikizumab,,,5,si
39607831,pubmed,Long-term (68 weeks) administration of nemolizumab in paediatric patients aged 6-12 years with atopic dermatitis with moderate-to-severe pruritus: efficacy and safety data from a phase III study.,https://pubmed.ncbi.nlm.nih.gov/39607831/,nemolizumab,,,4,si
39610670,pubmed,Baricitinib as monotherapy and with topical corticosteroids in moderate-to-severe atopic dermatitis: a systematic review and meta-analysis of dose-response.,https://pubmed.ncbi.nlm.nih.gov/39610670/,baricitinib,,,4,si
39611144,pubmed,Case report: Abrocitinib: a potential therapeutic option for lichen amyloidosis associated with atopic dermatitis.,https://pubmed.ncbi.nlm.nih.gov/39611144/,abrocitinib,,,3,si
39613098,pubmed,Risk of malignancy associated with use of dupilumab versus other treatments in atopic dermatitis patients: A national database analysis.,https://pubmed.ncbi.nlm.nih.gov/39613098/,dupilumab,,,1,si
39613228,pubmed,Dupilumab impact on psychiatric and sleep disorder risk reduction in atopic dermatitis: A population-based cohort study.,https://pubmed.ncbi.nlm.nih.gov/39613228/,dupilumab,,,5,no
39616021,pubmed,Type 2 cytokine-JAK1 signaling is involved in the development of dry skin-induced mechanical alloknesis.,https://pubmed.ncbi.nlm.nih.gov/39616021/,baricitinib; abrocitinib,,,3,si
39620818,pubmed,A Case Series of Live Attenuated Vaccine Administration in Dupilumab-Treated Children With Atopic Dermatitis.,https://pubmed.ncbi.nlm.nih.gov/39620818/,dupilumab,,,1,no
39621227,pubmed,One-Year Insights into the GLOBOSTAD Multinational Prospective Observational Study of Patients Receiving Dupilumab for Atopic Dermatitis.,https://pubmed.ncbi.nlm.nih.gov/39621227/,dupilumab,,,5,si
39622691,pubmed,Combined Dupilumab and Allergen-Specific Immunotherapy in Severe Refractory Atopic Dermatitis.,https://pubmed.ncbi.nlm.nih.gov/39622691/,dupilumab,,,3,si
39623757,pubmed,Use of advanced systemic therapy in patients with moderate-to-severe atopic dermatitis in the TARGET-DERM AD Registry.,https://pubmed.ncbi.nlm.nih.gov/39623757/,dupilumab; upadacitinib,,,4,no
39624768,pubmed,Acute generalised exanthematous pustulosis associated with upadacitinib treatment.,https://pubmed.ncbi.nlm.nih.gov/39624768/,upadacitinib,,,2,no
39625230,pubmed,"Efficacy and safety of lebrikizumab combined with topical corticosteroids in Japanese patients with moderate-to-severe atopic dermatitis: a phase 3, double-blind, placebo-controlled, randomized clinical trial (ADhere-J).",https://pubmed.ncbi.nlm.nih.gov/39625230/,lebrikizumab,,,4,si
39628371,pubmed,Reply to: Upadacitinib for the management of overlapping psoriasis and atopic dermatitis: a case series.,https://pubmed.ncbi.nlm.nih.gov/39628371/,upadacitinib,,,1,no
39629076,pubmed,Efficacy and safety of lebrikizumab for the treatment of moderate-to-severe atopic dermatitis: a systematic review and meta-analysis.,https://pubmed.ncbi.nlm.nih.gov/39629076/,lebrikizumab,,,3,no
39632710,pubmed,Predictive Factors for Primary and Secondary Nonresponders to Upadacitinib in Patients with Moderate-to-Severe Atopic Dermatitis: A Real-World Study.,https://pubmed.ncbi.nlm.nih.gov/39632710/,dupilumab; upadacitinib,,,4,no
39632756,pubmed,Patients' Perception of the Impact of Moderate to Severe Atopic Dermatitis on Their Sexual Well-Being: Comparison of Pre- and Posttreatment with Advanced Therapies.,https://pubmed.ncbi.nlm.nih.gov/39632756/,dupilumab; abrocitinib,,,3,no
39634513,pubmed,A systematic review of guidelines for the management of atopic dermatitis in children.,https://pubmed.ncbi.nlm.nih.gov/39634513/,dupilumab,,,4,no
39636193,pubmed,"Updated consensus guidelines for management of moderate-to-severe atopic dermatitis in Singapore: Integrating biologics, Janus kinase inhibitors and conventional therapies.",https://pubmed.ncbi.nlm.nih.gov/39636193/,dupilumab; crisaborole,,,3,no
39636571,pubmed,"Correction to: Improvement Across Dimensions of Disease with Lebrikizumab Use in Atopic Dermatitis: Two Phase 3, Randomized, Double-Blind, Placebo-Controlled Monotherapy Trials (ADvocate1 and ADvocate2).",https://pubmed.ncbi.nlm.nih.gov/39636571/,atopic_dermatitis,,,1,no
39638723,pubmed,Evaluation of Pharmacokinetics of Lebrikizumab in Healthy Individuals After Subcutaneous Administration Using a Prefilled Syringe or Autoinjector in a Phase 1 Randomized Study.,https://pubmed.ncbi.nlm.nih.gov/39638723/,lebrikizumab,,,3,no
39640454,pubmed,Abrocitinib: A Comprehensive Review of its Efficacy and Safety in Dermatology.,https://pubmed.ncbi.nlm.nih.gov/39640454/,abrocitinib,,,1,no
39641601,pubmed,Lebrikizumab: a new anti-IL-13 agent for treating moderate-to-severe atopic dermatitis.,https://pubmed.ncbi.nlm.nih.gov/39641601/,lebrikizumab,,,3,si
39644368,pubmed,Adverse events in dupilumab therapy: a propensity matched retrospective cohort study.,https://pubmed.ncbi.nlm.nih.gov/39644368/,dupilumab,,,1,no
39647706,pubmed,To patch or not to patch on dupilumab: That is the question.,https://pubmed.ncbi.nlm.nih.gov/39647706/,dupilumab,,,1,no
39651370,pubmed,Concurrent Refractory Atopic Dermatitis and Generalized Vitiligo Successfully Treated with Abrocitinib: A Case Report.,https://pubmed.ncbi.nlm.nih.gov/39651370/,dupilumab; abrocitinib,,,2,si
39652913,pubmed,Dupilumab and Alopecia Areata: A Possible Combined or Disturbance Therapy? A Review of The Literature.,https://pubmed.ncbi.nlm.nih.gov/39652913/,dupilumab,,,3,no
39657020,pubmed,Predicting success with reduced dosing frequency of tralokinumab in patients with moderate-to-severe atopic dermatitis.,https://pubmed.ncbi.nlm.nih.gov/39657020/,tralokinumab,,,6,si
39660821,pubmed,Live Attenuated Vaccine Administration in Children Treated With Methotrexate or Dupilumab.,https://pubmed.ncbi.nlm.nih.gov/39660821/,dupilumab,,,3,no
39666267,pubmed,The efficacy of JAK inhibitors in adult eosinophilic colitis with atopic dermatitis; four cases report.,https://pubmed.ncbi.nlm.nih.gov/39666267/,upadacitinib; baricitinib,,,2,no
39668419,pubmed,Effectiveness and safety of combined dupilumab and risankizumab in concomitant atopic dermatitis and psoriasis.,https://pubmed.ncbi.nlm.nih.gov/39668419/,dupilumab,,,1,no
39668908,pubmed,Increased Risk of Cutaneous T-Cell Lymphoma Development after Dupilumab Use for Atopic Dermatitis.,https://pubmed.ncbi.nlm.nih.gov/39668908/,dupilumab,,,5,si
39672377,pubmed,Switching From Dupilumab to Tralokinumab or Janus Kinase Inhibitors in Cases of Ocular and/or Facial Adverse Events in Patients With Atopic Dermatitis: A Multicenter Retrospective Study.,https://pubmed.ncbi.nlm.nih.gov/39672377/,dupilumab; tralokinumab,,,4,si
39673366,pubmed,"Tralokinumab Treatment in Adult Atopic Dermatitis Patients: 28-Week Evaluation of Clinical Effectiveness, Safety, Serum Proteins and Total IgE Levels.",https://pubmed.ncbi.nlm.nih.gov/39673366/,dupilumab; tralokinumab,,,4,si
39680511,pubmed,Improved quality of life in patients treated with lebrikizumab monotherapy is mediated by improvements in itch and sleep: results from two phase III trials in patients with moderate-to-severe atopic dermatitis.,https://pubmed.ncbi.nlm.nih.gov/39680511/,lebrikizumab,,,3,no
39681271,pubmed,Cutaneous T cell lymphoma arising in patients treated with dupilumab: A case series of 18 patients.,https://pubmed.ncbi.nlm.nih.gov/39681271/,dupilumab,,,1,no
39681861,pubmed,The assessment of dupilumab in children with moderate-to-severe asthma and comorbid type 2 inflammatory diseases.,https://pubmed.ncbi.nlm.nih.gov/39681861/,dupilumab,,,4,no
39686603,pubmed,Single-centre retrospective review of dupilumab-induced ocular surface disease in an Australian adult cohort with moderate-to-severe atopic dermatitis.,https://pubmed.ncbi.nlm.nih.gov/39686603/,dupilumab,,,2,no
39687273,pubmed,Negative patch test findings after initiation of upadacitinib: A case report.,https://pubmed.ncbi.nlm.nih.gov/39687273/,upadacitinib,,,1,no
39687758,pubmed,A Case of Upadacitinib-Associated Ileus Secondary to Psoriasis Induced by Treatment of Atopic Dermatitis with Dupilumab.,https://pubmed.ncbi.nlm.nih.gov/39687758/,dupilumab; upadacitinib,,,2,no
39688544,pubmed,Televisits for patients with atopic dermatitis treated with dupilumab: experience from a tertiary care center in Northern Italy.,https://pubmed.ncbi.nlm.nih.gov/39688544/,dupilumab,,,2,no
39693468,pubmed,Ottawa (ON): Canadian Agency for Drugs and Technologies in Health; 2024 Nov. Report No.: SR0819. CADTH Reimbursement Reviews and Recommendations.,https://pubmed.ncbi.nlm.nih.gov/39693468/,dupilumab; lebrikizumab,,,4,no
39694724,pubmed,"Dupilumab, corticosteroids and their combination for the treatment of bullous pemphigoid.",https://pubmed.ncbi.nlm.nih.gov/39694724/,dupilumab,,,3,no
39698911,pubmed,Position Paper on the Treatment of Eosinophilic Esophagitis With Dupilumab.,https://pubmed.ncbi.nlm.nih.gov/39698911/,dupilumab,,,2,no
39707640,pubmed,English version of clinical practice guidelines for the management of atopic dermatitis 2024.,https://pubmed.ncbi.nlm.nih.gov/39707640/,dupilumab; tralokinumab; nemolizumab; upadacitinib; baricitinib; abrocitinib; delgocitinib,,,3,si
39715989,pubmed,Characterisation and Profiling of Standard Atopic Dermatitis Therapies in a Chronic Dermatitis Murine Model Induced by Oxazolone.,https://pubmed.ncbi.nlm.nih.gov/39715989/,baricitinib; crisaborole,,,3,no
39729342,pubmed,Identification of Early and Late Responders to Anti-IL-13 Antibody Tralokinumab in Atopic Dermatitis: A Real-World Japanese Study.,https://pubmed.ncbi.nlm.nih.gov/39729342/,tralokinumab,,,3,si
39733934,pubmed,Tralokinumab Treatment of Atopic Dermatitis Induces a Progressive Transcriptomic Response.,https://pubmed.ncbi.nlm.nih.gov/39733934/,tralokinumab,,,3,si
39733939,pubmed,The efficacy of longer-term lebrikizumab treatment in patients with moderate-to-severe atopic dermatitis who did not meet protocol-defined response criteria at week 16 in 2 randomized controlled clinical trials.,https://pubmed.ncbi.nlm.nih.gov/39733939/,lebrikizumab,,,4,si
39742272,pubmed,Biologic drugs induced vitiligo: case reports and review of literature.,https://pubmed.ncbi.nlm.nih.gov/39742272/,dupilumab,,,3,no
39743694,pubmed,[Peripheral ulcerative keratitis associated with dupilumab: a case report].,https://pubmed.ncbi.nlm.nih.gov/39743694/,dupilumab,,,2,no
39744776,pubmed,"Dupilumab induced ocular surface diseases: an analysis of FAERS database, literature review and disease-gene interaction networks.",https://pubmed.ncbi.nlm.nih.gov/39744776/,dupilumab,,,3,no
39755144,pubmed,Laboratory Changes During Dupilumab Treatment for Atopic Dermatitis.,https://pubmed.ncbi.nlm.nih.gov/39755144/,dupilumab,,,3,si
39757933,pubmed,Efficacy of dupilumab with concomitant topical calcineurin inhibitors treatment for preschool children with atopic dermatitis: a retrospective cohort study.,https://pubmed.ncbi.nlm.nih.gov/39757933/,dupilumab,,,4,no
39758219,pubmed,Phenotypic Shift during Treatment of Plaque Psoriasis with Ixekizumab.,https://pubmed.ncbi.nlm.nih.gov/39758219/,upadacitinib,,,2,no
39758935,pubmed,Tumors in the setting of dupilumab use: A review of the literature.,https://pubmed.ncbi.nlm.nih.gov/39758935/,dupilumab,,,3,no
39761965,pubmed,Lebrikizumab is associated with improvements in patient-reported symptoms and quality-of-life measures across Eczema Area and Severity Index response categories: pooled results from phase-3 randomized ADvocate1 and ADvocate2 studies in patients with moderate-to-severe atopic dermatitis.,https://pubmed.ncbi.nlm.nih.gov/39761965/,lebrikizumab,,,3,no
39761970,pubmed,"A real-world study to assess the disease control of moderate to severe atopic dermatitis in patients receiving dupilumab therapy, with atopic dermatitis control tool in Gulf countries.",https://pubmed.ncbi.nlm.nih.gov/39761970/,dupilumab,,,3,no
39777027,pubmed,Severe atopic dermatitis treated with Dupilumab in a CTLA-4-deficient patient: A case report and review of the literature.,https://pubmed.ncbi.nlm.nih.gov/39777027/,dupilumab,,,2,no
39792264,pubmed,[Eosinophilic esophagitis].,https://pubmed.ncbi.nlm.nih.gov/39792264/,dupilumab,,,5,no
39802504,pubmed,The Association of Inflammatory Indexes Derived from Peripheral Blood Cell Count and Clinical Signs with Response to Treatment with Dupilumab in Pediatric Patients with Moderate-to-Severe Atopic Dermatitis.,https://pubmed.ncbi.nlm.nih.gov/39802504/,dupilumab,,,4,no
39810497,pubmed,Biologics and small molecules: the re-evolution in the treatment of atopic dermatitis in children and adolescents. Current state of the art and future perspectives.,https://pubmed.ncbi.nlm.nih.gov/39810497/,dupilumab,,,3,si
39812942,pubmed,"Successful Achievement of Demanding Outcomes in Upadacitinib-Treated Atopic Dermatitis Patients: A Real-World, 96-Week Single-Centre Study.",https://pubmed.ncbi.nlm.nih.gov/39812942/,upadacitinib,,,4,no
39817474,pubmed,Characteristics of suitable cases for treatment with nemolizumab based on clinical findings and cutaneous adverse events.,https://pubmed.ncbi.nlm.nih.gov/39817474/,nemolizumab,,,2,si
39818381,pubmed,AP2M1 as the potential biomarker for prediction of the response of atopic dermatitis to Dupilumab therapy: Multi-omics analysis and evidence.,https://pubmed.ncbi.nlm.nih.gov/39818381/,dupilumab,,,3,no
39820896,pubmed,Biomarkers in Atopic Dermatitis: A Review of the Role of IL-13 and the Impact of Tralokinumab Treatment.,https://pubmed.ncbi.nlm.nih.gov/39820896/,tralokinumab,,,3,si
39821857,pubmed,Correction: Matching-Adjusted Indirect Comparison of the Efficacy at Week 32 of Tralokinumab and Dupilumab in the Treatment of Moderate-to-Severe Atopic Dermatitis.,https://pubmed.ncbi.nlm.nih.gov/39821857/,dupilumab; tralokinumab,,,1,no
39827864,pubmed,Upadacitinib and Dupilumab Demonstrate Superior Efficacy in the Treatment of Adolescent Atopic Dermatitis: A Network Meta-Analysis.,https://pubmed.ncbi.nlm.nih.gov/39827864/,dupilumab; tralokinumab; upadacitinib; baricitinib; abrocitinib,,,7,si
39832678,pubmed,Dupilumab and neuropsychiatric outcomes in pediatric atopic dermatitis: A real-world cohort analysis.,https://pubmed.ncbi.nlm.nih.gov/39832678/,dupilumab,,,1,no
39833567,pubmed,The cardiometabolic safety of dupilumab in atopic dermatitis: A global large-scale cohort study.,https://pubmed.ncbi.nlm.nih.gov/39833567/,dupilumab,,,4,no
39834978,pubmed,Evaluation of Risk Factors for Dupilumab-Associated Ocular Sequelae in the Treatment of Atopic Dermatitis.,https://pubmed.ncbi.nlm.nih.gov/39834978/,dupilumab,,,4,no
39837578,pubmed,Dupilumab-Associated Unmasking of Allergic Contact Dermatitis.,https://pubmed.ncbi.nlm.nih.gov/39837578/,dupilumab,,,1,no
39838263,pubmed,Severe Allergic Contact Dermatitis to Hair Dye in a Patient With Atopic Dermatitis During Dupilumab Therapy.,https://pubmed.ncbi.nlm.nih.gov/39838263/,dupilumab,,,1,no
39848584,pubmed,"Higher odds of dupilumab prescriptions for Black patients with atopic dermatitis: Results of a retrospective study using DataDerm, the database of the American Academy of Dermatology.",https://pubmed.ncbi.nlm.nih.gov/39848584/,atopic_dermatitis,,,1,no
39855345,pubmed,"Dupilumab treatment restores lesional and nonlesional skin barrier function in adults and adolescents with atopic dermatitis irrespective of the filaggrin genotype: Results from an open-label, healthy-control-matched, phase 4 clinical study (BALISTAD).",https://pubmed.ncbi.nlm.nih.gov/39855345/,atopic_dermatitis,,,1,no
39862316,pubmed,Effectiveness of Tralokinumab in Different Phenotypes of Atopic Dermatitis: A Real-World Study.,https://pubmed.ncbi.nlm.nih.gov/39862316/,tralokinumab,,,4,si
39863059,pubmed,Longitudinal integrated proteomic and metabolomic skin changes in patients with atopic dermatitis treated with dupilumab.,https://pubmed.ncbi.nlm.nih.gov/39863059/,dupilumab,,,5,no
39864749,pubmed,Real-world experience of tralokinumab for atopic dermatitis: A 16-week multicenter retrospective study.,https://pubmed.ncbi.nlm.nih.gov/39864749/,tralokinumab,,,1,no
39866339,pubmed,Dupilumab-induced serum sickness-like reaction in a pediatric patient.,https://pubmed.ncbi.nlm.nih.gov/39866339/,dupilumab,,,1,no
39867699,pubmed,Case Report: Baricitinib improved alopecia areata in a pediatric patient with atopic dermatitis.,https://pubmed.ncbi.nlm.nih.gov/39867699/,baricitinib,,,3,no
39868612,pubmed,"Predictive factors for treatment responses to baricitinib in severe alopecia areata: A retrospective, multivariate analysis of 70 cases from a single center.",https://pubmed.ncbi.nlm.nih.gov/39868612/,baricitinib,,,4,no
39868832,pubmed,"Pre- and Postnatal Development Study of Nemolizumab, a Humanized Anti-Interleukin-31 Receptor A Monoclonal Antibody, in Cynomolgus Monkey.",https://pubmed.ncbi.nlm.nih.gov/39868832/,nemolizumab,,,4,no
39870387,pubmed,Rosacea-like skin reaction under treatment with dupilumab for atopic dermatitis.,https://pubmed.ncbi.nlm.nih.gov/39870387/,dupilumab; lebrikizumab,,,2,si
39878832,pubmed,Baricitinib Provides Significant Improvements in Quality of Life and Functioning in Adults with Moderate-to-Severe Atopic Dermatitis with Baseline Body Surface Area ≤ 40% and Severe Itch.,https://pubmed.ncbi.nlm.nih.gov/39878832/,baricitinib,,,5,no
39880172,pubmed,A 96-week real-world outcome of upadacitinib treatment for atopic dermatitis: Systemic therapy-naive versus -experienced patients.,https://pubmed.ncbi.nlm.nih.gov/39880172/,upadacitinib,,,3,si
39882609,pubmed,Trends in Dupilumab-Related Payments to Physicians Across Five Specialties.,https://pubmed.ncbi.nlm.nih.gov/39882609/,dupilumab,,,3,no
39887685,pubmed,"Combining TNF-α Inhibitors With IL-4, IL-17, IL-23, or JAK Inhibitors in Patients with Multiple, Severe Dermatologic Conditions and/or Gastrointestinal or Rheumatologic Disease.",https://pubmed.ncbi.nlm.nih.gov/39887685/,atopic_dermatitis,,,1,no
39894672,pubmed,Appropriate Injection Intervals of Dupilumab in Patients With Adult Atopic Dermatitis: A Step Toward Developing Guidelines for Daily Practice.,https://pubmed.ncbi.nlm.nih.gov/39894672/,dupilumab,,,3,no
39898768,pubmed,Successful response of upadacitinib in different clinical phenotypes of atopic dermatitis.,https://pubmed.ncbi.nlm.nih.gov/39898768/,upadacitinib,,,1,no
39899459,pubmed,Efficacy and drug survival of tralokinumab in patients with severe atopic dermatitis: an 18-month multicentre study.,https://pubmed.ncbi.nlm.nih.gov/39899459/,tralokinumab,,,5,no
39900351,pubmed,Real-world efficacy and safety of dupilumab in children with atopic dermatitis under 6 years of age: a retrospective multicentric study.,https://pubmed.ncbi.nlm.nih.gov/39900351/,dupilumab,,,3,no
39901963,pubmed,Effectiveness and Safety of Dupilumab and Tralokinumab for Treating Atopic Dermatitis and Pruritic Skin Disorders in Oncological Patients: A Narrative Review.,https://pubmed.ncbi.nlm.nih.gov/39901963/,dupilumab; tralokinumab,,,5,no
39902922,pubmed,Dupilumab use for atopic dermatitis during pregnancy: A systematic review.,https://pubmed.ncbi.nlm.nih.gov/39902922/,dupilumab,,,1,si
39903335,pubmed,Switching from Dupilumab to Abrocitinib in Patients With Moderate-to-Severe Atopic Dermatitis: A Post Hoc Analysis of Efficacy After Treatment With Dupilumab in JADE DARE.,https://pubmed.ncbi.nlm.nih.gov/39903335/,dupilumab; abrocitinib,,,4,si
39906475,pubmed,Dupilumab-induced psoriasis in a patient with atopic dermatitis successfully treated with Upadacitinib: A case report.,https://pubmed.ncbi.nlm.nih.gov/39906475/,dupilumab; upadacitinib,,,2,si
39907080,pubmed,Predictive Factors for Poor Responders to Tralokinumab in Moderate-to-Severe Atopic Dermatitis: A Real-World Analysis.,https://pubmed.ncbi.nlm.nih.gov/39907080/,dupilumab; tralokinumab; upadacitinib,,,3,si
39909768,pubmed,Efficacy and safety of systemic targeted therapies for atopic dermatitis in children: A systematic review and meta-analysis.,https://pubmed.ncbi.nlm.nih.gov/39909768/,dupilumab; upadacitinib; abrocitinib,,,4,no
39910505,pubmed,Dupilumab in children with eosinophilic esophagitis: a retrospective multicenter study.,https://pubmed.ncbi.nlm.nih.gov/39910505/,dupilumab,,,5,no
39913228,pubmed,Dupilumab Treatment Improves Lichenification in Atopic Dermatitis in Different Age and Racial Groups.,https://pubmed.ncbi.nlm.nih.gov/39913228/,dupilumab,,,3,no
39916502,pubmed,Chronic Prurigo Associated With Allergic Contact Dermatitis: A Case Series Highlighting Textile Dyes and Fragrance Allergens.,https://pubmed.ncbi.nlm.nih.gov/39916502/,dupilumab,,,3,no
39917426,pubmed,Thymus and activation-regulated chemokine (CCL17) as a clinical biomarker in atopic dermatitis: significance and limitations in the new treatment era.,https://pubmed.ncbi.nlm.nih.gov/39917426/,dupilumab,,,3,no
39918744,pubmed,Atopic dermatitis: a comprehensive updated review of this intriguing disease with futuristic insights.,https://pubmed.ncbi.nlm.nih.gov/39918744/,dupilumab; baricitinib; crisaborole,,,3,no
39920358,pubmed,Off-label use of JAK1 inhibitor upadacitinib in dermatology.,https://pubmed.ncbi.nlm.nih.gov/39920358/,upadacitinib,,,2,si
39924195,pubmed,[No title available],https://pubmed.ncbi.nlm.nih.gov/39924195/,atopic_dermatitis,,,1,no
39927851,pubmed,Real-World Efficacy and Safety of Abrocitinib in Chinese Atopic Dermatitis Patients: A Single-Center Prospective Study.,https://pubmed.ncbi.nlm.nih.gov/39927851/,dupilumab; abrocitinib,,,4,si
39930311,pubmed,Interleukin-4 and Atopic Dermatitis: Why Does it Matter? A Narrative Review.,https://pubmed.ncbi.nlm.nih.gov/39930311/,dupilumab,,,4,no
39930312,pubmed,The APOLO Study: A Cross-Sectional Analysis of Disease Characteristics and Patient Burden in Moderate-to-Severe Atopic Dermatitis in Portugal.,https://pubmed.ncbi.nlm.nih.gov/39930312/,dupilumab; baricitinib,,,4,no
39932721,pubmed,Effectiveness of Tralokinumab for Different Anatomical Sites and Clinical Signs in Atopic Dermatitis: A 36-Week Real-World Study.,https://pubmed.ncbi.nlm.nih.gov/39932721/,tralokinumab,,,3,si
39936572,pubmed,Comparative efficacy of biologics and small molecule drugs in treating pediatric atopic dermatitis in patients aged 2-18 years: A 12-16 week network meta-analysis of randomized controlled trials.,https://pubmed.ncbi.nlm.nih.gov/39936572/,dupilumab; upadacitinib; baricitinib; abrocitinib,,,3,no
39936606,pubmed,"Evaluating the Real-World Effectiveness of Systemic Treatments in Atopic Dermatitis Using the Atopic Dermatitis Control Tool (ADCT): A Multi-Centre, Prospective Study.",https://pubmed.ncbi.nlm.nih.gov/39936606/,dupilumab,,,3,no
39936607,pubmed,Safety of Dupilumab Therapy for Atopic Dermatitis during Pregnancy: A Systematic Review and Meta-analysis.,https://pubmed.ncbi.nlm.nih.gov/39936607/,dupilumab,,,3,no
39937135,pubmed,Efficacy and Safety of Dupilumab in Treating Intrinsic and Extrinsic Atopic Dermatitis in Older Patients With and Without Atopic Comorbidities: A Retrospective Study.,https://pubmed.ncbi.nlm.nih.gov/39937135/,dupilumab,,,2,no
39937140,pubmed,Higher Baseline Lactate Dehydrogenase and History of Allergic Rhinitis as Predictive Factors of Conjunctivitis in Atopic Dermatitis Patients Treated with Tralokinumab.,https://pubmed.ncbi.nlm.nih.gov/39937140/,tralokinumab,,,1,no
39937264,pubmed,Long-term outcomes of upadacitinib in patients with prior dupilumab exposure: a case series.,https://pubmed.ncbi.nlm.nih.gov/39937264/,dupilumab; upadacitinib,,,1,si
39937935,pubmed,1280. Lebrikizumab for treating moderate to severe atopic dermatitis in people 12 years and over.,https://pubmed.ncbi.nlm.nih.gov/39937935/,lebrikizumab,,,1,si
39939577,pubmed,"Upadacitinib Dose Reduction Regimen in Elderly Patients with Atopic Dermatitis, Guided by Treat-to-Target Consensus Recommendations.",https://pubmed.ncbi.nlm.nih.gov/39939577/,upadacitinib,,,3,no
39946701,pubmed,Comparison chart: Interleukin (IL) receptor antagonists for atopic dermatitis.,https://pubmed.ncbi.nlm.nih.gov/39946701/,atopic_dermatitis,,,1,no
39953372,pubmed,Lebrikizumab vs Other Systemic Monotherapies for Moderate-to-Severe Atopic Dermatitis: Network Meta-analysis of Efficacy.,https://pubmed.ncbi.nlm.nih.gov/39953372/,dupilumab; tralokinumab; lebrikizumab; upadacitinib; baricitinib; abrocitinib,,,5,si
39954042,pubmed,A pharmacovigilance analysis of abrocitinib-related skin adverse events based on the FDA Adverse Event Reporting System (FAERS).,https://pubmed.ncbi.nlm.nih.gov/39954042/,abrocitinib,,,3,no
39954862,pubmed,Is dupilumab use in atopic dermatitis associated with cutaneous T-cell lymphoma?,https://pubmed.ncbi.nlm.nih.gov/39954862/,dupilumab,,,1,no
39968100,pubmed,"Comment on ""The Association of Inflammatory Indexes Derived from Peripheral Blood Cell Count and Clinical Signs With Response to Treatment With Dupilumab in Pediatric Patients With Moderate-to-Severe Atopic Dermatitis"" [Letter].",https://pubmed.ncbi.nlm.nih.gov/39968100/,atopic_dermatitis,,,1,no
39969783,pubmed,Onset and Long-Term Maintenance of Optimal Itch Response in Adult Patients with Moderate-to-Severe Atopic Dermatitis Treated with Dupilumab: Post Hoc Analysis from Two Phase 3 Trials.,https://pubmed.ncbi.nlm.nih.gov/39969783/,dupilumab,,,4,no
39974306,pubmed,Subcutaneous immunotherapy in a patient taking ofatumumab for multiple sclerosis and upadacitinib for atopic dermatitis.,https://pubmed.ncbi.nlm.nih.gov/39974306/,upadacitinib,,,1,no
39976781,pubmed,Efficacy and safety of dupilumab in chronic hand eczema: a systematic review.,https://pubmed.ncbi.nlm.nih.gov/39976781/,dupilumab,,,4,no
39977111,pubmed,Real-World Effectiveness and Safety of Lebrikizumab for Moderate-to-Severe Atopic Dermatitis: A 16-Week Study in Japan.,https://pubmed.ncbi.nlm.nih.gov/39977111/,lebrikizumab,,,3,si
39986987,pubmed,Executive summary: Japanese guidelines for atopic dermatitis (ADGL) 2024.,https://pubmed.ncbi.nlm.nih.gov/39986987/,dupilumab; tralokinumab; nemolizumab; upadacitinib; baricitinib; abrocitinib; delgocitinib,,,3,si
39992210,pubmed,Exploring the Link Between Dupilumab and Cutaneous T-Cell Lymphomas: A Systematic Review.,https://pubmed.ncbi.nlm.nih.gov/39992210/,dupilumab,,,3,no
39992967,pubmed,Comparative efficacy and safety of dupilumab versus newly approved biologics and JAKi in pediatric atopic dermatitis: A systematic review and network meta-analysis.,https://pubmed.ncbi.nlm.nih.gov/39992967/,dupilumab; tralokinumab; upadacitinib; baricitinib; delgocitinib,,,4,no
39994105,pubmed,Safety and Effectiveness of Upadacitinib in Patients with Moderate-to-Severe Atopic Dermatitis Who Smoke: a 2-Year Real-Life Multicenter Study.,https://pubmed.ncbi.nlm.nih.gov/39994105/,upadacitinib,,,4,no
39995892,pubmed,Case Report: Severe ophiasis-pattern alopecia areata with concomitant atopic dermatitis in a 5-year-old boy successfully treated with dupilumab.,https://pubmed.ncbi.nlm.nih.gov/39995892/,dupilumab,,,1,no
39997051,pubmed,"Real-World Efficacy and Safety of Dupilumab Use in Japanese Adult Patients with Atopic Dermatitis: A Single-Center, Retrospective, 104-Week, Observational Study.",https://pubmed.ncbi.nlm.nih.gov/39997051/,dupilumab,,,2,no
39997341,pubmed,Efficacy and Safety of Omalizumab and Dupilumab in Pediatric Patients with Skin Diseases: An Observational Study.,https://pubmed.ncbi.nlm.nih.gov/39997341/,dupilumab,,,3,no
40004820,pubmed,Comparative Real-World Analysis of Baseline Demographic Characteristics and Comorbidities in Atopic Dermatitis Patients Initiating Biologics Versus JAK Inhibitors.,https://pubmed.ncbi.nlm.nih.gov/40004820/,dupilumab; tralokinumab; upadacitinib; baricitinib; abrocitinib,,,5,no
40011984,pubmed,Efficacy and safety of Janus kinase selective inhibitors in the treatment of atopic dermatitis: A systematic review and meta-analysis.,https://pubmed.ncbi.nlm.nih.gov/40011984/,upadacitinib; abrocitinib,,,3,no
40019451,pubmed,Paradoxical reaction under dupilumab triggered by occasional ketoprofen intake.,https://pubmed.ncbi.nlm.nih.gov/40019451/,dupilumab,,,2,no
40026924,pubmed,Severe Atopic Dermatitis With Increasing Daytime Sleepiness Following Nemolizumab Administration: A Case Report.,https://pubmed.ncbi.nlm.nih.gov/40026924/,nemolizumab,,,4,si
40028832,pubmed,Integrated Efficacy and Safety Analysis of Abrocitinib in Adolescents With Moderate-to-Severe Atopic Dermatitis.,https://pubmed.ncbi.nlm.nih.gov/40028832/,abrocitinib,,,4,si
40036347,pubmed,Cost-utility analysis of upadacitinib vs. dupilumab for atopic dermatitis in Australia.,https://pubmed.ncbi.nlm.nih.gov/40036347/,dupilumab; upadacitinib,,,4,no
40042725,pubmed,"Emerging treatments for dermatologic diseases in infants, children, and adolescents: a systematic review of clinical trials on biologics and small molecule inhibitors.",https://pubmed.ncbi.nlm.nih.gov/40042725/,dupilumab; upadacitinib; abrocitinib,,,4,no
40044335,pubmed,Modulating mental health risk in atopic dermatitis with dupilumab: Is it real or in our heads?,https://pubmed.ncbi.nlm.nih.gov/40044335/,dupilumab,,,1,no
40045152,pubmed,Real-World Evidence of Tralokinumab Effectiveness and Safety: A Systematic Review and Meta-analysis.,https://pubmed.ncbi.nlm.nih.gov/40045152/,tralokinumab,,,4,no
40047224,pubmed,Rosacea-like eruptions associated with upadacitinib in atopic dermatitis: two case reports and management strategies.,https://pubmed.ncbi.nlm.nih.gov/40047224/,upadacitinib,,,2,no
40058571,pubmed,Blood Transcriptome Signature as Indicator and Predictor for Efficacy of Abrocitinib in Treatment of Atopic Dermatitis.,https://pubmed.ncbi.nlm.nih.gov/40058571/,abrocitinib,,,3,no
40058584,pubmed,The Efficacy of Dupilumab Largely Exceeds the 6-Month Treat-to-target Goals: An Analysis in an Atopic Dermatitis Referral Center.,https://pubmed.ncbi.nlm.nih.gov/40058584/,dupilumab,,,1,no
40059465,pubmed,Long-term Outcomes of New Systemic Agents in Atopic Dermatitis: Drug Survival Analyses and Treatment Patterns in Daily Practice.,https://pubmed.ncbi.nlm.nih.gov/40059465/,dupilumab; tralokinumab; upadacitinib; baricitinib; abrocitinib,,,3,si
40061429,pubmed,Predictors for the Efficacy of 4-Week Dupilumab Treatment in Atopic Dermatitis Patients.,https://pubmed.ncbi.nlm.nih.gov/40061429/,dupilumab,,,3,no
40064568,pubmed,Neuroimmune mechanisms of type 2 inflammation in the skin and lung.,https://pubmed.ncbi.nlm.nih.gov/40064568/,dupilumab,,,4,no
40066750,pubmed,"Dupilumab for atopic dermatitis in patients with malignancies: a case report and literature review on efficacy, safety and potential mechanisms.",https://pubmed.ncbi.nlm.nih.gov/40066750/,dupilumab,,,2,si
40067043,pubmed,Ocular Manifestations in Selected Dermatological Disorders: A Narrative Review.,https://pubmed.ncbi.nlm.nih.gov/40067043/,dupilumab,,,4,no
40073212,pubmed,Upadacitinib outperforms dupilumab in restoring the fungal microbiome in atopic dermatitis.,https://pubmed.ncbi.nlm.nih.gov/40073212/,dupilumab; upadacitinib,,,1,no
40074775,pubmed,Analysis and mining of Dupilumab adverse events based on FAERS database.,https://pubmed.ncbi.nlm.nih.gov/40074775/,dupilumab,,,3,si
40075768,pubmed,Dual Relief: How Atopic Dermatitis Treatments Affect Alopecia Areata-A Small Retrospective Cohort Study.,https://pubmed.ncbi.nlm.nih.gov/40075768/,dupilumab; upadacitinib; baricitinib,,,3,no
40077977,pubmed,Effectiveness and Safety of Tralokinumab in Atopic Dermatitis: 1-year Results From a Real-world Multicentre Study.,https://pubmed.ncbi.nlm.nih.gov/40077977/,tralokinumab,,,3,no
40078859,pubmed,Investigating Efficacy of Atopic Dermatitis Systemic Therapeutics After Discontinuation Part I: Biologics.,https://pubmed.ncbi.nlm.nih.gov/40078859/,dupilumab; tralokinumab; lebrikizumab,,,4,no
40080322,pubmed,Incidence of Conjunctivitis and Keratitis Among Individuals with Moderate-to-Severe Atopic Dermatitis Treated with Dupilumab in the United States: a Cohort Study in Routine Care Based on Healthcare Claims.,https://pubmed.ncbi.nlm.nih.gov/40080322/,dupilumab,,,4,no
40081761,pubmed,Long-Term Safety of Abrocitinib in Moderate-to-Severe Atopic Dermatitis: Integrated Analysis by Age.,https://pubmed.ncbi.nlm.nih.gov/40081761/,abrocitinib,,,4,si
40085349,pubmed,Long-Term Disease Control and Minimal Disease Activity of Head and Neck Atopic Dermatitis in Patients Treated with Tralokinumab up to 4 Years.,https://pubmed.ncbi.nlm.nih.gov/40085349/,tralokinumab,,,7,si
40085811,pubmed,Dupilumab for Atopic Dermatitis-like Chronic Graft-versus-Host Disease in Three Pediatric Hematopoietic Cell Transplant Recipients.,https://pubmed.ncbi.nlm.nih.gov/40085811/,dupilumab; ruxolitinib,,,3,no
40087231,pubmed,Early Achievement of High Treatment Targets in Moderate-to-Severe Atopic Dermatitis with Upadacitinib: Real-World Evidence from the Observational UP-TAINED Study.,https://pubmed.ncbi.nlm.nih.gov/40087231/,upadacitinib,,,4,si
40089058,pubmed,Use of Upadacitinib in Managing Multiresistant Atopic Dermatitis.,https://pubmed.ncbi.nlm.nih.gov/40089058/,upadacitinib,,,1,no
40093951,pubmed,Response to Comments on The Association of Inflammatory Indexes Derived From Peripheral Blood Cell Count and Clinical Signs with Response to Treatment with Dupilumab in Pediatric Patients with Moderate-to-Severe Atopic Dermatitis [Response to Letter].,https://pubmed.ncbi.nlm.nih.gov/40093951/,dupilumab,,,1,no
40095170,pubmed,Phenotype-endotype relationship in elderly atopic dermatitis and effects of dupilumab therapy: prospective study.,https://pubmed.ncbi.nlm.nih.gov/40095170/,dupilumab,,,3,no
40097336,pubmed,Evidence-Based Recommendations for Managing Atopic Dermatitis in Pediatric Patients: A Systematic Review and Meta-Analysis From the Pediatric Dermatology Special Interest Group of IADVL.,https://pubmed.ncbi.nlm.nih.gov/40097336/,dupilumab; upadacitinib; abrocitinib,,,4,no
40098530,pubmed,24-Week Real-World Effectiveness and Safety of Lebrikizumab for Atopic Dermatitis in Japan: An Analysis Stratified by Prior Systemic Therapy.,https://pubmed.ncbi.nlm.nih.gov/40098530/,lebrikizumab,,,3,si
40103206,pubmed,Dupilumab-Associated Ocular Surface Disease in Paediatric Atopic Dermatitis Patients: Results From the BioDay Registry.,https://pubmed.ncbi.nlm.nih.gov/40103206/,dupilumab,,,5,si
40106597,pubmed,951. Lebrikizumab (Ebglyss): Therapeutic area: Atopic dermatitis: Reimbursement Review [Internet].,https://pubmed.ncbi.nlm.nih.gov/40106597/,lebrikizumab,,,1,no
40110833,pubmed,Effectiveness and safety of dupilumab in adults with moderate-to-severe atopic dermatitis previously treated with JAK inhibitors.,https://pubmed.ncbi.nlm.nih.gov/40110833/,dupilumab,,,1,no
40114762,pubmed,"Clinical curative effect and quality of life evaluation of dupilumab in treating children with atopic dermatitis and its effect on IgE levels, eosinophil count, Th2 cytokines (IL-4 and IL-13), and thymus and activation-regulated chemokine.",https://pubmed.ncbi.nlm.nih.gov/40114762/,dupilumab,,,4,no
40114776,pubmed,Mycosis fungoides unveiled following dupilumab treatment in a patient with a history of atopic dermatitis. Usefulness of HFUS in monitoring skin features. A review with a case report.,https://pubmed.ncbi.nlm.nih.gov/40114776/,dupilumab,,,1,no
40116210,pubmed,Effectiveness of Upadacitinib in the Treatment of Chronic Hand Eczema and Nail-Associated Changes in a Patient With Atopic Dermatitis.,https://pubmed.ncbi.nlm.nih.gov/40116210/,upadacitinib,,,1,si
40116983,pubmed,Psychometric Validation of the Subject Sleep Diary in Patients with Moderate-to-Severe Atopic Dermatitis.,https://pubmed.ncbi.nlm.nih.gov/40116983/,nemolizumab,,,4,si
40130939,pubmed,Real-world experience of switching from tralokinumab to lebrikizumab in atopic dermatitis.,https://pubmed.ncbi.nlm.nih.gov/40130939/,tralokinumab; lebrikizumab,,,1,no
40135176,pubmed,Exploring the Link Between Atopic Dermatitis and Eosinophilic Esophagitis.,https://pubmed.ncbi.nlm.nih.gov/40135176/,dupilumab,,,2,no
40142885,pubmed,Effectiveness of Tralokinumab Across Atopic Dermatitis Phenotypes.,https://pubmed.ncbi.nlm.nih.gov/40142885/,tralokinumab,,,4,si
40144870,pubmed,Research hotspots and trends of skin barrier in atopic dermatitis in the past 24-year: a bibliometric analysis.,https://pubmed.ncbi.nlm.nih.gov/40144870/,dupilumab,,,3,no
40148208,pubmed,Dupilumab treatment decreases expression of microRNAs related to B cell activation in peripheral blood mononuclear cells of atopic dermatitis patients.,https://pubmed.ncbi.nlm.nih.gov/40148208/,dupilumab,,,1,no
40151542,pubmed,Allergen immunotherapy and dupilumab in atopic dermatitis: Clinical efficacy and disparities in immunological indicators.,https://pubmed.ncbi.nlm.nih.gov/40151542/,dupilumab,,,4,no
40151702,pubmed,Refractory Dermatitis Evolving Into Lupus Spectrum Disease in the Setting of Dupilumab Use.,https://pubmed.ncbi.nlm.nih.gov/40151702/,dupilumab,,,4,no
40151746,pubmed,Baricitinib in the Treatment of Severe Atopic Dermatitis Resistant to Cyclosporine: A Case Report Involving Two Cases.,https://pubmed.ncbi.nlm.nih.gov/40151746/,dupilumab; baricitinib; abrocitinib,,,2,no
40152261,pubmed,A Case of Unexpected Successful Treatment of Alopecia Areata With Tralokinumab in a Patient With Atopic Dermatitis.,https://pubmed.ncbi.nlm.nih.gov/40152261/,tralokinumab,,,1,si
40159283,pubmed,ALK-negative anaplastic large cell lymphoma with TP53 mutation developing during the administration of baricitinib for atopic dermatitis - A case report.,https://pubmed.ncbi.nlm.nih.gov/40159283/,baricitinib,,,2,no
40161158,pubmed,Assessing the Clinical Efficacy of Dupilumab and Its Impact on the Quality of Life of Adult Atopic Dermatitis Patients: A Systematic Review.,https://pubmed.ncbi.nlm.nih.gov/40161158/,dupilumab,,,4,no
40164817,pubmed,Risk Assessment in Atopic Dermatitis: Guidance from a Multidisciplinary Expert Panel.,https://pubmed.ncbi.nlm.nih.gov/40164817/,upadacitinib,,,4,no
40165566,pubmed,Effectiveness of Switching From Upadacitinib to Tralokinumab in Patients With Moderate-to-Severe Atopic Dermatitis: A Real-World Clinical Practice.,https://pubmed.ncbi.nlm.nih.gov/40165566/,tralokinumab; upadacitinib,,,3,si
40170656,pubmed,Abrocitinib Treatment Modes: Impact on Prognosis and Relapse Rates in Atopic Dermatitis.,https://pubmed.ncbi.nlm.nih.gov/40170656/,abrocitinib,,,4,no
40171049,pubmed,Upadacitinib Monotherapy in Vitiligo Associated with Atopic Dermatitis: Killing Two Birds with One Stone.,https://pubmed.ncbi.nlm.nih.gov/40171049/,upadacitinib,,,2,no
40172062,pubmed,Potential role of leptin in Janus kinase 2 inhibitor-associated weight gain: a monocentric retrospective study.,https://pubmed.ncbi.nlm.nih.gov/40172062/,upadacitinib; baricitinib; abrocitinib,,,3,no
40176741,pubmed,Infection risk in atopic dermatitis patients treated with biologics and JAK inhibitors: BioDay results.,https://pubmed.ncbi.nlm.nih.gov/40176741/,dupilumab; tralokinumab; upadacitinib; baricitinib; abrocitinib,,,5,si
40177449,pubmed,Severe Atopic Dermatitis: Clinical Confusion With Hyper IgE Syndrome.,https://pubmed.ncbi.nlm.nih.gov/40177449/,atopic_dermatitis,,,2,no
40178000,pubmed,Combination Therapy With Upadacitinib and Dupilumab for Severe Atopic Dermatitis.,https://pubmed.ncbi.nlm.nih.gov/40178000/,dupilumab; upadacitinib,,,1,no
40178834,pubmed,Risk of Developing Pediatric Uveitis Among Patients With Early-Onset Atopic Dermatitis.,https://pubmed.ncbi.nlm.nih.gov/40178834/,dupilumab,,,5,no
40180127,pubmed,"Response to Li et al's ""Comments on 'Dupilumab and neuropsychiatric outcomes in pediatric atopic dermatitis: A real-world cohort analysis'"".",https://pubmed.ncbi.nlm.nih.gov/40180127/,dupilumab,,,1,no
40180128,pubmed,"Comments on ""Dupilumab and neuropsychiatric outcomes in pediatric atopic dermatitis: A real-world cohort analysis"".",https://pubmed.ncbi.nlm.nih.gov/40180128/,dupilumab,,,1,no
40184520,pubmed,Abrocitinib Successfully Treated Dupilumab-Resistant Patients With Rare Dominant Dystrophic Epidermolysis Bullosa With Atopic Dermatitis.,https://pubmed.ncbi.nlm.nih.gov/40184520/,dupilumab; abrocitinib,,,1,no
40186050,pubmed,"Efficacy and Safety of Dupilumab in the Treatment of Refractory Atopic Dermatitis in Older Adults: A Retrospective, Single-Center Study.",https://pubmed.ncbi.nlm.nih.gov/40186050/,dupilumab,,,3,no
40186636,pubmed,Combined use of Omalizumab and dupilumab: safety and efficacy data from a large academic center.,https://pubmed.ncbi.nlm.nih.gov/40186636/,dupilumab,,,3,no
40187533,pubmed,Considerations on the potential link between dupilumab and cutaneous T-cell lymphoma in atopic dermatitis.,https://pubmed.ncbi.nlm.nih.gov/40187533/,dupilumab,,,1,no
40192965,pubmed,Baseline Characteristics and Treatment Patterns of Patients with Atopic Dermatitis Treated with Oral Systemic Therapies: An Interim Analysis of the AD-REAL Study.,https://pubmed.ncbi.nlm.nih.gov/40192965/,baricitinib,,,4,si
40197038,pubmed,Upadacitinib for Treatment of Coexisting Allergic Contact Dermatitis and Atopic Dermatitis: A Small Case Series.,https://pubmed.ncbi.nlm.nih.gov/40197038/,upadacitinib,,,1,no
40197393,pubmed,Medication-related perceptions of children and adolescents with severe asthma and moderate-to-severe atopic dermatitis: a non-interventional exploratory study.,https://pubmed.ncbi.nlm.nih.gov/40197393/,dupilumab,,,3,no
40214004,pubmed,[Chronic Pruritus: A Review of Its Pathophysiology and Current Treatments].,https://pubmed.ncbi.nlm.nih.gov/40214004/,dupilumab; tralokinumab; lebrikizumab; nemolizumab,,,5,no
40217936,pubmed,Ocular Side Effects of Dupilumab: A Comprehensive Overview of the Literature.,https://pubmed.ncbi.nlm.nih.gov/40217936/,dupilumab,,,3,no
40219560,pubmed,[Observation of the efficacy of dupilumab for treatment of atopic dermatitis in the elderly].,https://pubmed.ncbi.nlm.nih.gov/40219560/,dupilumab,,,7,no
40219685,pubmed,Increased Incidence of COVID-19 Infection in Atopic Dermatitis Patients: A Real-World Cohort Study With Risk Factor Analysis.,https://pubmed.ncbi.nlm.nih.gov/40219685/,dupilumab,,,3,no
40223460,pubmed,Incidences of Herpes Zoster and Acne by Age in Japanese Patients With Atopic Dermatitis During Treatment With Baricitinib or Upadacitinib: A Single-Centre Retrospective Study.,https://pubmed.ncbi.nlm.nih.gov/40223460/,upadacitinib; baricitinib,,,1,no
40225313,pubmed,Comparative Analysis of the Efficacy of Abrocitinib and Dupilumab in the Treatment of Atopic Dermatitis.,https://pubmed.ncbi.nlm.nih.gov/40225313/,dupilumab; abrocitinib,,,4,no
40232593,pubmed,Long-Term Efficacy and Potential Predictors of Tralokinumab Dose Optimization in Elderly Patients: A Multicentre Study.,https://pubmed.ncbi.nlm.nih.gov/40232593/,tralokinumab,,,4,si
40234297,pubmed,"Complete/Near-Complete Itch Response Observed in Patients with Moderate-to-Severe Atopic Dermatitis Initiating Dupilumab: 3-Year, Real-World, Interim Data from the PROSE Registry.",https://pubmed.ncbi.nlm.nih.gov/40234297/,dupilumab,,,4,no
40237172,pubmed,Effectiveness and Safety of Upadacitinib in Adults Older Than 50 Years With Moderate-To-Severe Atopic Dermatitis: A Multicenter Study.,https://pubmed.ncbi.nlm.nih.gov/40237172/,upadacitinib,,,1,no
40241901,pubmed,Incidence of upper respiratory tract infections with biological therapies in moderate to severe atopic dermatitis: a systematic review and meta-analysis.,https://pubmed.ncbi.nlm.nih.gov/40241901/,dupilumab; tralokinumab; lebrikizumab; upadacitinib; abrocitinib,,,4,no
40242149,pubmed,Clinical factors predicting nemolizumab response in atopic dermatitis.,https://pubmed.ncbi.nlm.nih.gov/40242149/,nemolizumab,,,1,si
40242789,pubmed,Metabolomic and Lipidomic Alterations in Patients with Atopic Dermatitis with Dupilumab-Associated Ocular Surface Disease.,https://pubmed.ncbi.nlm.nih.gov/40242789/,dupilumab,,,3,no
40246083,pubmed,Abrocitinib versus dupilumab: Impact on skin barrier function and proteomics in atopic dermatitis.,https://pubmed.ncbi.nlm.nih.gov/40246083/,dupilumab; abrocitinib,,,3,no
40248987,pubmed,Upadacitinib Drug Survival in the Management of Patients With Moderate to Severe Atopic Dermatitis: Real-Time Data From the Biogrid Database Registry.,https://pubmed.ncbi.nlm.nih.gov/40248987/,upadacitinib,,,3,no
40251869,pubmed,Onset of Vitiligo During Dupilumab Treatment: A Systematic Review.,https://pubmed.ncbi.nlm.nih.gov/40251869/,dupilumab,,,1,no
40252783,pubmed,Properties of FDA-approved small molecule protein kinase inhibitors: A 2025 update.,https://pubmed.ncbi.nlm.nih.gov/40252783/,upadacitinib; baricitinib; abrocitinib; ruxolitinib,,,3,si
40258603,pubmed,"Pediatric Case of Crohn Disease, Immunoglobulin A Nephropathy, and Atopic Dermatitis.",https://pubmed.ncbi.nlm.nih.gov/40258603/,upadacitinib,,,1,no
40258718,pubmed,"Effectiveness and safety of age-based dosing of abrocitinib in children and adolescents with moderate to severe atopic dermatitis: A two-center, prospective real-world study in China.",https://pubmed.ncbi.nlm.nih.gov/40258718/,abrocitinib,,,4,si
40263098,pubmed,"Efficacy of upadacitinib in the management of atopic dermatitis, Crohn's disease, and hidradenitis suppurativa: one treatment, multiple indications.",https://pubmed.ncbi.nlm.nih.gov/40263098/,atopic_dermatitis,,,1,no
40264378,pubmed,"Drug survival of dupilumab, tralokinumab and upadacitinib in patients with atopic dermatitis.",https://pubmed.ncbi.nlm.nih.gov/40264378/,atopic_dermatitis,,,1,no
40264610,pubmed,Recalcitrant Nummular Eczema in Childhood Responsive to Dupilumab Treatment.,https://pubmed.ncbi.nlm.nih.gov/40264610/,dupilumab,,,2,no
40267900,pubmed,Evaluation of Upadacitinib Efficacy in the Treatment of Atopic Dermatitis of Sensitive Areas.,https://pubmed.ncbi.nlm.nih.gov/40267900/,upadacitinib,,,3,si
40270359,pubmed,Successful dupilumab dose spacing in controlled severe atopic dermatitis and predictive factors.,https://pubmed.ncbi.nlm.nih.gov/40270359/,dupilumab,,,1,no
40271985,pubmed,Characterizing Patients and Treatment Patterns in Moderate-to-severe Atopic Dermatitis in Finland: A Population-based Study Using National Health Data.,https://pubmed.ncbi.nlm.nih.gov/40271985/,dupilumab,,,3,no
40274710,pubmed,"Dupilumab, a Novel Treatment for Peripheral Neuropathy: A Case Series.",https://pubmed.ncbi.nlm.nih.gov/40274710/,dupilumab,,,2,no
40283062,pubmed,"Unveiling a Therapeutic Breakthrough: Baricitinib in the Treatment of Acute and Recurrent Pustulosis Associated with Atopic Dermatitis-A Case Report, Literature Review, and Novel Clinical Insights.",https://pubmed.ncbi.nlm.nih.gov/40283062/,baricitinib,,,4,no
40288538,pubmed,Postmarketing safety analysis of upadacitinib in atopic dermatitis: A Food and Drug Administration adverse reporting system review of boxed warning-related adverse events.,https://pubmed.ncbi.nlm.nih.gov/40288538/,upadacitinib,,,1,no
40290565,pubmed,Dual Biologic Therapy for Psoriasis in a Patient with Atopic Dermatitis.,https://pubmed.ncbi.nlm.nih.gov/40290565/,dupilumab,,,2,no
40291282,pubmed,A Case of Cutaneous Fungal Infection Following the Administration of Dupilumab.,https://pubmed.ncbi.nlm.nih.gov/40291282/,dupilumab; tralokinumab; lebrikizumab; nemolizumab,,,3,no
40293104,pubmed,Risk of Cardiovascular Disease and Cancer in Patients Initiating JAK Versus IL-4/-13 Inhibitors for Atopic Dermatitis.,https://pubmed.ncbi.nlm.nih.gov/40293104/,atopic_dermatitis,,,1,no
40296865,pubmed,"IL-4, IL-13, TNF-α and IFN-γ Downregulate CLDN8 Expression Through Activating JAK Signaling Pathway in HaCaT Cells.",https://pubmed.ncbi.nlm.nih.gov/40296865/,dupilumab; crisaborole,,,3,no
40298144,pubmed,Frequency and clinical features of disease flares in patients with atopic dermatitis treated with dupilumab.,https://pubmed.ncbi.nlm.nih.gov/40298144/,dupilumab,,,3,no
40300847,pubmed,The Transition of Blood Biomarkers During 96-Week Treatment with Upadacitinib for Atopic Dermatitis: A Real-World Analysis Stratified by Age.,https://pubmed.ncbi.nlm.nih.gov/40300847/,upadacitinib,,,3,si
40302003,pubmed,Successful dupilumab treatment in a patient with severe dermatitis following allogenic hematopoietic stem cell transplantation.,https://pubmed.ncbi.nlm.nih.gov/40302003/,dupilumab,,,2,no
40304648,pubmed,Efficacy and safety of oral JAK1 inhibitor upadacitinib monotherapy for papulopustular rosacea: A real-world study.,https://pubmed.ncbi.nlm.nih.gov/40304648/,upadacitinib,,,1,no
40309734,pubmed,Efficacy and safety of dupilumab in patients with moderate-to-severe atopic dermatitis and comorbid allergic rhinitis.,https://pubmed.ncbi.nlm.nih.gov/40309734/,dupilumab,,,4,no
40315563,pubmed,Disseminated bartonellosis and EBV reactivation in an adolescent treated with upadacitinib.,https://pubmed.ncbi.nlm.nih.gov/40315563/,upadacitinib,,,2,no
40317605,pubmed,Atopic dermatitis relapse after treatment discontinuation and predictive factors for relapse: JAK1 inhibitors versus dupilumab.,https://pubmed.ncbi.nlm.nih.gov/40317605/,dupilumab; upadacitinib; abrocitinib,,,3,no
40322378,pubmed,Dupilumab-Induced Psoriasis in a Patient With Prurigo Nodularis: A Case Report.,https://pubmed.ncbi.nlm.nih.gov/40322378/,dupilumab,,,4,si
40322884,pubmed,Editor's Highlights-June 2025.,https://pubmed.ncbi.nlm.nih.gov/40322884/,dupilumab; tralokinumab,,,2,no
40327575,pubmed,Is Upadacitinib Cardioprotective in Chronic Inflammatory Diseases? A Review of Major Adverse Cardiovascular Events and Venous Thromboembolism in Atopic Dermatitis.,https://pubmed.ncbi.nlm.nih.gov/40327575/,upadacitinib,,,4,si
40328418,pubmed,"Comment on Kaltchenko et al's ""Dupilumab and neuropsychiatric outcomes in pediatric atopic dermatitis: A real-world cohort analysis"".",https://pubmed.ncbi.nlm.nih.gov/40328418/,atopic_dermatitis,,,1,no
40334148,pubmed,Living network meta-analysis to compare nemolizumab against other available targeted systemic treatments for atopic dermatitis.,https://pubmed.ncbi.nlm.nih.gov/40334148/,nemolizumab,,,1,si
40334916,pubmed,"Response to Lai and Wei's ""Comment on Kaltchenko et al.'s Dupilumab and neuropsychiatric outcomes in pediatric atopic dermatitis: A real-world cohort analysis"".",https://pubmed.ncbi.nlm.nih.gov/40334916/,dupilumab,,,1,no
40338484,pubmed,Dupilumab Efficacy in Children with Atopic Dermatitis with Different Phenotypes and Endotypes: A Case Series.,https://pubmed.ncbi.nlm.nih.gov/40338484/,dupilumab,,,3,si
40338695,pubmed,Dupilumab in the Treatment of Severe Atopic Dermatitis With Ocular Complications.,https://pubmed.ncbi.nlm.nih.gov/40338695/,dupilumab,,,1,no
40339460,pubmed,Ocular surface evaluation in atopic dermatitis patients on dupilumab: A prospective observational study.,https://pubmed.ncbi.nlm.nih.gov/40339460/,dupilumab,,,4,no
40342245,pubmed,Exploratory Safety Evaluation of Dupilumab Combined With Subcutaneous Immunotherapy in House Dust Mite-Sensitised Patients With Atopic Dermatitis: A Retrospective Case Series From Northern China.,https://pubmed.ncbi.nlm.nih.gov/40342245/,dupilumab,,,1,no
40344321,pubmed,T cell immunophenotypes and IgE responses in patients with moderate-to-severe atopic dermatitis receiving dupilumab.,https://pubmed.ncbi.nlm.nih.gov/40344321/,dupilumab,,,3,no
40344324,pubmed,Blocking of IL-4/IL-13 Signalling With Dupilumab Results in Restoration of Serum and Cutaneous Abnormalities in Netherton Syndrome.,https://pubmed.ncbi.nlm.nih.gov/40344324/,dupilumab,,,3,no
40347980,pubmed,Dupilumab-induced inhibition of myeloid dendritic cell function via TIM-3-TGF-β1 feedback loop in treatment of atopic dermatitis.,https://pubmed.ncbi.nlm.nih.gov/40347980/,dupilumab,,,5,no
40348613,pubmed,Requalification of patients with severe asthma for biological therapy-Practical 'ReQuaBi' rate decision scheme based on the analytical model.,https://pubmed.ncbi.nlm.nih.gov/40348613/,dupilumab,,,4,no
40349527,pubmed,Dupilumab-associated lymphoproliferative disorders: a comprehensive review on clinicohistopathologic features and underlying mechanisms.,https://pubmed.ncbi.nlm.nih.gov/40349527/,dupilumab,,,4,no
40353095,pubmed,Atopic dermatitis-induced failure to thrive and hypernatremic dehydration managed with dupilumab in a 5-month-old patient.,https://pubmed.ncbi.nlm.nih.gov/40353095/,dupilumab,,,1,no
40357285,pubmed,Case Report: Cutaneous T-cell lymphoma associated with biologic therapy: three cases and a literature review.,https://pubmed.ncbi.nlm.nih.gov/40357285/,dupilumab,,,3,no
40360966,pubmed,Patients' Experiences of Atopic Dermatitis and Nemolizumab Treatment: An In-Trial Interview Study Embedded in a Phase 3 Clinical Trial (ARCADIA).,https://pubmed.ncbi.nlm.nih.gov/40360966/,nemolizumab,,,6,si
40362473,pubmed,Long-Term Real-World Effectiveness of Dupilumab vs. Upadacitinib in Early Treatment Responders with Atopic Dermatitis: Results from Central European Health Fund Registry.,https://pubmed.ncbi.nlm.nih.gov/40362473/,dupilumab; upadacitinib,,,2,si
40363984,pubmed,Real-World Effectiveness and Safety of Upadacitinib and Abrocitinib in Moderate-to-Severe Atopic Dermatitis: A 52-Week Retrospective Study.,https://pubmed.ncbi.nlm.nih.gov/40363984/,upadacitinib; abrocitinib,,,4,si
40364058,pubmed,Cutaneous Adverse Events Following Nemolizumab Administration: A Review.,https://pubmed.ncbi.nlm.nih.gov/40364058/,nemolizumab,,,4,si
40364473,pubmed,Efficacy and safety of upadacitinib through 140 weeks in Chinese adult and adolescent patients with moderate-to-severe atopic dermatitis: Post hoc analysis of the phase 3 Measure Up 1 and AD Up clinical trials.,https://pubmed.ncbi.nlm.nih.gov/40364473/,upadacitinib,,,1,no
40365795,pubmed,Alcohol-induced facial erythema in patients treated with dupilumab: a case series and systematic review.,https://pubmed.ncbi.nlm.nih.gov/40365795/,dupilumab,,,3,no
40366066,pubmed,Consensus on the Use of JAKinibs for Atopic Dermatitis in Australia and New Zealand. An eDelphi by the Australasian Medical Dermatology Group.,https://pubmed.ncbi.nlm.nih.gov/40366066/,atopic_dermatitis,,,4,no
40366491,pubmed,Atopic Dermatitis: The Relationship Between Immune Mediators and Skin Lipid Barrier.,https://pubmed.ncbi.nlm.nih.gov/40366491/,dupilumab,,,3,no
40368249,pubmed,Deciding Which Patients With Atopic Dermatitis to Prioritize for Biologics and Janus Kinase Inhibitors.,https://pubmed.ncbi.nlm.nih.gov/40368249/,dupilumab; tralokinumab; lebrikizumab; nemolizumab; upadacitinib; baricitinib; abrocitinib,,,3,si
40369852,pubmed,Mycosis fungoides and IL-4/13 inhibitors: what is known and unmet needs.,https://pubmed.ncbi.nlm.nih.gov/40369852/,dupilumab,,,2,no
40370216,pubmed,Clinical and Laboratory Indexes for Predicting Early and Late Responders to Lebrikizumab in Atopic Dermatitis: A Prospective Cohort Observational Study.,https://pubmed.ncbi.nlm.nih.gov/40370216/,lebrikizumab,,,3,no
40372094,pubmed,Nemolizumab Improves Pruritus in Patients With Intrinsic Atopic Dermatitis Lacking Atopic Predisposition: A Single-Centre Pilot Retrospective Cohort Study.,https://pubmed.ncbi.nlm.nih.gov/40372094/,nemolizumab,,,4,si
40375583,pubmed,Complementary Analysis of Local and Systemic Effects of Dupilumab in Paediatric AD Using Tape Strips and Serum.,https://pubmed.ncbi.nlm.nih.gov/40375583/,dupilumab,,,4,si
40377867,pubmed,Real-World Evidence for Baricitinib in the Treatment of Atopic Dermatitis and Alopecia Areata: Systematic Literature Review 2020-2023.,https://pubmed.ncbi.nlm.nih.gov/40377867/,baricitinib,,,4,no
40383540,pubmed,Atopic Dermatitis: Update on Skin-Directed Management: Clinical Report.,https://pubmed.ncbi.nlm.nih.gov/40383540/,dupilumab,,,2,no
40385464,pubmed,Treatment of Atopic Dermatitis with Upadacitinib in a Patient During Hepatitis C Activity Period.,https://pubmed.ncbi.nlm.nih.gov/40385464/,upadacitinib,,,2,no
40385617,pubmed,"Expert Opinion on the Management, Challenges, and Knowledge Gaps Pertaining to Eosinophilic Esophagitis Among Adults in the Greater Gulf Region.",https://pubmed.ncbi.nlm.nih.gov/40385617/,atopic_dermatitis,,,2,no
40388089,pubmed,"Conjunctivitis in Adults with Atopic Dermatitis Treated with Dupilumab: An Observational Study of Clinical Characteristics, Symptomatology, and Treatment.",https://pubmed.ncbi.nlm.nih.gov/40388089/,dupilumab,,,5,no
40391095,pubmed,Dupilumab for Atopic Dermatitis with Twenty-Nail Dystrophy: A Case Report.,https://pubmed.ncbi.nlm.nih.gov/40391095/,dupilumab,,,2,no
40395576,pubmed,"A Real-World Study of Tofacitinib in Indian Patients with Refractory Moderate-to-Severe Atopic Dermatitis, its Economic Considerations and Immunological Rationale.",https://pubmed.ncbi.nlm.nih.gov/40395576/,dupilumab,,,4,no
40397621,pubmed,Patients With Atopic Dermatitis Treated With Upadacitinib: Factors Related to Achieving Minimal Disease Activity.,https://pubmed.ncbi.nlm.nih.gov/40397621/,upadacitinib,,,3,si
40400137,pubmed,Treatment of Moderate-to-severe Atopic Dermatitis with Upadacitinib: Results from an Interim Analysis of the TREATgermany Registry.,https://pubmed.ncbi.nlm.nih.gov/40400137/,upadacitinib,,,1,no
40403168,pubmed,Use of Nemolizumab in the Treatment of Prurigo Nodularis and Atopic Dermatitis.,https://pubmed.ncbi.nlm.nih.gov/40403168/,nemolizumab,,,2,no
40407924,pubmed,"Efficacy and safety of JAK inhibitors in patients aged > 60 years with moderate-to-severe atopic dermatitis: a 52-week multicenter, real-life study-IL AD (Italian Landscape Atopic Dermatitis).",https://pubmed.ncbi.nlm.nih.gov/40407924/,upadacitinib; baricitinib; abrocitinib,,,4,si
40415482,pubmed,"The real-world, long-term risk of infections associated with dupilumab in atopic dermatitis: A global cohort study.",https://pubmed.ncbi.nlm.nih.gov/40415482/,dupilumab,,,4,no
40417894,pubmed,A paediatric case of severe atopic dermatitis with prurigo nodularis successfully treated with nemolizumab as second-line therapy.,https://pubmed.ncbi.nlm.nih.gov/40417894/,nemolizumab,,,1,no
40418285,pubmed,Cutaneous T Cell Lymphoma Following Dupilumab Therapy in Patients with Atopic Dermatitis: Clinical Review and Recommendations.,https://pubmed.ncbi.nlm.nih.gov/40418285/,dupilumab,,,3,no
40428884,pubmed,"Clinical Effectiveness, Clinical Stability, and Effects on Serum Galectin-7 Levels of Dupilumab and JAK Inhibitors in Moderate-to-Severe Atopic Dermatitis: A Real-World, Single-Center Analysis.",https://pubmed.ncbi.nlm.nih.gov/40428884/,dupilumab,,,3,no
40429478,pubmed,Super Responders in Moderate-to-Severe Atopic Dermatitis Under Treatment with Dupilumab: An Explorative Real-World Study.,https://pubmed.ncbi.nlm.nih.gov/40429478/,dupilumab,,,4,no
40432597,pubmed,The interaction between the expression of CD23 molecule on B- lymphocytes and the level of specific IgE against molecular components of pollen in atopic dermatitis patients with and without dupilumab therapy.,https://pubmed.ncbi.nlm.nih.gov/40432597/,dupilumab,,,3,no
40435582,pubmed,Joint Pain and Inflammatory Arthropathy after Dupilumab Use in Atopic Dermatitis: A Systematic Review and Meta-Analysis.,https://pubmed.ncbi.nlm.nih.gov/40435582/,dupilumab,,,4,si
40436117,pubmed,Type 2 cytokines pleiotropically modulate sensory nerve architecture and neuroimmune interactions to mediate itch.,https://pubmed.ncbi.nlm.nih.gov/40436117/,dupilumab,,,5,no
40441387,pubmed,Efficacy and safety of dupilumab in pediatric patients aged 6 months to 11 years with erythrodermic atopic dermatitis: A post-hoc analysis of 3 clinical trials.,https://pubmed.ncbi.nlm.nih.gov/40441387/,dupilumab,,,1,no
40442566,pubmed,Real-World Clinical Experience of Tralokinumab in a Tertiary Centre: An Alternative for Patients with Conjunctivitis on Dupilumab?,https://pubmed.ncbi.nlm.nih.gov/40442566/,dupilumab; tralokinumab,,,2,no
40446914,pubmed,"[Translated article] Impact of Dupilumab on Quality of Life, Anxiety, and Depression in Adult Patients With Moderate-to-Severe Atopic Dermatitis and Their Household Members: A Prospective Study.",https://pubmed.ncbi.nlm.nih.gov/40446914/,dupilumab,,,1,no
40447099,pubmed,Infectious complications of atopic dermatitis: An update.,https://pubmed.ncbi.nlm.nih.gov/40447099/,dupilumab,,,4,no
40456762,pubmed,An unbiased tissue transcriptome analysis identifies potential markers for skin phenotypes and therapeutic responses in atopic dermatitis.,https://pubmed.ncbi.nlm.nih.gov/40456762/,dupilumab,,,3,si
40457140,pubmed,Rapid Itch Improvement and Skin Clearance with Upadacitinib Versus Placebo (Measure Up 1 and Measure Up 2) and Versus Dupilumab (Heads Up): Results from Three Phase 3 Clinical Trials in Patients with Moderate-to-Severe Atopic Dermatitis.,https://pubmed.ncbi.nlm.nih.gov/40457140/,dupilumab; upadacitinib,,,7,si
40458251,pubmed,Successful Treatment of Upadacitinib in Prurigo Nodularis: A Case Report and Review of the Literature.,https://pubmed.ncbi.nlm.nih.gov/40458251/,upadacitinib,,,2,no
40459711,pubmed,"Real-World Effectiveness and Safety of Dupilumab, Tralokinumab, and Upadacitinib in Patients with Atopic Dermatitis: A 52-Week International, Multicenter Retrospective Cohort Study.",https://pubmed.ncbi.nlm.nih.gov/40459711/,dupilumab; tralokinumab; upadacitinib,,,4,si
40459712,pubmed,Real‑World Experience of 1 Year of Tralokinumab Treatment in Adult Patients with Atopic Dermatitis: A Single-Center Retrospective Study.,https://pubmed.ncbi.nlm.nih.gov/40459712/,dupilumab; tralokinumab,,,4,no
40462855,pubmed,"Effect of dupilumab for the therapy of atopic dermatitis and the effect on serum TARC, HBD2 and SEA-IgE levels and peripheral blood T helper cell subtypes.",https://pubmed.ncbi.nlm.nih.gov/40462855/,dupilumab,,,5,no
40470558,pubmed,Efficacy and glucocorticoid sparing of dupilumab in IgG4-related disease: a case series and literature review.,https://pubmed.ncbi.nlm.nih.gov/40470558/,dupilumab,,,3,no
40474541,pubmed,Real-World Efficacy and Safety of Dupilumab Retreatment in Adults With Relapsed Atopic Dermatitis: A Retrospective Study From China.,https://pubmed.ncbi.nlm.nih.gov/40474541/,dupilumab,,,1,no
40483369,pubmed,A nationwide experience of biological treatments in children with eosinophilic esophagitis.,https://pubmed.ncbi.nlm.nih.gov/40483369/,dupilumab,,,4,no
40485504,pubmed,"Use of upadacitinib in the treatment of moderate to severe atopic dermatitis: patient profiling, dose selection, and therapy modulation, what does real-life teach us?",https://pubmed.ncbi.nlm.nih.gov/40485504/,upadacitinib,,,3,si
40485866,pubmed,"Clinical Assessment of Abrocitinib, Tofacitinib, and Cyclosporine in Adult Patients With Moderate to Severe Atopic Dermatitis: A Retrospective Analysis.",https://pubmed.ncbi.nlm.nih.gov/40485866/,abrocitinib,,,5,no
40487493,pubmed,Dupilumab-Induced Granuloma Annulare: A Challenging Adverse Effect of Atopic Dermatitis Treatment.,https://pubmed.ncbi.nlm.nih.gov/40487493/,dupilumab,,,1,no
40487737,pubmed,Effectiveness of Dupilumab Treatment in Patients With Type 2 Inflammation: A Real-Life Integrated Experience.,https://pubmed.ncbi.nlm.nih.gov/40487737/,dupilumab,,,3,no
40491654,pubmed,Effectiveness of Nemolizumab for Refractory Pruritus in a Pediatric Patient With Atopic Dermatitis After Biliary Atresia Surgery.,https://pubmed.ncbi.nlm.nih.gov/40491654/,nemolizumab,,,3,no
40492692,pubmed,Dupilumab and Blood Eosinophilia: A Disease-Specific Phenomenon?,https://pubmed.ncbi.nlm.nih.gov/40492692/,dupilumab,,,1,no
40498636,pubmed,Effectiveness and safety of upadacitinib in patients with moderate-to-severe atopic dermatitis and prior inefficacy of T helper 2 biologics: a propensity score-matched study.,https://pubmed.ncbi.nlm.nih.gov/40498636/,upadacitinib,,,5,si
40504959,pubmed,"2257. Abrocitinib, tralokinumab or upadacitinib for treating moderate to severe atopic dermatitis.",https://pubmed.ncbi.nlm.nih.gov/40504959/,tralokinumab; upadacitinib; abrocitinib,,,1,si
40507644,pubmed,"Efficacy of Upadacitinib in Treating Alopecia Areata, Atopic Dermatitis, and Th1 Comorbidities in Pediatric Patients: A Comprehensive Case Series and Literature Review.",https://pubmed.ncbi.nlm.nih.gov/40507644/,dupilumab; upadacitinib,,,3,no
40509989,pubmed,Characterizing Atopic Dermatitis and Abrocitinib Early Response Through Tape-Stripped and Serum Biomarkers.,https://pubmed.ncbi.nlm.nih.gov/40509989/,abrocitinib,,,3,no
40518414,pubmed,[Analysis of the clinical efficacy and safety of dupilumab in the treatment of patients with moderate to severe atopic dermatitis complicated with asthma].,https://pubmed.ncbi.nlm.nih.gov/40518414/,dupilumab,,,8,no
40519867,pubmed,Tape Strip Profiling of Checkpoint Inhibitor-Associated Dermatitis Highlights Pan-T-Cell Activation: A Pilot Study.,https://pubmed.ncbi.nlm.nih.gov/40519867/,dupilumab,,,4,si
40525846,pubmed,Corneal Perforation Associated With Tralokinumab.,https://pubmed.ncbi.nlm.nih.gov/40525846/,tralokinumab,,,3,no
40528669,pubmed,Long-Term Use of Tralokinumab in Patients With Atopic Dermatitis: A Real-World Multicentric Case Series.,https://pubmed.ncbi.nlm.nih.gov/40528669/,tralokinumab,,,1,no
40528978,pubmed,Machine learning-based prediction models for atopic dermatitis diagnosis and evaluation.,https://pubmed.ncbi.nlm.nih.gov/40528978/,dupilumab; crisaborole,,,4,no
40531067,pubmed,Focused update: Guidelines of care for the management of atopic dermatitis in adults.,https://pubmed.ncbi.nlm.nih.gov/40531067/,lebrikizumab; nemolizumab,,,3,si
40531497,pubmed,Psoriasis Risk in Patients With Atopic Dermatitis Treated With Dupilumab.,https://pubmed.ncbi.nlm.nih.gov/40531497/,dupilumab,,,5,si
40536414,pubmed,Underrecognized infection-reducing benefits of dupilumab in atopic dermatitis.,https://pubmed.ncbi.nlm.nih.gov/40536414/,dupilumab,,,1,no
40537179,pubmed,Dupilumab and lymphoma risk among patients with asthma: a population-based cohort study.,https://pubmed.ncbi.nlm.nih.gov/40537179/,dupilumab,,,4,no
40538092,pubmed,Nemolizumab for the Treatment of Dermatological Conditions: A Systematic Review of Randomized Placebo-Controlled Trials.,https://pubmed.ncbi.nlm.nih.gov/40538092/,nemolizumab,,,1,no
40538523,pubmed,Tralokinumab as a Therapeutic Alternative for Dupilumab-associated Arthralgia in Atopic Dermatitis: A Multi-center Case Series.,https://pubmed.ncbi.nlm.nih.gov/40538523/,dupilumab; tralokinumab,,,4,no
40538525,pubmed,A Clinician's Guide to Dupilumab-related Ocular Surface Disease.,https://pubmed.ncbi.nlm.nih.gov/40538525/,dupilumab; tralokinumab; lebrikizumab; nemolizumab,,,3,no
40538782,pubmed,A case of concurrent exacerbation of manifestations and asthma after the initiation of nemolizumab treatment for atopic dermatitis.,https://pubmed.ncbi.nlm.nih.gov/40538782/,nemolizumab,,,1,si
40541282,pubmed,New and Emerging Pharmacotherapies for Pruritus: A Systematic Review and Network Meta-Analysis.,https://pubmed.ncbi.nlm.nih.gov/40541282/,dupilumab; nemolizumab; upadacitinib; baricitinib; abrocitinib,,,3,no
40542686,pubmed,Reply to 'Real-world experience of switching from tralokinumab to lebrikizumab in atopic dermatitis'.,https://pubmed.ncbi.nlm.nih.gov/40542686/,tralokinumab; lebrikizumab,,,1,no
40547409,pubmed,Treatment of Hailey-Hailey disease with the Janus kinase inhibitor abrocitinib: A case report.,https://pubmed.ncbi.nlm.nih.gov/40547409/,abrocitinib,,,3,si
40549127,pubmed,Two-Year Efficacy and Safety of Lebrikizumab in Patients with Moderate-to-Severe Atopic Dermatitis: A Long-Term Extension (ADjoin).,https://pubmed.ncbi.nlm.nih.gov/40549127/,lebrikizumab,,,5,si
40552105,pubmed,"iMSC-Derived Extracellular Vesicles Improve Atopic Dermatitis by Augmenting Skin Barrier Integrity and Inhibiting Inflammation, Pruritus and Th2 Immune Responses.",https://pubmed.ncbi.nlm.nih.gov/40552105/,baricitinib,,,3,no
40552479,pubmed,Higher Levels of Immunoglobulin E and Thymus and Activation-Regulated Chemokine Are Associated with Conjunctivitis During Lebrikizumab Treatment in Patients with Moderate-to-Severe Atopic Dermatitis.,https://pubmed.ncbi.nlm.nih.gov/40552479/,lebrikizumab,,,3,no
40555305,pubmed,Effect of tralokinumab on moderate-to-severe atopic dermatitis in patients with atopic comorbidities.,https://pubmed.ncbi.nlm.nih.gov/40555305/,tralokinumab,,,4,si
40555600,pubmed,Distinct changes in tissue-resident memory T cells following dupilumab treatment in atopic dermatitis.,https://pubmed.ncbi.nlm.nih.gov/40555600/,dupilumab,,,1,no
40556751,pubmed,Effects of dupilumab on quality of life in patients with atopic dermatitis: a systematic review and meta-analysis of randomized controlled trials.,https://pubmed.ncbi.nlm.nih.gov/40556751/,dupilumab,,,5,no
40557973,pubmed,Real World Side-Effects of Dupilumab: A Narrative Review.,https://pubmed.ncbi.nlm.nih.gov/40557973/,dupilumab,,,1,si
40562170,pubmed,New treatments in atopic dermatitis update.,https://pubmed.ncbi.nlm.nih.gov/40562170/,dupilumab; tralokinumab; lebrikizumab; nemolizumab; upadacitinib; baricitinib; abrocitinib; ruxolitinib,,,4,si
40567507,pubmed,Dupilumab's Successful Journey in Pityriasis Lichenoides Chronica Followed by the Intriguing Reemergence of Vitiligo after Monobenzone Depigmentation: A Case Report.,https://pubmed.ncbi.nlm.nih.gov/40567507/,dupilumab,,,3,no
40569545,pubmed,Impact of Achieving Optimal Treatment Targets and Minimal Disease Activity on Health-Related Quality of Life and Satisfaction in Patients with Atopic Dermatitis.,https://pubmed.ncbi.nlm.nih.gov/40569545/,upadacitinib,,,5,si
40571968,pubmed,Measurement of Tralokinumab Concentrations in Serum and Tear Fluid of Atopic Dermatitis Patients and the Relationship With Treatment Response and Ocular Surface Disease.,https://pubmed.ncbi.nlm.nih.gov/40571968/,tralokinumab,,,1,no
40575074,pubmed,Efficacy and safety of dupilumab in the treatment of moderate-to-severe atopic dermatitis: a real-life study.,https://pubmed.ncbi.nlm.nih.gov/40575074/,dupilumab,,,3,no
40576262,pubmed,Real-world outcomes of lebrikizumab treatment for upadacitinib-refractory atopic dermatitis.,https://pubmed.ncbi.nlm.nih.gov/40576262/,lebrikizumab; upadacitinib,,,1,no
40578600,pubmed,Clinical course of atopic dermatitis after dupilumab discontinuation: a multicentre real-world study.,https://pubmed.ncbi.nlm.nih.gov/40578600/,dupilumab,,,4,no
40579667,pubmed,Could Disease Duration Influence Response to Dupilumab in Patients With Atopic Dermatitis? A Retrospective Real-Life Study.,https://pubmed.ncbi.nlm.nih.gov/40579667/,dupilumab,,,1,no
40580139,pubmed,The European Medicines Agency evaluation of nemolizumab (Nemluvio) for the treatment of moderate-to-severe atopic dermatitis and prurigo nodularis.,https://pubmed.ncbi.nlm.nih.gov/40580139/,nemolizumab,,,1,no
40581082,pubmed,Efficacy and safety of upadacitinib dose escalation and reduction in adults with moderate-to-severe atopic dermatitis: results of a randomized blinded treat-to-target multicentre phase IIIb/IV study (Flex Up).,https://pubmed.ncbi.nlm.nih.gov/40581082/,upadacitinib,,,6,no
40584946,pubmed,A pan-European register-based observational study of abrocitinib and conventional systemic therapies in moderate and severe atopic dermatitis: the DREAM TO TREAT AD study protocol.,https://pubmed.ncbi.nlm.nih.gov/40584946/,abrocitinib,,,6,no
40586117,pubmed,An observation of weight gain in patients with atopic dermatitis receiving dupilumab.,https://pubmed.ncbi.nlm.nih.gov/40586117/,dupilumab,,,3,no
40588287,pubmed,Identifying Week 48 Delayed Responders to Tralokinumab in Real-World Practice for Japanese Patients with Moderate-to-Severe Atopic Dermatitis.,https://pubmed.ncbi.nlm.nih.gov/40588287/,tralokinumab,,,3,si
40600051,pubmed,Emerging trends and research hotspots in atopic dermatitis-related itch over the past 10 years: a bibliometric and visual analysis.,https://pubmed.ncbi.nlm.nih.gov/40600051/,atopic_dermatitis,,,3,no
40602386,pubmed,Lebrikizumab Improved Itch Symptoms and Reduced Itch Interference on Sleep over 52 Weeks in Patients with Moderate-to-Severe Atopic Dermatitis in Two Phase 3 Trials.,https://pubmed.ncbi.nlm.nih.gov/40602386/,lebrikizumab,,,6,no
40616363,pubmed,Response to 'Dupilumab: No elevated maternal risks in propensity-matched cohort' by Preuß et al.,https://pubmed.ncbi.nlm.nih.gov/40616363/,dupilumab,,,1,no
40621291,pubmed,Tacrolimus Ophthalmic Suspension Can Be an Effective Treatment Option for Biologic-Induced Refractory Conjunctivitis.,https://pubmed.ncbi.nlm.nih.gov/40621291/,dupilumab; tralokinumab; lebrikizumab,,,2,no
40625127,pubmed,Management of comorbid Crohn's disease and alopecia universalis with upadacitinib and oral minoxidil.,https://pubmed.ncbi.nlm.nih.gov/40625127/,upadacitinib,,,3,no
40627583,pubmed,Treating Chronic Hand Eczema with Upadacitinib: Insights from Clinical Trials and Real-World Experience.,https://pubmed.ncbi.nlm.nih.gov/40627583/,upadacitinib,,,4,no
40634801,pubmed,Budget Impact Analysis of Lebrikizumab for Treating Severe Atopic Dermatitis.,https://pubmed.ncbi.nlm.nih.gov/40634801/,dupilumab; tralokinumab; lebrikizumab,,,4,no
40637344,pubmed,Real world experience of switching from tralokinumab to lebrikizumab: Author's reply.,https://pubmed.ncbi.nlm.nih.gov/40637344/,tralokinumab; lebrikizumab,,,1,no
40645621,pubmed,"European, multicentre, prospective observational phase IV clinical study to assess the impact of lebrikizumab on health-related well-being and control of skin manifestations in patients with moderate-to-severe atopic dermatitis (ADTrust): study protocol.",https://pubmed.ncbi.nlm.nih.gov/40645621/,lebrikizumab,,,6,si
40646412,pubmed,Dupilumab versus Lebrikizumab Demonstrates Greater Likelihood of Achieving and Maintaining Improvements in Efficacy Outcomes Using a Placebo-Adjusted Indirect Treatment Comparison.,https://pubmed.ncbi.nlm.nih.gov/40646412/,dupilumab; lebrikizumab,,,5,si
40658277,pubmed,Achieving Optimal Treatment Targets and Minimal Disease Activity with Upadacitinib for Moderate-to-Severe Atopic Dermatitis: Integrated Analysis of Phase 3 Studies (Measure Up 1 and 2).,https://pubmed.ncbi.nlm.nih.gov/40658277/,upadacitinib,,,4,si
40660399,pubmed,The impact of abrocitinib treatment on lesion area and pruritus in patients with atopic dermatitis: a systematic review and meta-analysis.,https://pubmed.ncbi.nlm.nih.gov/40660399/,abrocitinib,,,4,no
40661111,pubmed,Nemolizumab for the treatment of refractory primary localized cutaneous amyloidosis in a nonatopic patient.,https://pubmed.ncbi.nlm.nih.gov/40661111/,nemolizumab,,,1,no
40662227,pubmed,Biologic Prescription Patterns and Biomarker Determinants of First-Line Dupilumab in Danish Adult Patients With Severe Asthma and Comorbid Atopic Dermatitis.,https://pubmed.ncbi.nlm.nih.gov/40662227/,dupilumab,,,4,no
40662440,pubmed,Dupilumab adverse reactions in eosinophilic esophagitis treatment: a Food and Drug Administration Adverse Event Reporting System database analysis.,https://pubmed.ncbi.nlm.nih.gov/40662440/,dupilumab,,,4,no
40663228,pubmed,Lebrikizumab Rapidly Lowers Inflammatory Biomarkers with Clinical Correlations in Moderate-to-Severe Atopic Dermatitis.,https://pubmed.ncbi.nlm.nih.gov/40663228/,lebrikizumab,,,4,si
40665146,pubmed,"Efficacy and Safety of Lebrikizumab in Adult and Adolescent Patients with Skin of Color and Moderate-to-Severe Atopic Dermatitis: Results from the Phase IIIb, Open-Label ADmirable Study.",https://pubmed.ncbi.nlm.nih.gov/40665146/,lebrikizumab,,,6,si
40667850,pubmed,Dupilumab Treatment for Atopic Dermatitis Is Associated With Decreased Risk of Otitis Media and Related Surgical Procedures: A Retrospective Cohort Study.,https://pubmed.ncbi.nlm.nih.gov/40667850/,dupilumab,,,3,no
40673627,pubmed,Arthritis-Related Adverse Reactions of Dupilumab in Treatment of Chronic Rhinosinusitis.,https://pubmed.ncbi.nlm.nih.gov/40673627/,dupilumab,,,3,no
40681936,pubmed,"The Tralokinumab Pre-Filled Pen Improved Atopic Dermatitis Signs and Symptoms and Was Well Tolerated in Adults and Adolescents with Moderate-to-Severe Atopic Dermatitis: A 16-Week, Open-Label, Single-Arm Phase 3 Study (INJECZTRA).",https://pubmed.ncbi.nlm.nih.gov/40681936/,tralokinumab,,,3,si
40682242,pubmed,A real-world study in Brazilian patients with atopic dermatitis treated with dupilumab who previously received methotrexate and cyclosporine.,https://pubmed.ncbi.nlm.nih.gov/40682242/,dupilumab,,,2,no
40689675,pubmed,Cardiovascular and thromboembolic risks of JAK inhibitors in atopic dermatitis: A global cohort study.,https://pubmed.ncbi.nlm.nih.gov/40689675/,dupilumab,,,3,no
40691414,pubmed,"Correction: Complete/Near-Complete Itch Response Observed in Patients with Moderate-to-Severe Atopic Dermatitis Initiating Dupilumab: 3-Year, Real-World, Interim Data from the PROSE Registry.",https://pubmed.ncbi.nlm.nih.gov/40691414/,atopic_dermatitis,,,1,no
40693656,pubmed,Long-Term Clinical Courses and Stratified Management of Dupilumab-Associated Inflammatory Arthritis in Atopic Dermatitis: Two Japanese Cases With Over 200 Weeks of Follow-Up and Musculoskeletal Ultrasound Assessment.,https://pubmed.ncbi.nlm.nih.gov/40693656/,dupilumab,,,1,no
40695149,pubmed,Combined dupilumab with immunotherapy is more effective than dupilumab alone in children with moderate-to-severe atopic dermatitis.,https://pubmed.ncbi.nlm.nih.gov/40695149/,dupilumab,,,4,no
40698830,pubmed,Clinical Characteristics and Risk Factors for Cutaneous Manifestations Associated With Nemolizumab in Atopic Dermatitis: A Multicenter Retrospective Study in Japan.,https://pubmed.ncbi.nlm.nih.gov/40698830/,nemolizumab,,,4,si
40704381,pubmed,Acute generalized exanthematous pustulosis triggered by dupilumab.,https://pubmed.ncbi.nlm.nih.gov/40704381/,dupilumab,,,1,no
40704968,pubmed,Effects of MSC-derived extracellular vesicles and dupilumab on the spleen and skin in a house dust mite-induced atopic dermatitis model.,https://pubmed.ncbi.nlm.nih.gov/40704968/,dupilumab,,,4,no
40705211,pubmed,"JAK Inhibitors in Atopic Dermatitis: Does Weight Matter? A Real-World, Nationwide Retrospective Study: IL-AD (Italian Landscape Atopic Dermatitis).",https://pubmed.ncbi.nlm.nih.gov/40705211/,upadacitinib; baricitinib; abrocitinib,,,4,no
40705699,pubmed,Lebrikizumab for Moderate-to-Severe Atopic Dermatitis.,https://pubmed.ncbi.nlm.nih.gov/40705699/,lebrikizumab,,,1,no
40708237,pubmed,Lebrikizumab improves head/neck/face dermatitis and erythema and does not increase treatment-emergent adverse events of head/neck/face erythema in patients with moderate-to-severe atopic dermatitis.,https://pubmed.ncbi.nlm.nih.gov/40708237/,lebrikizumab,,,3,si
40710015,pubmed,Efficacy of Dupilumab in a Young Woman with Refractory Cutaneous Lichen Planus: A Case-Based Review.,https://pubmed.ncbi.nlm.nih.gov/40710015/,dupilumab,,,3,no
40710856,pubmed,"Unilateral Osteonecrosis of the Femoral Head in a Patient with Atopic Dermatitis Due to Uncontrolled Topical Steroid Treatment, a Case Report.",https://pubmed.ncbi.nlm.nih.gov/40710856/,upadacitinib,,,3,no
40711944,pubmed,Transition of Blood Biomarkers During 24-Week Treatment With Lebrikizumab or Tralokinumab in Atopic Dermatitis: A Real-World Analysis Stratified by Prior Systemic Therapy.,https://pubmed.ncbi.nlm.nih.gov/40711944/,tralokinumab; lebrikizumab,,,2,si
40711950,pubmed,Thirty-Six-Week Real-World Effectiveness of Lebrikizumab for Different Anatomical Sites and Clinical Signs in Atopic Dermatitis: Results from a Prospective Japanese Study.,https://pubmed.ncbi.nlm.nih.gov/40711950/,lebrikizumab,,,4,si
40721559,pubmed,Clinically Meaningful Improvements in Adolescents with Moderate-to-Severe Atopic Dermatitis Treated with Tralokinumab who did not Achieve Clear or Almost Clear Skin at Week 16.,https://pubmed.ncbi.nlm.nih.gov/40721559/,tralokinumab,,,4,si
40722576,pubmed,Alopecia Areata Associated with Dupilumab: National Database Study.,https://pubmed.ncbi.nlm.nih.gov/40722576/,dupilumab,,,3,si
40725651,pubmed,Comparative Efficacy and Safety of Tralokinumab and Dupilumab in Moderate-to-Severe Atopic Dermatitis: A Narrative Review.,https://pubmed.ncbi.nlm.nih.gov/40725651/,dupilumab; tralokinumab,,,3,no
40725743,pubmed,Anti-Inflammatory Therapies for Atopic Dermatitis: A New Era in Targeted Treatment.,https://pubmed.ncbi.nlm.nih.gov/40725743/,dupilumab,,,4,si
40728232,pubmed,Pretreatment Demodex infestation predicts dupilumab-associated blepharoconjunctivitis in atopic dermatitis.,https://pubmed.ncbi.nlm.nih.gov/40728232/,dupilumab,,,3,no
40730273,pubmed,Food allergy clinical course in children and adolescents treated with dupilumab for atopic dermatitis.,https://pubmed.ncbi.nlm.nih.gov/40730273/,dupilumab,,,4,no
40730984,pubmed,Norwegian scabies hid in advanced AIDS-associated talaromycosis misdiagnosed as atopic dermatitis: a case report.,https://pubmed.ncbi.nlm.nih.gov/40730984/,dupilumab,,,3,no
40735660,pubmed,The Visualization of Nocturnal Scratching Behavior in Pediatric Atopic Dermatitis: Facilitating Shared Decision-Making and Assessing the Efficacy of Treatment.,https://pubmed.ncbi.nlm.nih.gov/40735660/,nemolizumab,,,2,no
40736779,pubmed,Utility of the Atopic Dermatitis Control Tool for Assessing Long-term Control of Atopic Dermatitis in Korean Patients on Dupilumab.,https://pubmed.ncbi.nlm.nih.gov/40736779/,dupilumab,,,4,no
40737470,pubmed,2788. Baricitinib for treating moderate to severe atopic dermatitis.,https://pubmed.ncbi.nlm.nih.gov/40737470/,baricitinib,,,1,no
40738245,pubmed,Effect of Systemic Therapies on Skin Bacteriome in Patients with Atopic Dermatitis: A Pilot Prospective Study.,https://pubmed.ncbi.nlm.nih.gov/40738245/,dupilumab,,,3,no
40739850,pubmed,Upadacitinib in daily practice for refractory atopic dermatitis in adolescents: a case series of the BioDay registry.,https://pubmed.ncbi.nlm.nih.gov/40739850/,upadacitinib,,,2,no
40741721,pubmed,Effectiveness of Tralokinumab for Moderate-to-Severe Atopic Dermatitis Involving the Head-and-Neck Area: A Multicenter Retrospective Cohort Study.,https://pubmed.ncbi.nlm.nih.gov/40741721/,tralokinumab,,,3,si
40742073,pubmed,Effectiveness and safety of dupilumab in Japanese paediatric patients with atopic dermatitis: a multiple-centre retrospective study in a real-life setting in Gunma Prefecture.,https://pubmed.ncbi.nlm.nih.gov/40742073/,dupilumab,,,1,no
40744633,pubmed,Subcorneal pustular dermatosis masquerading as eczematous dermatitis: a case report and mechanistic review.,https://pubmed.ncbi.nlm.nih.gov/40744633/,dupilumab,,,2,no
40746560,pubmed,Effectiveness and safety of dupilumab in the treatment of pediatric atopic dermatitis: a real-world study from China.,https://pubmed.ncbi.nlm.nih.gov/40746560/,dupilumab,,,3,no
40747966,pubmed,Where eye meets body part 2: uniting allergy pathways in ocular and atopic disease - T cells take the lead.,https://pubmed.ncbi.nlm.nih.gov/40747966/,dupilumab,,,3,no
40751489,pubmed,Real-World Effectiveness and Safety of JAK Inhibitors in Atopic Dermatitis: A Systematic Review and Meta-Analysis.,https://pubmed.ncbi.nlm.nih.gov/40751489/,atopic_dermatitis,,,3,si
40754333,pubmed,"Multicentre, prospective, single-arm, non-controlled, open-label trial to evaluate the safety and efficacy of live attenuated influenza vaccine in paediatric patients with atopic dermatitis undergoing dupilumab therapy: a protocol.",https://pubmed.ncbi.nlm.nih.gov/40754333/,dupilumab,,,5,no
40760594,pubmed,Atopic dermatitis in amyotrophic lateral sclerosis successfully treated by dupilumab: A case report.,https://pubmed.ncbi.nlm.nih.gov/40760594/,dupilumab,,,3,no
40760904,pubmed,Vitiligo exacerbation during upadacitinib treatment for atopic dermatitis and improvement following a switch to abrocitinib: a case report.,https://pubmed.ncbi.nlm.nih.gov/40760904/,upadacitinib; abrocitinib,,,2,si
40762415,pubmed,A Case of Atopic Dermatitis Accompanied by Prurigo Nodularis Developed Eosinophilic Pneumonia on Dupilumab Therapy.,https://pubmed.ncbi.nlm.nih.gov/40762415/,dupilumab,,,1,no
40763919,pubmed,Model-Informed Paradigm in Drug Development-An End-To-End Case Study From Upadacitinib Development.,https://pubmed.ncbi.nlm.nih.gov/40763919/,upadacitinib,,,3,no
40767400,pubmed,Emerging concepts in atopic dermatitis and atopic keratoconjunctivitis.,https://pubmed.ncbi.nlm.nih.gov/40767400/,dupilumab,,,3,si
40767793,pubmed,Biologic Therapies Targeting Type 2 Signaling in Atopic Dermatitis: A Comparative Review of Structural and Thermodynamic Differences in Mechanism of Action.,https://pubmed.ncbi.nlm.nih.gov/40767793/,dupilumab; tralokinumab; lebrikizumab,,,3,no
40770124,pubmed,Switching from Dupilumab to Abrocitinib in Patients with Moderate-to-Severe Atopic Dermatitis: A Podcast Article.,https://pubmed.ncbi.nlm.nih.gov/40770124/,dupilumab; abrocitinib,,,2,no
40771447,pubmed,Upadacitinib for Alopecia: Current Evidence and Clinical Insights.,https://pubmed.ncbi.nlm.nih.gov/40771447/,upadacitinib,,,3,si
40771803,pubmed,"Evaluation of the levels of interleukins IL-4, IL-13, IL-5, IL-10 and IL-33 in atopic dermatitis patients with and without dupilumab therapy.",https://pubmed.ncbi.nlm.nih.gov/40771803/,dupilumab,,,4,no
40772496,pubmed,Drug Survival and Predictors of Systemic Treatment Outcome in Atopic Dermatitis: Data From a Nationwide Swedish Cohort.,https://pubmed.ncbi.nlm.nih.gov/40772496/,dupilumab; tralokinumab; upadacitinib; baricitinib; abrocitinib,,,3,no
40774800,pubmed,Biologic Prescription Patterns and Biomarker Determinants of First-Line Dupilumab in Danish Adult Patients With Severe Asthma and Comorbid Atopic Dermatitis-Correspondence.,https://pubmed.ncbi.nlm.nih.gov/40774800/,dupilumab,,,1,no
40779440,pubmed,Letter: Transition of Hematological Indexes in 36-Week Treatment with Lebrikizumab for Atopic Dermatitis: A Real-World Prospective Japanese Study.,https://pubmed.ncbi.nlm.nih.gov/40779440/,lebrikizumab,,,1,no
40780661,pubmed,"Response to Chang et al's ""Abrocitinib versus dupilumab: Impact on skin barrier function and proteomics in atopic dermatitis"".",https://pubmed.ncbi.nlm.nih.gov/40780661/,dupilumab; abrocitinib,,,1,no
40785403,pubmed,"Interaction between expression of CD23 on B-lymphocytes and level of specific IgE against molecular components of NPC2 family, lipocalins, uteroglobins, and molecular components of molds and yeast.",https://pubmed.ncbi.nlm.nih.gov/40785403/,dupilumab,,,3,no
40786353,pubmed,Acute Severe Immune Thrombocytopenia Following Dupilumab Use for Eustachian Tube Dysfunction: A Case Report.,https://pubmed.ncbi.nlm.nih.gov/40786353/,dupilumab,,,2,no
40787046,pubmed,A case of psoriasis and atopic dermatitis-like rash induced by interleukin-17 and interleukin-23 inhibitors successfully controlled with upadacitinib.,https://pubmed.ncbi.nlm.nih.gov/40787046/,upadacitinib,,,1,no
40788764,pubmed,Letter: Long-Term Effectiveness of Tralokinumab in Patients With Atopic Dermatitis Refractory to Dupilumab: A 48-Week Real-World Study.,https://pubmed.ncbi.nlm.nih.gov/40788764/,dupilumab; tralokinumab,,,1,si
40790423,pubmed,The Effect of Dupilumab on Growth Parameters in Pediatric Atopic Dermatitis Patients.,https://pubmed.ncbi.nlm.nih.gov/40790423/,dupilumab,,,1,no
40791758,pubmed,Two pediatric cases of alopecia universalis with concomitant atopic dermatitis successfully treated with baricitinib.,https://pubmed.ncbi.nlm.nih.gov/40791758/,baricitinib,,,1,no
40794374,pubmed,A systematic review of the role of interleukin inhibitors in lichen planus: therapeutic and paradoxical effects.,https://pubmed.ncbi.nlm.nih.gov/40794374/,dupilumab,,,3,no
40794522,pubmed,Predictive Factors for Poor Responders to Lebrikizumab in Real-World Treatment for Atopic Dermatitis: Transition of Clinical and Laboratory Indexes.,https://pubmed.ncbi.nlm.nih.gov/40794522/,lebrikizumab,,,3,no
40799158,pubmed,Efficacy and safety of lebrikizumab in atopic dermatitis over 24 weeks: An analysis from the BIOREP registry.,https://pubmed.ncbi.nlm.nih.gov/40799158/,lebrikizumab,,,1,si
40817988,pubmed,Clinical Characteristics of Super Responders to Anti-IL-4Rα Biologic Therapy in Atopic Dermatitis.,https://pubmed.ncbi.nlm.nih.gov/40817988/,dupilumab,,,5,no
40820589,pubmed,Upadacitinib dose adjustment in moderate-to-severe atopic dermatitis: insights from a multicenter real-world study.,https://pubmed.ncbi.nlm.nih.gov/40820589/,upadacitinib,,,1,no
40824158,pubmed,High Prevalence of Lash Collarettes in Patients with Atopic Dermatitis Treated with Dupilumab.,https://pubmed.ncbi.nlm.nih.gov/40824158/,dupilumab,,,1,no
40828954,pubmed,675. Nemolizumab for treating moderate to severe atopic dermatitis in people 12 years and over.,https://pubmed.ncbi.nlm.nih.gov/40828954/,nemolizumab,,,1,si
40831621,pubmed,"When topicals fall short, oral Janus kinase inhibitors offer a needed solution in chronic hand eczema.",https://pubmed.ncbi.nlm.nih.gov/40831621/,atopic_dermatitis,,,1,si
40831866,pubmed,The Role of Dupilumab in Atopic Dermatitis-Like Graft-Versus-Host Disease.,https://pubmed.ncbi.nlm.nih.gov/40831866/,dupilumab,,,3,no
40832875,pubmed,Baseline characteristics of atopic eczema patients enrolled in seven European registries united in the TREatment of ATopic eczema (TREAT) registry taskforce.,https://pubmed.ncbi.nlm.nih.gov/40832875/,dupilumab,,,8,si
40833352,pubmed,Use of Extended Dosing Intervals of Dupilumab in Treatment of Atopic Dermatitis: A Systematic Review and Meta-Analysis.,https://pubmed.ncbi.nlm.nih.gov/40833352/,dupilumab,,,4,no
40835132,pubmed,Decreased risk of reduced linear growth among children with atopic dermatitis receiving dupilumab: A cohort study.,https://pubmed.ncbi.nlm.nih.gov/40835132/,dupilumab,,,5,no
40836376,pubmed,"Incidence, Risk Factors, and Management of Conjunctivitis in Atopic Dermatitis Patients Treated With Dupilumab or Tralokinumab: Results From a Multicenter, Observational, Retrospective Study.",https://pubmed.ncbi.nlm.nih.gov/40836376/,dupilumab; tralokinumab,,,4,no
40843371,pubmed,"Exploring dupilumab for asthma: from mechanistic insights to clinical outcomes, safety, and cost-effectiveness.",https://pubmed.ncbi.nlm.nih.gov/40843371/,dupilumab,,,5,no
40850651,pubmed,Cutaneous Neuroanatomical and Cellular Response to Dupilumab Treatment in Atopic Dermatitis.,https://pubmed.ncbi.nlm.nih.gov/40850651/,dupilumab,,,4,no
40861471,pubmed,Comparative short-term efficacy of Janus kinase 1 inhibitors and anti-interleukin-13 antibodies in atopic dermatitis: a retrospective cohort analysis based on real-world data.,https://pubmed.ncbi.nlm.nih.gov/40861471/,tralokinumab; lebrikizumab; upadacitinib; abrocitinib,,,4,si
40862297,pubmed,"Treatment Satisfaction, Efficacy, and Safety of Delgocitinib Ointment Following Switch From Topical Corticosteroids for Trunk and Extremity Rash in Atopic Dermatitis.",https://pubmed.ncbi.nlm.nih.gov/40862297/,scout_delgocitinib_and_atopic_dermatitis,,,4,si
40862508,pubmed,Conjunctivitis secondary to novel systemic dermatologic agents: a growing concern.,https://pubmed.ncbi.nlm.nih.gov/40862508/,dupilumab; tralokinumab; upadacitinib,,,3,no
40864813,pubmed,Targeting Intracellular Pathways in Atopic Dermatitis with Small Molecule Therapeutics.,https://pubmed.ncbi.nlm.nih.gov/40864813/,dupilumab; tralokinumab; lebrikizumab; upadacitinib; baricitinib; abrocitinib; ruxolitinib; crisaborole; delgocitinib,,,4,si
40866217,pubmed,Collaborative Management Between Dermatologists and Pediatricians of a 3-Year-Old Boy with Atopic Dermatitis-Related Sleep Disturbance and Reduced Quality of Life Using Dupilumab: A Case Report.,https://pubmed.ncbi.nlm.nih.gov/40866217/,dupilumab,,,3,no
40869553,pubmed,Real-World Clinical Practice Evaluation of Tralokinumab in Atopic Dermatitis: A 52-Week Multi-Center Retrospective Study in the Basque Country.,https://pubmed.ncbi.nlm.nih.gov/40869553/,tralokinumab,,,2,si
40874800,pubmed,Reply to 'Delayed absorption and systemic variability of topical delgocitinib in Chronic Hand Eczema'.,https://pubmed.ncbi.nlm.nih.gov/40874800/,scout_delgocitinib_and_atopic_dermatitis,,,1,si
40875187,pubmed,"Safety Profile of Upadacitinib: Descriptive Analysis in Over 27,000 Patient-Years Across Rheumatoid Arthritis, Psoriatic Arthritis, Axial Spondyloarthritis, Atopic Dermatitis, and Inflammatory Bowel Disease.",https://pubmed.ncbi.nlm.nih.gov/40875187/,upadacitinib,,,5,si
40879371,pubmed,Safety of tralokinumab in patients with moderate-to-severe atopic dermatitis followed for up to 4.5 years: an integrated analysis of eight clinical trials.,https://pubmed.ncbi.nlm.nih.gov/40879371/,tralokinumab,,,5,si
40880757,pubmed,Recurrence and influencing factors of moderate-to-severe atopic dermatitis after dupilumab withdrawal: a retrospective cohort analysis.,https://pubmed.ncbi.nlm.nih.gov/40880757/,dupilumab,,,5,no
40884161,pubmed,Case Series: Scabies Complicating Dupilumab Therapy for Atopic Dermatitis.,https://pubmed.ncbi.nlm.nih.gov/40884161/,dupilumab,,,1,no
40885310,pubmed,Dupilumab for the Treatment of Cutaneous Graft-Versus-Host Disease: A Systematic Review and Individual Patient Data Meta-Analysis.,https://pubmed.ncbi.nlm.nih.gov/40885310/,dupilumab,,,4,no
40886831,pubmed,"Comments on ""Abrocitinib versus dupilumab: Impact on skin barrier function and proteomics in atopic dermatitis"".",https://pubmed.ncbi.nlm.nih.gov/40886831/,dupilumab; abrocitinib,,,1,no
40886833,pubmed,"Response to Bissonnette et al ""Dupilumab treatment restores lesional and nonlesional skin barrier function in adults and adolescents with atopic dermatitis irrespective of the filaggrin genotype: Results from an open-label, healthy-control-matched, phase 4 clinical study (BALISTAD)"".",https://pubmed.ncbi.nlm.nih.gov/40886833/,atopic_dermatitis,,,1,no
40886838,pubmed,"Response to: ""Response to Bissonnette et al. Dupilumab treatment restores lesional and nonlesional skin barrier function in adults and adolescents with atopic dermatitis irrespective of the filaggrin genotype: Results from an open-label, healthy control-matched, phase 4 clinical study (BALISTAD)"".",https://pubmed.ncbi.nlm.nih.gov/40886838/,atopic_dermatitis,,,1,no
40888535,pubmed,Effect of Dupilumab Therapy on Patch Test Results for Atopic Contact Dermatitis: A Systematic Review.,https://pubmed.ncbi.nlm.nih.gov/40888535/,dupilumab,,,1,no
40895395,pubmed,Atopic dermatitis associated with systemic tacrolimus: Case report and review.,https://pubmed.ncbi.nlm.nih.gov/40895395/,dupilumab,,,2,no
40895907,pubmed,Dupilumab-Induced Graves' Disease in an Adult With Chronic Rhinosinusitis and Nasal Polyposis.,https://pubmed.ncbi.nlm.nih.gov/40895907/,dupilumab,,,3,no
40898756,pubmed,Evaluating Outcomes of Live-Attenuated Vaccine Administration in Pediatric Patients on Dupilumab for Atopic Dermatitis.,https://pubmed.ncbi.nlm.nih.gov/40898756/,dupilumab,,,2,no
40899320,pubmed,Letter: Reduced Risk of Neurodevelopmental and Psychiatric Disorders With Dupilumab Use in Pediatric Atopic Dermatitis.,https://pubmed.ncbi.nlm.nih.gov/40899320/,dupilumab,,,1,no
40900410,pubmed,Efficacy and Safety of Upadacitinib in Patients With Moderate-to-Severe Atopic Dermatitis: Phase 3 Randomized Clinical Trial Results Through 140 Weeks.,https://pubmed.ncbi.nlm.nih.gov/40900410/,upadacitinib,,,5,si
40902654,pubmed,"Efficacy and safety of abrocitinib in elderly Chinese patients with moderate-to-severe atopic dermatitis: A single-center, retrospective study.",https://pubmed.ncbi.nlm.nih.gov/40902654/,atopic_dermatitis,,,1,no
40906354,pubmed,Network Meta-analysis of 1.5% Ruxolitinib Cream Versus Systemic Agents in the Treatment of Moderate Atopic Dermatitis.,https://pubmed.ncbi.nlm.nih.gov/40906354/,dupilumab; upadacitinib; abrocitinib; ruxolitinib,,,5,no
40907760,pubmed,Efficacy of abrocitinib in patients with moderate-to-severe head and neck dermatitis.,https://pubmed.ncbi.nlm.nih.gov/40907760/,abrocitinib,,,1,no
40916993,pubmed,Discontinuation Reasons and Drug Survival of Dupilumab in Real-World Adult Atopic Dermatitis Patients in Three Healthcare Facilities in Tokyo and Yokohama (2018-2023).,https://pubmed.ncbi.nlm.nih.gov/40916993/,dupilumab,,,4,no
40920033,pubmed,Real-world effectiveness of lebrikizumab on pruritus in moderate-to-severe atopic dermatitis: preliminary data from a single-centre real-life experience.,https://pubmed.ncbi.nlm.nih.gov/40920033/,lebrikizumab,,,1,no
40922723,pubmed,Upadacitinib Therapy in Adolescent Severe Alopecia Areata: A Case Series and Narrative Review.,https://pubmed.ncbi.nlm.nih.gov/40922723/,upadacitinib,,,3,no
40922830,pubmed,Cardiovascular Comorbidities in Atopic Dermatitis: A Case Report on the Impact of Dupilumab on Skin and Heart Function.,https://pubmed.ncbi.nlm.nih.gov/40922830/,dupilumab,,,1,no
40926537,pubmed,Development of a questionnaire for the detection of flares in atopic dermatitis treated with biologics and small molecules: a pilot study.,https://pubmed.ncbi.nlm.nih.gov/40926537/,dupilumab; tralokinumab; upadacitinib,,,4,no
40926538,pubmed,Clinical perspectives on prurigo nodularis: diagnostic challenges and novel treatment options.,https://pubmed.ncbi.nlm.nih.gov/40926538/,dupilumab; nemolizumab,,,3,no
40932280,pubmed,Baricitinib 2 mg/day as a Cost-conscious Entry Point to Systemic Therapy in Moderate-to-severe Atopic Dermatitis: Real-world Data from a Japanese Clinic.,https://pubmed.ncbi.nlm.nih.gov/40932280/,baricitinib,,,1,no
40933636,pubmed,A case series of dupilumab for vitiligo and alopecia areata in the setting of atopic dermatitis.,https://pubmed.ncbi.nlm.nih.gov/40933636/,dupilumab,,,1,si
40933957,pubmed,"In vitro potency and pharmacokinetics of APG777, a novel anti-IL-13 mAb.",https://pubmed.ncbi.nlm.nih.gov/40933957/,lebrikizumab,,,4,no
40939757,pubmed,Identification of disease-specific regulatory networks in prurigo nodularis versus atopic dermatitis through ATAC/RNA single-nucleus profiling.,https://pubmed.ncbi.nlm.nih.gov/40939757/,atopic_dermatitis,,,3,no
40939925,pubmed,Aberrant epidermal innervation in adults with atopic dermatitis is restored after dupilumab treatment.,https://pubmed.ncbi.nlm.nih.gov/40939925/,dupilumab,,,1,no
40944086,pubmed,The Use of JAK Inhibitors in Elderly Patients with Moderate-to-Severe Atopic Dermatitis: A Narrative Review of Clinical and Real-World Evidence.,https://pubmed.ncbi.nlm.nih.gov/40944086/,upadacitinib; baricitinib; abrocitinib,,,3,no
40944929,pubmed,Dupilumab-Associated Ocular Surface Disease in Patients with Atopic Dermatitis Is Frequent: A Nationwide Real-World Evidence Study.,https://pubmed.ncbi.nlm.nih.gov/40944929/,dupilumab,,,3,no
40948377,pubmed,Letter: Upadacitinib-Induced Amenorrhea: A Rare Adverse Effect in Atopic Dermatitis Treatment.,https://pubmed.ncbi.nlm.nih.gov/40948377/,upadacitinib,,,1,no
40948577,pubmed,Use of Dupilumab to Treat Cutaneous Complications of Continuous Prostacyclin Infusion in Pulmonary Hypertension: A Case Report and Review of Literature.,https://pubmed.ncbi.nlm.nih.gov/40948577/,dupilumab,,,2,no
40949149,pubmed,Dupilumab in patients with bullous pemphigoid and concomitant atopy.,https://pubmed.ncbi.nlm.nih.gov/40949149/,dupilumab; tralokinumab,,,3,no
40955031,pubmed,[Progress in the application of JAK inhibitors in atopic dermatitis].,https://pubmed.ncbi.nlm.nih.gov/40955031/,upadacitinib; abrocitinib,,,2,no
40955032,pubmed,[Progress in the application of dupilumab in pediatric dermatoses].,https://pubmed.ncbi.nlm.nih.gov/40955032/,dupilumab,,,3,no
40955300,pubmed,Upadacitinib Attenuates Lipopolysaccharide- and Cecal Ligation and Puncture-Induced Inflammatory Responses by Inhibiting NF-κB and Its Downstream Cytokines.,https://pubmed.ncbi.nlm.nih.gov/40955300/,upadacitinib,,,3,no
40958675,pubmed,Maintenance of Early Responses and Delayed Responses to Tralokinumab Treatment in Moderate-to-Severe Atopic Dermatitis: A 48-Week Real-World Study.,https://pubmed.ncbi.nlm.nih.gov/40958675/,tralokinumab,,,4,si
40959436,pubmed,A case report of eruptive pruritic papular porokeratosis with atopic dermatitis treated with upadacitinib: a novel therapeutic perspective.,https://pubmed.ncbi.nlm.nih.gov/40959436/,upadacitinib,,,3,no
40965184,pubmed,Rapid control of chronic spontaneous urticaria with dupilumab in a patient with severe atopic dermatitis.,https://pubmed.ncbi.nlm.nih.gov/40965184/,dupilumab,,,1,no
40971025,pubmed,Optimal Itch Response in Adults Treated with Dupilumab for Moderate-to-Severe Atopic Dermatitis.,https://pubmed.ncbi.nlm.nih.gov/40971025/,dupilumab,,,4,no
40971133,pubmed,Systemic Treatments in Moderate-to-Severe Atopic Dermatitis in Pediatric Patients up to 12 Years of Age: Real-World Treatment Outcomes from the PEDISTAD Registry.,https://pubmed.ncbi.nlm.nih.gov/40971133/,dupilumab,,,4,no
40974167,pubmed,Investigation of infection risk associated with Janus kinase inhibitors: a pharmacovigilance analysis using the Food and Drug Administration's Adverse Event Reporting System database.,https://pubmed.ncbi.nlm.nih.gov/40974167/,upadacitinib; baricitinib; abrocitinib,,,5,no
40981274,pubmed,"Safety and Effectiveness of Dupilumab in Atopic Dermatitis Patients with Hematologic Comorbidities: A Multicenter, Retrospective Study.",https://pubmed.ncbi.nlm.nih.gov/40981274/,dupilumab,,,5,no
40985295,pubmed,"Efficacy and safety of lebrikizumab in adult and adolescent patients with moderate-to-severe atopic dermatitis inadequately controlled with or ineligible for ciclosporin A: a placebo-controlled, randomized phase IIIb clinical study (ADvantage).",https://pubmed.ncbi.nlm.nih.gov/40985295/,lebrikizumab,,,6,si
40985307,pubmed,Previous ineligibility for or treatment failure of ciclosporin does not influence lebrikizumab efficacy in atopic dermatitis.,https://pubmed.ncbi.nlm.nih.gov/40985307/,lebrikizumab,,,1,no
40985485,pubmed,"Distinct Roles of IL-4, IL-13, and IL-22 in Human Skin Barrier Dysfunction and Atopic Dermatitis.",https://pubmed.ncbi.nlm.nih.gov/40985485/,dupilumab,,,4,si
40986238,pubmed,"Long-Term Effectiveness, Safety, and Predictive Factors of Tralokinumab Response in Adolescents with Atopic Dermatitis: Insights from a Real-World Multicenter Cohort.",https://pubmed.ncbi.nlm.nih.gov/40986238/,dupilumab; tralokinumab; upadacitinib,,,4,no
40987931,pubmed,Do Allergic Comorbidities Alter the Efficacy and Safety of Abrocitinib or Dupilumab in Patients with Moderate-to-Severe Atopic Dermatitis?,https://pubmed.ncbi.nlm.nih.gov/40987931/,dupilumab; abrocitinib,,,5,si
40990093,pubmed,"Biologics to Treat Atopic Dermatitis: Effectiveness, Safety, and Future Directions.",https://pubmed.ncbi.nlm.nih.gov/40990093/,dupilumab; tralokinumab; lebrikizumab; nemolizumab,,,3,no
40992399,pubmed,A Review of the Long-Term Safety and Efficacy of Upadacitinib in the Treatment of Atopic Dermatitis.,https://pubmed.ncbi.nlm.nih.gov/40992399/,upadacitinib,,,1,no
40993471,pubmed,"The Safety Data of Dupilumab for the Treatment of Moderate‑to‑Severe Atopic Dermatitis in Infants, Children, Adolescents, and Adults.",https://pubmed.ncbi.nlm.nih.gov/40993471/,dupilumab,,,5,si
40995476,pubmed,"Corrigendum to ""Effectiveness and Safety of Abrocitinib in Patients with Moderate-to-Severe Atopic Dermatitis: A Systematic Review and Meta-Analysis of Randomized Clinical Trials"".",https://pubmed.ncbi.nlm.nih.gov/40995476/,abrocitinib,,,1,no
40999478,pubmed,Mesenchymal stem cell-derived extracellular vesicles exert Th1-mediated anti-inflammatory effects via miR-146a/NF-κB pathway: comparison with dupilumab in a mouse model of atopic dermatitis.,https://pubmed.ncbi.nlm.nih.gov/40999478/,dupilumab,,,4,no
41001391,pubmed,Dupilumab relieves pruritus both in uremic pruritus and in atopic dermatitis with chronic kidney disease: a retrospective real-world study.,https://pubmed.ncbi.nlm.nih.gov/41001391/,dupilumab,,,3,no
41021843,pubmed,[Dupilumab for the Management of Moderate-to-Severe Atopic Dermatitis in Pediatric Patients in Chile: A Series of 10 Clinical Cases].,https://pubmed.ncbi.nlm.nih.gov/41021843/,dupilumab,,,3,no
41023527,pubmed,Quantitative Evaluation of Nemolizumab Pharmacokinetics and Efficacy in Prurigo Nodularis: A Population Pharmacokinetics and Model-Based Meta-analysis Approach.,https://pubmed.ncbi.nlm.nih.gov/41023527/,dupilumab; nemolizumab,,,4,si
41024670,pubmed,Reply to Hagino et al.: 'Importance of Upadacitinib dose escalation prior to switch to lebrikizumab'.,https://pubmed.ncbi.nlm.nih.gov/41024670/,lebrikizumab; upadacitinib,,,1,si
41025570,pubmed,Drug-Induced Periocular and Ocular Surface Disorders: An EAACI Position Paper.,https://pubmed.ncbi.nlm.nih.gov/41025570/,dupilumab,,,3,no
41025643,pubmed,A new era in atopic dermatitis treatment and evolving therapeutic strategies.,https://pubmed.ncbi.nlm.nih.gov/41025643/,dupilumab,,,2,si
41032398,pubmed,"Association between CD200 molecule expression on B lymphocytes and levels of specific IgE against molecular components of storage mites, animals and molds in atopic dermatitis patients.",https://pubmed.ncbi.nlm.nih.gov/41032398/,dupilumab,,,3,no
41032493,pubmed,"Skin conditions in older adults: prevalence, burden and community-based management.",https://pubmed.ncbi.nlm.nih.gov/41032493/,dupilumab,,,3,no
41037533,pubmed,"Real-World Dupilumab Persistence in United States Children, Adolescents, and Adults With Atopic Dermatitis Over 24 Months.",https://pubmed.ncbi.nlm.nih.gov/41037533/,dupilumab,,,3,no
41039888,pubmed,Safety and Effectiveness Profile of Dupilumab in the Treatment of Atopic Dermatitis in Special Populations.,https://pubmed.ncbi.nlm.nih.gov/41039888/,dupilumab,,,2,no
41040012,pubmed,Efficacy and Predictors of Low-Dose Abrocitinib in Chinese Adults with Moderate-to-Severe Atopic Dermatitis: A Prospective Study.,https://pubmed.ncbi.nlm.nih.gov/41040012/,abrocitinib,,,4,no
41041873,pubmed,Upadacitinib is efficacious in reducing the alexithymic trait in adult patients with moderate-to-severe atopic dermatitis: a prospective multicenter real-life study.,https://pubmed.ncbi.nlm.nih.gov/41041873/,dupilumab; upadacitinib,,,3,no
41055300,pubmed,"Dupilumab in Children Under 6 Years With Moderate-to-Severe Atopic Dermatitis: A 16-Week Real-World Prospective Study on Efficacy, Safety, and Local-Systemic Immune Responses.",https://pubmed.ncbi.nlm.nih.gov/41055300/,dupilumab,,,4,no
41059397,pubmed,Case Report: Rare Dupilumab-Associated Pulmonary and Extrapulmonary Tuberculosis.,https://pubmed.ncbi.nlm.nih.gov/41059397/,dupilumab,,,2,no
41060490,pubmed,Dermatologic Comorbidities Associated with Atopic Dermatitis Towards a Shared Therapeutical Approach: A Narrative Review.,https://pubmed.ncbi.nlm.nih.gov/41060490/,dupilumab,,,3,no
41060674,pubmed,Delgocitinib cream (Anzupgo) for chronic hand eczema.,https://pubmed.ncbi.nlm.nih.gov/41060674/,scout_delgocitinib_and_atopic_dermatitis,,,1,si
41061123,pubmed,The use of dupilumab in difficult-to-treat areas of atopic dermatitis: lessons from real-world studies.,https://pubmed.ncbi.nlm.nih.gov/41061123/,dupilumab,,,4,si
41063533,pubmed,Effective response to high-frequency and prolonged dupilumab therapy in severe refractory bullous pemphigoid: A case study.,https://pubmed.ncbi.nlm.nih.gov/41063533/,dupilumab,,,3,no
41064313,pubmed,Acute Mood Episodes in Patients of Atopic Dermatitis Treated with Dupilumab: Insights from two Cases.,https://pubmed.ncbi.nlm.nih.gov/41064313/,dupilumab,,,3,no
41070324,pubmed,Clinical efficacy of Dupilumab in the treatment of moderate to severe Atopic Dermatitis and Type-II Inflammation-Related comorbidities: A real-world study.,https://pubmed.ncbi.nlm.nih.gov/41070324/,dupilumab,,,3,no
41071522,pubmed,"Effectiveness, Safety, and Health-Related Quality of Life in Moderate-to-Severe Atopic Dermatitis Treated with Lebrikizumab: A 16-Week Nationwide Retrospective Cohort Study.",https://pubmed.ncbi.nlm.nih.gov/41071522/,lebrikizumab,,,6,si
41078411,pubmed,Use of dupilumab in eczematous eruptions following hematopoietic cell transplantation.,https://pubmed.ncbi.nlm.nih.gov/41078411/,dupilumab,,,1,no
41080260,pubmed,Real-World Evidence Demonstrating Nemolizumab's Rapid Efficacy in Recalcitrant Uremic Pruritus.,https://pubmed.ncbi.nlm.nih.gov/41080260/,nemolizumab,,,3,si
41080583,pubmed,Dupilumab treatment for Chinese Nagashima-type palmoplantar keratoderma associated with atopic dermatitis: a case report.,https://pubmed.ncbi.nlm.nih.gov/41080583/,dupilumab,,,2,no
41081535,pubmed,Safety and efficacy of nemolizumab for atopic dermatitis up to 2 years in open-label extension study.,https://pubmed.ncbi.nlm.nih.gov/41081535/,nemolizumab,,,4,si
41084301,pubmed,Letter: Real-World 48-Week Outcomes of Tralokinumab Treatment for Prurigo Nodularis-Like Atopic Dermatitis: A Japanese Retrospective Study.,https://pubmed.ncbi.nlm.nih.gov/41084301/,tralokinumab,,,1,si
41088593,pubmed,Long-term real-world effectiveness and safety of dupilumab: A retrospective observational study from a Korean tertiary hospital.,https://pubmed.ncbi.nlm.nih.gov/41088593/,dupilumab,,,3,no
41099236,pubmed,Psoriasiform eruption induced by dupilumab successfully treated with upadacitinib.,https://pubmed.ncbi.nlm.nih.gov/41099236/,dupilumab; upadacitinib,,,2,no
41099301,pubmed,Clinical Outcomes of Tralokinumab and Lebrikizumab in Japanese Atopic Dermatitis Patients With Persistent Head and Neck Dermatitis After Long-Term Treatment With Dupilumab: A Single-Center Retrospective Study.,https://pubmed.ncbi.nlm.nih.gov/41099301/,dupilumab; tralokinumab; lebrikizumab,,,1,no
41102077,pubmed,Long-term efficacy and safety of dupilumab with concomitant topical corticosteroids in Japanese pediatric patients with moderate-to-severe atopic dermatitis: Results from a phase 3 open-label extension study.,https://pubmed.ncbi.nlm.nih.gov/41102077/,dupilumab,,,4,no
41102518,pubmed,Cost-Per-Responder Analysis for Tralokinumab and Dupilumab in Combination with Topical Corticosteroids in Patients with Moderate-To-Severe Atopic Dermatitis.,https://pubmed.ncbi.nlm.nih.gov/41102518/,dupilumab; tralokinumab,,,4,si
41103002,pubmed,Phenotypic Switch From Atopic Dermatitis to Psoriasis During Dupilumab Therapy: A Real-Life Experience From a Tertiary Referral Center.,https://pubmed.ncbi.nlm.nih.gov/41103002/,dupilumab,,,1,si
41110687,pubmed,"Impact of drug-drug interaction of JAK inhibitors, CYP enzyme inhibitors and OAT3 inhibitors on persistence and infection rates in patients with autoimmune rheumatic diseases.",https://pubmed.ncbi.nlm.nih.gov/41110687/,baricitinib,,,4,no
41111453,pubmed,Nemolizumab for the treatment of atopic dermatitis.,https://pubmed.ncbi.nlm.nih.gov/41111453/,nemolizumab,,,3,si
41118053,pubmed,Efficacy and Safety of Tralokinumab Across Racial Subgroups in Adults with Moderate-to-Severe Atopic Dermatitis: Post Hoc Analysis of Phase III Trials.,https://pubmed.ncbi.nlm.nih.gov/41118053/,tralokinumab,,,5,si
41128136,pubmed,Netherton syndrome: effect on ichthyosis linearis circumflexa with dupilumab.,https://pubmed.ncbi.nlm.nih.gov/41128136/,dupilumab,,,2,no
41131441,pubmed,Anchored Matching-Adjusted Indirect Comparison of the Long-Term Maintenance of Efficacy of Tralokinumab and Lebrikizumab in Patients with Moderate-to-Severe Atopic Dermatitis.,https://pubmed.ncbi.nlm.nih.gov/41131441/,tralokinumab; lebrikizumab,,,5,si
41131453,pubmed,Off-label use of upadacitinib in dermatology: a review.,https://pubmed.ncbi.nlm.nih.gov/41131453/,upadacitinib,,,2,si
41136093,pubmed,The Mechanisms of Immunoglobulin E Sensitizations in Atopic Dermatitis.,https://pubmed.ncbi.nlm.nih.gov/41136093/,atopic_dermatitis,,,2,si
41142057,pubmed,Allergy and dermatology US treatment guidelines review for adults with atopic dermatitis.,https://pubmed.ncbi.nlm.nih.gov/41142057/,dupilumab; tralokinumab; upadacitinib; baricitinib; abrocitinib; ruxolitinib; crisaborole,,,4,no
41143227,pubmed,Nemolizumab-induced psoriasiform dermatitis.,https://pubmed.ncbi.nlm.nih.gov/41143227/,nemolizumab,,,1,si
41146883,pubmed,The Value of Patient-Reported Questionnaires in Detecting Ocular Surface Manifestations in Dupilumab Therapy: A Case-Control Study.,https://pubmed.ncbi.nlm.nih.gov/41146883/,dupilumab,,,4,no
41155460,pubmed,IL-31/33 Axis in Atopic Dermatitis.,https://pubmed.ncbi.nlm.nih.gov/41155460/,nemolizumab,,,3,si
41155917,pubmed,Drug Utilization and Medication Adherence: A Data-Driven Analysis of Drugs with Different Routes of Administration Applied in Atopic Dermatitis.,https://pubmed.ncbi.nlm.nih.gov/41155917/,dupilumab,,,4,no
41160040,pubmed,Risk of Dyslipidemia Associated With Oral Janus Kinase Inhibitors: A Systematic Review and Meta-Analysis of Randomized Placebo-Controlled Trials.,https://pubmed.ncbi.nlm.nih.gov/41160040/,upadacitinib; baricitinib,,,4,si
41163262,pubmed,Facial Rash Events in Dupilumab Phase 3 Atopic Dermatitis Trials: A Pooled Analysis.,https://pubmed.ncbi.nlm.nih.gov/41163262/,dupilumab,,,2,no
41164098,pubmed,Lebrikizumab for atopic dermatitis.,https://pubmed.ncbi.nlm.nih.gov/41164098/,lebrikizumab,,,1,no
41164897,pubmed,Sex- and Age-Related Variations in Symptoms and Signs of Dupilumab-Associated Ocular Surface Diseases in Colombian Patients.,https://pubmed.ncbi.nlm.nih.gov/41164897/,dupilumab,,,3,no
41167262,pubmed,Psoriasis and seronegative spondyloarthropathy in patients with atopic dermatitis treated with dupilumab or tralokinumab: a multicentre observational study.,https://pubmed.ncbi.nlm.nih.gov/41167262/,dupilumab; tralokinumab; upadacitinib,,,4,no
41171785,pubmed,The role of interleukin-13 in the management of atopic dermatitis: an expert consensus panel.,https://pubmed.ncbi.nlm.nih.gov/41171785/,atopic_dermatitis,,,3,no
41171800,pubmed,Dupilumab treatment for pruritus-associated cutaneous sarcoidosis.,https://pubmed.ncbi.nlm.nih.gov/41171800/,dupilumab,,,2,no
41171808,pubmed,How Janus kinase selectivity impacts efficacy and safety of abrocitinib for atopic dermatitis: an expert consensus panel.,https://pubmed.ncbi.nlm.nih.gov/41171808/,abrocitinib,,,3,no
41173425,pubmed,International multicenter case series of gestational dupilumab exposure in the treatment of atopic dermatitis: Maternal complications and fetal outcomes.,https://pubmed.ncbi.nlm.nih.gov/41173425/,dupilumab,,,2,no
41173429,pubmed,JAAD Game Changer: Dupilumab therapy for atopic dermatitis is associated with increased risk of cutaneous T cell lymphoma: A retrospective cohort study.,https://pubmed.ncbi.nlm.nih.gov/41173429/,dupilumab,,,1,no
41178404,pubmed,Label and off-label treatment of dermatological diseases with JAK and TYK inhibitors.,https://pubmed.ncbi.nlm.nih.gov/41178404/,upadacitinib; baricitinib; abrocitinib; ruxolitinib,,,3,si
41178654,pubmed,"Netherton Syndrome: A Case-Based Review of Diagnosis, Management, and Emerging Treatments.",https://pubmed.ncbi.nlm.nih.gov/41178654/,dupilumab,,,3,no
41181501,pubmed,FDA approval of EBGLYSS™ (lebrikizumab-lbkz) to treat moderate-to-severe atopic dermatitis in adults and children aged 12 and older.,https://pubmed.ncbi.nlm.nih.gov/41181501/,lebrikizumab,,,2,no
41181864,pubmed,"Baricitinib for adult atopic dermatitis: real-world effectiveness, safety, and response predictors.",https://pubmed.ncbi.nlm.nih.gov/41181864/,baricitinib,,,4,si
41189248,pubmed,The efficacy and safety of upadacitinib in atopic dermatitis: A systematic review and meta-analysis.,https://pubmed.ncbi.nlm.nih.gov/41189248/,dupilumab; upadacitinib,,,4,no
41189516,pubmed,Letter: Cost-per-Responder Analysis of Tralokinumab Versus Dupilumab for Moderate-to-Severe Atopic Dermatitis Across Universal Health Care Systems.,https://pubmed.ncbi.nlm.nih.gov/41189516/,dupilumab; tralokinumab,,,1,no
41190054,pubmed,Managing Atopic Dermatitis with Dupilumab in Special Populations: A Case Series Study.,https://pubmed.ncbi.nlm.nih.gov/41190054/,dupilumab,,,3,no
41191016,pubmed,Dupilumab Rapidly Reduces IgE and Eosinophil Values in Kimura Disease: Sustained Remission Achieved.,https://pubmed.ncbi.nlm.nih.gov/41191016/,dupilumab,,,3,no
41194686,pubmed,Real-world outcomes of dupilumab therapy in moderate-to-severe atopic dermatitis patients: an observational retrospective study in Gulf countries.,https://pubmed.ncbi.nlm.nih.gov/41194686/,dupilumab,,,3,no
41206702,pubmed,Lebrikizumab provides stable skin response with no or minimal fluctuations for up to 2 years in patients with atopic dermatitis.,https://pubmed.ncbi.nlm.nih.gov/41206702/,lebrikizumab,,,4,si
41207389,pubmed,Five-year real-world drug survival of dupilumab in patients with atopic dermatitis: A multicenter retrospective study.,https://pubmed.ncbi.nlm.nih.gov/41207389/,dupilumab,,,1,no
41210306,pubmed,Case Report: Dupilumab combined with allergen-specific immunotherapy in severe atopic dermatitis and asthma.,https://pubmed.ncbi.nlm.nih.gov/41210306/,dupilumab,,,4,no
41212510,pubmed,A Population Pharmacokinetic and Exposure-Response Analysis for Baricitinib in Pediatric Patients with Atopic Dermatitis.,https://pubmed.ncbi.nlm.nih.gov/41212510/,baricitinib,,,4,si
41217071,pubmed,Efficacy of up to 4 years of tralokinumab in adults with moderate-to-severe atopic dermatitis.,https://pubmed.ncbi.nlm.nih.gov/41217071/,tralokinumab,,,4,no
41220199,pubmed,Nemolizumab Treatment for Severe Atopic Dermatitis Led to the Simultaneous Improvement of Coexisting Refractory Alopecia Areata: A Case Report.,https://pubmed.ncbi.nlm.nih.gov/41220199/,nemolizumab,,,1,si
41222135,pubmed,Successful Use of Tralokinumab in a Pediatric Patient With STAT3 Hyper-IgE Syndrome Following Dupilumab-Associated Conjunctivitis.,https://pubmed.ncbi.nlm.nih.gov/41222135/,dupilumab; tralokinumab,,,1,no
41226626,pubmed,Topical Ruxolitinib and Delgocitinib Versus Systemic JAK Inhibitors: A Comparative Safety Review.,https://pubmed.ncbi.nlm.nih.gov/41226626/,scout_delgocitinib_and_atopic_dermatitis,,,3,si
41226767,pubmed,In Silico Integrated Systems Biology Analysis of Gut-Derived Metabolites from Philippine Medicinal Plants Against Atopic Dermatitis.,https://pubmed.ncbi.nlm.nih.gov/41226767/,abrocitinib,,,4,no
41235218,pubmed,Mast cell-neuron axis as a core mechanism in chronic pruritus of atopic dermatitis: from mechanistic insights to therapeutic targets.,https://pubmed.ncbi.nlm.nih.gov/41235218/,nemolizumab,,,5,si
41238969,pubmed,Construction of genetically modified lactic acid bacteria producing an Anti-Interleukin-31 receptor A Single-chain variable fragment.,https://pubmed.ncbi.nlm.nih.gov/41238969/,nemolizumab,,,3,si
41239194,pubmed,"Efficacy and safety of baricitinib versus azathioprine, both combined with topical corticosteroids, in patients with moderate-to-severe atopic dermatitis: a single-centre randomized open-label trial.",https://pubmed.ncbi.nlm.nih.gov/41239194/,baricitinib,,,4,si
41239921,pubmed,Safety of upadacitinib in atopic dermatitis in randomized clinical trials across 6 years.,https://pubmed.ncbi.nlm.nih.gov/41239921/,upadacitinib,,,4,si
41239935,pubmed,Long-term IL-31RA inhibition and patient outcomes in atopic dermatitis.,https://pubmed.ncbi.nlm.nih.gov/41239935/,atopic_dermatitis,,,1,si
41240207,pubmed,Matching-Adjusted Indirect Comparison of the Efficacy of Delgocitinib Cream and Dupilumab in the Treatment of Moderate to Severe Atopic Hand Eczema.,https://pubmed.ncbi.nlm.nih.gov/41240207/,dupilumab; delgocitinib,,,5,si
41247178,pubmed,"Successful Dose Reduction of Janus-kinase Inhibitors in Well-controlled Atopic Dermatitis: A Prospective, Multicentre, Real-world Study.",https://pubmed.ncbi.nlm.nih.gov/41247178/,upadacitinib; abrocitinib,,,3,no
41248766,pubmed,Risk of pediatric infections following dupilumab treatment for atopic dermatitis: A TriNetX cohort study.,https://pubmed.ncbi.nlm.nih.gov/41248766/,dupilumab,,,1,no
41248845,pubmed,Basophils in atopic dermatitis: Immunologic roles and clinical implications.,https://pubmed.ncbi.nlm.nih.gov/41248845/,dupilumab; tralokinumab; nemolizumab,,,3,si
41251331,pubmed,Geographic Differences in Dupilumab Treatment Outcomes for Atopic Dermatitis: A Systematic Review and Meta-Regression Analysis.,https://pubmed.ncbi.nlm.nih.gov/41251331/,dupilumab,,,3,no
41253388,pubmed,Disproportionality Analysis of Nemolizumab in Patients with Atopic Dermatitis: A Real-World Pharmacovigilance Study.,https://pubmed.ncbi.nlm.nih.gov/41253388/,nemolizumab,,,3,si
41255603,pubmed,Association between oral JAK-1 inhibitors and infection risks in atopic dermatitis: a retrospective analysis of the FAERS database.,https://pubmed.ncbi.nlm.nih.gov/41255603/,upadacitinib; abrocitinib,,,3,no
41256070,pubmed,Baricitinib in the treatment of atopic dermatitis: a systematic review of randomized controlled trials.,https://pubmed.ncbi.nlm.nih.gov/41256070/,baricitinib,,,4,si
41256336,pubmed,Tralokinumab for moderate-to-severe atopic dermatitis: A viable option for dupilumab nonresponders.,https://pubmed.ncbi.nlm.nih.gov/41256336/,dupilumab; tralokinumab,,,1,no
41257120,pubmed,Treatment-Resistant Eosinophilic Spongiosis Dermatitis in a Patient With Various Comorbidities: A Case Report.,https://pubmed.ncbi.nlm.nih.gov/41257120/,dupilumab,,,4,no
41258746,pubmed,"Short-term Abrocitinib Combined with Medicated Topical Therapy Provides Rapid Improvement in Pruritus in Elderly Patients with Moderate-to-severe Atopic Dermatitis: A Retrospective, Observational Real-world Study.",https://pubmed.ncbi.nlm.nih.gov/41258746/,abrocitinib,,,3,no
41261990,pubmed,Post-Hematopoietic Stem Cell Transplantation Eczematous Dermatitis Spectrum Successfully Treated With Dupilumab: A Case Series and Review of the Literature.,https://pubmed.ncbi.nlm.nih.gov/41261990/,dupilumab,,,4,no
41262267,pubmed,Successful Treatment of Severe Pediatric Atopic Dermatitis with Upadacitinib.,https://pubmed.ncbi.nlm.nih.gov/41262267/,upadacitinib,,,1,no
41262785,pubmed,Systemic Therapies for Moderate-to-Severe Atopic Dermatitis in Children and Adolescents: A Systematic Review.,https://pubmed.ncbi.nlm.nih.gov/41262785/,dupilumab; tralokinumab; upadacitinib; abrocitinib,,,4,no
41269446,pubmed,Clinical characteristics and management of dupilumab-associated ocular surface disease in Japan.,https://pubmed.ncbi.nlm.nih.gov/41269446/,dupilumab,,,4,no
41272364,pubmed,"Dupilumab Reduces Pruritus in Clinically Distinct Dermatologic Diseases: Data from Clinical Trials on Atopic Dermatitis, Prurigo Nodularis, and Chronic Spontaneous Urticaria.",https://pubmed.ncbi.nlm.nih.gov/41272364/,dupilumab,,,5,no
41273031,pubmed,Efficacy and safety of nemolizumab in paediatric atopic dermatitis: A 24-week real-world case series.,https://pubmed.ncbi.nlm.nih.gov/41273031/,nemolizumab,,,1,si
41277505,pubmed,Comparative Efficacy of Monotherapies for Chronic Hand Eczema: A Network Meta-Analysis Study.,https://pubmed.ncbi.nlm.nih.gov/41277505/,scout_delgocitinib_and_atopic_dermatitis,,,4,si
41287445,pubmed,Reassuring evidence on infection risk with dupilumab in atopic dermatitis: Lessons from real-world evidence.,https://pubmed.ncbi.nlm.nih.gov/41287445/,dupilumab,,,1,no
41288926,pubmed,Use of Ruxolitinib Cream Results in Economic Benefits Compared with Dupilumab in Treatment of Patients with Atopic Dermatitis Meeting Severity Thresholds for Systemic Therapy.,https://pubmed.ncbi.nlm.nih.gov/41288926/,dupilumab; ruxolitinib,,,4,no
41291177,pubmed,Pan-JAK Inhibition Across Chronic Hand Eczema and Other Cutaneous Diseases: An Updated Review on Topical Delgocitinib.,https://pubmed.ncbi.nlm.nih.gov/41291177/,scout_delgocitinib_and_atopic_dermatitis,,,4,si
41293323,pubmed,Abrocitinib for Head and Neck Dermatitis: Case Series and Literature Review.,https://pubmed.ncbi.nlm.nih.gov/41293323/,dupilumab; upadacitinib; baricitinib; abrocitinib,,,3,si
41295217,pubmed,Transitioning from Cyclosporine to Tralokinumab in Moderate-to-Severe Atopic Dermatitis: A Prospective Real-World Comparison of Direct Switch vs. Short Overlap.,https://pubmed.ncbi.nlm.nih.gov/41295217/,tralokinumab,,,5,no
41296263,pubmed,"Real-World Evidence of Effectiveness and Safety of Abrocitinib, Baricitinib and Upadacitinib in Atopic Dermatitis: A Systematic Review and Meta-Analysis.",https://pubmed.ncbi.nlm.nih.gov/41296263/,upadacitinib; baricitinib; abrocitinib,,,6,si
41297379,pubmed,How to choose a biologic agent considering comorbidities of bronchial asthma.,https://pubmed.ncbi.nlm.nih.gov/41297379/,dupilumab,,,3,no
41301837,pubmed,JAK1 Signaling Is Involved in the Induction of Mechanical Alloknesis in Atopic Dermatitis.,https://pubmed.ncbi.nlm.nih.gov/41301837/,baricitinib; abrocitinib,,,3,si
41303888,pubmed,Infection Risk in Dermatology Patients Receiving Next-Generation Medication: A Meta-Analysis of JAK Inhibitors and Biologics.,https://pubmed.ncbi.nlm.nih.gov/41303888/,dupilumab,,,3,no
41306112,pubmed,"Maintained improvement of outcomes related to skin clearance, itch, sleep and quality of life with baricitinib in adults with moderate-to-severe Atopic Dermatitis who were treated for up to 200 weeks in a randomized trial.",https://pubmed.ncbi.nlm.nih.gov/41306112/,baricitinib,,,3,si
41310412,pubmed,Real-World Effectiveness and Safety of Lebrikizumab in Moderate-to-Severe Atopic Dermatitis: A Multicenter Study From Spain.,https://pubmed.ncbi.nlm.nih.gov/41310412/,lebrikizumab,,,1,no
41312325,pubmed,Large Eczema Area and Severity Index response at 2-year follow-up of patients treated with dupilumab in routine care of atopic dermatitis: results from the national registry TREATgermany.,https://pubmed.ncbi.nlm.nih.gov/41312325/,dupilumab,,,2,no
41312680,pubmed,Postauricular Skin Mycobiome Profiles in Atopic Dermatitis Treated With Dupilumab or Cyclosporine A: A Descriptive Case Series.,https://pubmed.ncbi.nlm.nih.gov/41312680/,dupilumab,,,3,no
41313134,pubmed,Efficacy and Safety Evaluation of Different Lebrikizumab Dosages in Atopic Dermatitis Patients Over 16 to 24 Weeks: A BIOREP Registry Analysis.,https://pubmed.ncbi.nlm.nih.gov/41313134/,lebrikizumab,,,1,si
41320020,pubmed,"Nemolizumab With Concomitant Topical Therapy in Adolescents and Adults With Moderate-to-Severe Atopic Dermatitis (ARCADIA 1 and ARCADIA 2): Results From Two Replicate, Double-Blind, Randomized Controlled Phase 3 Trials.",https://pubmed.ncbi.nlm.nih.gov/41320020/,nemolizumab,,,1,si
41324996,pubmed,Current treatment landscape of atopic dermatitis focusing on real-world evidence of dupilumab treatment.,https://pubmed.ncbi.nlm.nih.gov/41324996/,dupilumab,,,4,no
41331718,pubmed,Proposal of Phenotypic Patterns in Facial Atopic Dermatitis: A Single-Center Retrospective Analysis of 100 Cases.,https://pubmed.ncbi.nlm.nih.gov/41331718/,dupilumab,,,3,no
41335331,pubmed,Efficacy of Lebrikizumab on Pruritus: A Narrative Review.,https://pubmed.ncbi.nlm.nih.gov/41335331/,lebrikizumab,,,2,no
41342123,pubmed,Response to Letter to the Editor from Dr. Paul et al.,https://pubmed.ncbi.nlm.nih.gov/41342123/,nemolizumab,,,1,si
41346302,pubmed,Efficacy and Safety of All Monoclonal Antibodies in Moderate-to-Severe Atopic Dermatitis: A Systematic Review and Network Meta-Analysis.,https://pubmed.ncbi.nlm.nih.gov/41346302/,dupilumab,,,4,no
41348396,pubmed,Atopic Dermatitis Successfully Treated with Lebrikizumab in Real-World Clinical Practice in Czech Republic: A Case Series.,https://pubmed.ncbi.nlm.nih.gov/41348396/,lebrikizumab,,,3,no
41349685,pubmed,Tralokinumab Effectiveness in Moderate-to-severe Atopic Dermatitis With Palmoplantar Eczema.,https://pubmed.ncbi.nlm.nih.gov/41349685/,tralokinumab,,,1,no
41349726,pubmed,Dupilumab response in children and adolescents with atopic dermatitis across racial and ethnic groups: A retrospective cohort study.,https://pubmed.ncbi.nlm.nih.gov/41349726/,dupilumab,,,1,no
41350756,pubmed,Dupilumab step-down strategy to maintain remission in adult and adolescent patients with atopic dermatitis: study protocol for a non-inferiority randomized trial (MADULO).,https://pubmed.ncbi.nlm.nih.gov/41350756/,dupilumab,,,6,no
41351749,pubmed,Lebrikizumab for the Treatment of Moderate to Severe Atopic Eczema: Real-World Experience from a Tertiary Centre.,https://pubmed.ncbi.nlm.nih.gov/41351749/,dupilumab; tralokinumab; lebrikizumab,,,3,si
41357247,pubmed,Dupilumab for atopic manifestations in pediatric patients with inborn errors of immunity: efficacy and safety in a genetically diverse cohort.,https://pubmed.ncbi.nlm.nih.gov/41357247/,dupilumab,,,5,no
41357518,pubmed,Comprehensive proteome profiling of molecular endotypes in Japanese adults with moderate-to-severe atopic dermatitis.,https://pubmed.ncbi.nlm.nih.gov/41357518/,baricitinib,,,3,si
41365846,pubmed,Development of a PsA-like presentation under anti-IL-13 therapy with tralokinumab for atopic dermatitis.,https://pubmed.ncbi.nlm.nih.gov/41365846/,dupilumab; tralokinumab,,,3,si
41368041,pubmed,Co-existence of chronic spontaneous urticaria with atopic dermatitis: clinical and immunological perspectives.,https://pubmed.ncbi.nlm.nih.gov/41368041/,dupilumab,,,3,no
41369176,pubmed,Beyond events per 100 patient-years: Interpreting 6-year upadacitinib safety in atopic dermatitis.,https://pubmed.ncbi.nlm.nih.gov/41369176/,upadacitinib,,,1,si
41377118,pubmed,Paradoxical lichenoid drug eruption following dupilumab use for atopic dermatitis: A case report.,https://pubmed.ncbi.nlm.nih.gov/41377118/,dupilumab,,,1,no
41377285,pubmed,Delgocitinib in dermatology: a topical pan-JAK inhibitor for chronic hand eczema and atopic dermatitis.,https://pubmed.ncbi.nlm.nih.gov/41377285/,scout_delgocitinib_and_atopic_dermatitis,,,1,si
41386443,pubmed,Sustained Efficacy of a Short Course of Upadacitinib in Atopic Dermatitis.,https://pubmed.ncbi.nlm.nih.gov/41386443/,upadacitinib,,,1,no
41390943,pubmed,Head and neck atopic dermatitis: are Janus kinase inhibitors a game changer?,https://pubmed.ncbi.nlm.nih.gov/41390943/,baricitinib,,,1,si
41391702,pubmed,"Long-term Persistence, Safety and Efficacy Profile of Dupilumab in Atopic Dermatitis: A Real-world Retrospective Multicenter Study From Spain.",https://pubmed.ncbi.nlm.nih.gov/41391702/,dupilumab,,,4,no
41392588,pubmed,Cost per responder analysis of lebrikizumab versus tralokinumab in moderate to severe atopic dermatitis from a United States perspective.,https://pubmed.ncbi.nlm.nih.gov/41392588/,tralokinumab; lebrikizumab,,,3,si
41393061,pubmed,Dramatic clearance of extensive psoriasis in a pediatric patient treated with upadacitinib: A case report.,https://pubmed.ncbi.nlm.nih.gov/41393061/,upadacitinib,,,2,no
41393119,pubmed,Real-world efficacy and safety of dupilumab in the treatment of head and neck atopic dermatitis: a retrospective cohort study.,https://pubmed.ncbi.nlm.nih.gov/41393119/,dupilumab,,,3,no
41393577,pubmed,Dupilumab-Induced Myalgia and Enthesitis in a Pediatric Patient Treated for Severe Atopic Dermatitis.,https://pubmed.ncbi.nlm.nih.gov/41393577/,dupilumab,,,3,no
41398686,pubmed,A Real-World Retrospective Cohort Study on the Use of Dupilumab for Severe Atopic Dermatitis in Patients Aged 6 Months to 16 Years.,https://pubmed.ncbi.nlm.nih.gov/41398686/,dupilumab,,,3,no
41399674,pubmed,"Baseline expression levels of WNT8B, KRT2, and TTLL13P are associated with abrocitinib response in atopic dermatitis.",https://pubmed.ncbi.nlm.nih.gov/41399674/,atopic_dermatitis,,,1,no
41401055,pubmed,Rapid improvement of itch with nemolizumab in atopic dermatitis and prurigo nodularis phase 3 studies.,https://pubmed.ncbi.nlm.nih.gov/41401055/,nemolizumab,,,4,si
41403263,pubmed,Efficacy and Safety of Abrocitinib in an Elderly Chinese Population with Moderate-to-Severe Atopic Dermatitis: A Non-randomized Controlled Trial.,https://pubmed.ncbi.nlm.nih.gov/41403263/,dupilumab; abrocitinib,,,3,no
41408860,pubmed,Long-Term Effectiveness of Dupilumab in Moderate-to-Severe Atopic Dermatitis Across Different Body Regions in Extended Dosing-Interval Regimens: A Real-World Chinese Study.,https://pubmed.ncbi.nlm.nih.gov/41408860/,dupilumab,,,3,no
41410194,pubmed,Clinical and Molecular Effect of the Anti-IL-18 Antibody Aletekitug in Adults With Atopic Dermatitis.,https://pubmed.ncbi.nlm.nih.gov/41410194/,dupilumab,,,4,no
41413320,pubmed,Tailoring Abrocitinib Treatment for Moderate-to-Severe Atopic Dermatitis to Patient Disease Course: A Narrative Review.,https://pubmed.ncbi.nlm.nih.gov/41413320/,abrocitinib,,,3,no
41415831,pubmed,Latest Research Hot Spots of Atopic Dermatitis Management Using Janus Kinase Inhibitor: A Bibliometric Analysis and Visualized Review.,https://pubmed.ncbi.nlm.nih.gov/41415831/,upadacitinib; baricitinib; abrocitinib,,,4,si
41416230,pubmed,Nemolizumab Demonstrates Marked Efficacy in Challenging Chronic Pruritus: A Real-world Multicenter Case Series.,https://pubmed.ncbi.nlm.nih.gov/41416230/,nemolizumab,,,4,si
41416232,pubmed,Clindamycin Phosphate 1.2%/Adapalene 0.15%/Benzoyl Peroxide 3.1% to Treat Acne Induced by Janus Kinase Inhibitor Treatment: A Case Report.,https://pubmed.ncbi.nlm.nih.gov/41416232/,dupilumab; upadacitinib,,,3,no
41420589,pubmed,[Experience in switching monoclonal antibodies in a patient with severe refractory atopic dermatitis: from Dupilumab to Abrocitinib. Case report].,https://pubmed.ncbi.nlm.nih.gov/41420589/,dupilumab; abrocitinib,,,4,no
41420795,pubmed,Short-Term Efficacy of Lebrikizumab Versus Dupilumab in Combination with Topical Corticosteroids in Adults with Moderate-to-Severe Atopic Dermatitis: Matching-Adjusted Indirect Comparison.,https://pubmed.ncbi.nlm.nih.gov/41420795/,dupilumab; lebrikizumab,,,5,si
41431707,pubmed,"Real-World Assessment of Dupilumab in Chinese Atopic Dermatitis Patients: Efficacy, Safety, and Impact of Comorbidities.",https://pubmed.ncbi.nlm.nih.gov/41431707/,dupilumab,,,4,no
41435984,pubmed,Lebrikizumab is efficacious in adults and adolescents with moderate-to-severe atopic dermatitis regardless of atopic comorbidities.,https://pubmed.ncbi.nlm.nih.gov/41435984/,lebrikizumab,,,5,si
41440493,pubmed,"Head and Neck Dermatitis in Atopic Dermatitis: A Narrative Review of Pathogenesis, Clinical Challenges, and Therapeutic Strategies.",https://pubmed.ncbi.nlm.nih.gov/41440493/,dupilumab; tralokinumab; lebrikizumab; upadacitinib,,,3,si
41444371,pubmed,JAK-1 inhibitors in the management of atopic dermatitis in patients over 65 years old: a descriptive cohort study.,https://pubmed.ncbi.nlm.nih.gov/41444371/,upadacitinib; abrocitinib,,,3,no
41446716,pubmed,"Reaching for the Stars in Atopic Dermatitis: Efficacy, Safety, Tolerability, Accessibility, and Remission/Remittive Effects (ESTAR).",https://pubmed.ncbi.nlm.nih.gov/41446716/,atopic_dermatitis,,,2,no
41448402,pubmed,Sympathetic nerve dysfunction exacerbates skin inflammation in atopic dermatitis.,https://pubmed.ncbi.nlm.nih.gov/41448402/,dupilumab,,,4,no
41450135,pubmed,Lebrikizumab-lbkz for the Treatment of Atopic Dermatitis: A Drug Review.,https://pubmed.ncbi.nlm.nih.gov/41450135/,dupilumab; tralokinumab; lebrikizumab,,,4,si
41454520,pubmed,Efficacy and Safety of Abrocitinib and Dupilumab in the Treatment of Moderate-to-Severe Atopic Dermatitis.,https://pubmed.ncbi.nlm.nih.gov/41454520/,dupilumab; abrocitinib,,,4,no
41457434,pubmed,"Dual Dupilumab and Omalizumab Therapy in Atopic Dermatitis, Chronic Spontaneous Urticaria and Asthma: Real-World Experience From an Eight-Patient Case Series.",https://pubmed.ncbi.nlm.nih.gov/41457434/,atopic_dermatitis,,,1,no
41458354,pubmed,Targeting the IL-4/IL-4R Axis in Th2 Inflammatory Diseases: A Review of Clinical Efficacy and Safety.,https://pubmed.ncbi.nlm.nih.gov/41458354/,dupilumab,,,4,no
41458638,pubmed,Clinical Outcomes of Dupilumab-Associated Ocular Surface Disease in the Paediatric Population.,https://pubmed.ncbi.nlm.nih.gov/41458638/,dupilumab,,,4,no
41460564,pubmed,"A Response to ""Letter to the Editor Regarding 'Dupilumab Versus Lebrikizumab Demonstrates Greater Likelihood of Achieving and Maintaining Improvements in Efficacy Outcomes Using a Placebo-Adjusted Indirect Treatment Comparison'"".",https://pubmed.ncbi.nlm.nih.gov/41460564/,dupilumab; lebrikizumab,,,1,no
41461536,pubmed,Streamlining Pediatric Atopic Dermatitis Care Across Inuit Nunangat: Cost Savings and In-Community IL-4/IL-13 Biologic Treatment Initiation.,https://pubmed.ncbi.nlm.nih.gov/41461536/,atopic_dermatitis,,,1,no
41462779,pubmed,Retrospective Study of Severe Atopic Disease in Young Children (0-5 Years) Managed with Dupilumab Highlights Significant Comorbidities.,https://pubmed.ncbi.nlm.nih.gov/41462779/,dupilumab,,,4,no
41464561,pubmed,"Real-World, Single-Center Analysis of Cutaneous Adverse Events with Nemolizumab: Toward Safer and More Effective Use.",https://pubmed.ncbi.nlm.nih.gov/41464561/,nemolizumab,,,3,si
41466122,pubmed,Dupilumab treatment in children aged 6 months to 5 years with severe atopic dermatitis.,https://pubmed.ncbi.nlm.nih.gov/41466122/,dupilumab,,,4,no
41466898,pubmed,Impaired Human Papillomavirus (HPV) Clearance in a Patient on Upadacitinib for Atopic Dermatitis: A Case of Refractory Genital Warts Resolved After Drug Withdrawal.,https://pubmed.ncbi.nlm.nih.gov/41466898/,upadacitinib,,,4,no
41478500,pubmed,Long-term dupilumab efficacy and safety in moderate-to-severe atopic dermatitis: A real-world single-center retrospective study.,https://pubmed.ncbi.nlm.nih.gov/41478500/,dupilumab,,,3,si
41481132,pubmed,The molecular mechanism of the adverse effects of the biological and small molecular drugs in the therapy of inflammatory skin diseases - psoriasis and atopic dermatitis.,https://pubmed.ncbi.nlm.nih.gov/41481132/,atopic_dermatitis,,,3,no
41482273,pubmed,Identifying Patient Sentiment in Atopic Dermatitis Treatment: Large Language Model Approach.,https://pubmed.ncbi.nlm.nih.gov/41482273/,atopic_dermatitis,,,1,si
41486954,pubmed,From signal to strategy: a disproportionality analysis of dupilumab-associated rosacea in FAERS with a summary of reported clinical cases.,https://pubmed.ncbi.nlm.nih.gov/41486954/,dupilumab; lebrikizumab; upadacitinib,,,5,no
41489176,pubmed,"Long-Term, Site-Specific Effectiveness of Tralokinumab in Atopic Dermatitis: A 72-Week Real-World Study.",https://pubmed.ncbi.nlm.nih.gov/41489176/,tralokinumab,,,2,si
41489415,pubmed,Upadacitinib Leads in Efficacy: A Bayesian Network Meta-Analysis of Four JAK Inhibitors in Moderate-To-Severe Atopic Dermatitis.,https://pubmed.ncbi.nlm.nih.gov/41489415/,upadacitinib; baricitinib; abrocitinib,,,4,si
41491444,pubmed,Clinical Trial Eligibility in Atopic Dermatitis: Data from a Large Real-World International Cohort.,https://pubmed.ncbi.nlm.nih.gov/41491444/,dupilumab; tralokinumab; upadacitinib; baricitinib; abrocitinib,,,5,si
41497942,pubmed,Parallel Inhibition of Interleukin 4 (IL-4)/Interleukin 13 (IL-13) and Janus Kinase 1 (JAK1) in Atopic Dermatitis: Beyond the Traditional Biologic Paradigm.,https://pubmed.ncbi.nlm.nih.gov/41497942/,dupilumab; abrocitinib,,,2,no
41503869,pubmed,Dose-dependent effectiveness and patient-reported outcomes with JAK1 inhibitors in atopic dermatitis: a 36-week multicenter real-world cohort.,https://pubmed.ncbi.nlm.nih.gov/41503869/,upadacitinib; abrocitinib,,,3,no
41504136,pubmed,Nemolizumab for chronic pruritus beyond atopic dermatitis and prurigo nodularis: a systematic review and synthesis of emerging evidence.,https://pubmed.ncbi.nlm.nih.gov/41504136/,nemolizumab,,,4,si
41508895,pubmed,"Successful treatment with upadacitinib in concurrent atopic dermatitis, Crohn's disease, alopecia areata, and eosinophilic gastropathy in a pediatric patient.",https://pubmed.ncbi.nlm.nih.gov/41508895/,upadacitinib,,,2,no
41512585,pubmed,[Hand eczema: comprehensive management and therapeutic perspectives in primary care].,https://pubmed.ncbi.nlm.nih.gov/41512585/,scout_delgocitinib_and_atopic_dermatitis,,,3,si
41517611,pubmed,Examining the Unanswered Questions in TSW: A Case Series of 16 Patients and Review of the Literature.,https://pubmed.ncbi.nlm.nih.gov/41517611/,dupilumab,,,4,no
41518320,pubmed,"Upadacitinib in dermatology: A systematic review of mechanism, current applications, efficacy, safety, and emerging evidence.",https://pubmed.ncbi.nlm.nih.gov/41518320/,upadacitinib,,,2,no
41525295,pubmed,Real-world effectiveness and safety of tralokinumab therapy in moderate-to-severe atopic dermatitis: insights from the TREATgermany registry.,https://pubmed.ncbi.nlm.nih.gov/41525295/,tralokinumab,,,1,si
41526778,pubmed,Retrospective Analysis of Lebrikizumab in the Management of Atopic Dermatitis: Insights from Real-World Practice.,https://pubmed.ncbi.nlm.nih.gov/41526778/,lebrikizumab,,,3,si
41531105,pubmed,Minimal Disease Activity as A New Therapeutic Target in Atopic Dermatitis: A 5-Year Real-Life Experience With Dupilumab.,https://pubmed.ncbi.nlm.nih.gov/41531105/,dupilumab,,,3,no
41531377,pubmed,Reduced immunoglobulin requirement after dupilumab for atopic dermatitis in trichohepatoenteric syndrome.,https://pubmed.ncbi.nlm.nih.gov/41531377/,dupilumab,,,1,no
41533220,pubmed,Switching from Dupilumab to Upadacitinib in Adults and Adolescents with Moderate-to-Severe Atopic Dermatitis After Inadequate Response to Dupilumab: Efficacy and Safety Results from Period 2 of Phase 3b/4 Study (LEVEL UP).,https://pubmed.ncbi.nlm.nih.gov/41533220/,dupilumab; upadacitinib,,,5,si
41535410,pubmed,Unmasking an ocular risk: keratoconus in atopic dermatitis patients treated with dupilumab.,https://pubmed.ncbi.nlm.nih.gov/41535410/,dupilumab,,,1,no
41539329,pubmed,Model-informed drug development to support nemolizumab clinical development in adults and adolescents with moderate to severe atopic dermatitis.,https://pubmed.ncbi.nlm.nih.gov/41539329/,nemolizumab,,,3,si
41540729,pubmed,"Eosinophilia, atopic dermatitis, and dupilumab: A potentially dangerous liaison?",https://pubmed.ncbi.nlm.nih.gov/41540729/,dupilumab,,,1,no
41542312,pubmed,Lebrikizumab-induced psoriasis in a patient with atopic dermatitis.,https://pubmed.ncbi.nlm.nih.gov/41542312/,lebrikizumab,,,1,si
41549349,pubmed,A Case of Multiple Recalcitrant Verruca Vulgaris Associated With Atopic Dermatitis Successfully Treated With Nemolizumab and Topical Imiquimod.,https://pubmed.ncbi.nlm.nih.gov/41549349/,nemolizumab,,,1,si
41550682,pubmed,Retrospective analysis of the efficacy and safety of 100 mg abrocitinib in patients with moderate to severe atopic dermatitis: Real-world study.,https://pubmed.ncbi.nlm.nih.gov/41550682/,dupilumab; abrocitinib,,,4,si
41552152,pubmed,Sepsis in a Patient With Atopic Dermatitis Following Upadacitinib Discontinuation.,https://pubmed.ncbi.nlm.nih.gov/41552152/,upadacitinib,,,2,no
41553700,pubmed,"Lebrikizumab Improves Clinical Manifestations, Symptoms, and Quality of Life in Patients with Moderate-to-Severe Atopic Dermatitis Previously Treated with Dupilumab: Results from the ADapt Study.",https://pubmed.ncbi.nlm.nih.gov/41553700/,dupilumab; lebrikizumab,,,4,si
41553701,pubmed,Comparing the Efficacy and Safety of Nemolizumab Versus Anti-interleukin Monoclonal Antibody Therapies in Combination with Topical Treatments for Moderate-to-Severe Atopic Dermatitis Using Network Meta-analysis.,https://pubmed.ncbi.nlm.nih.gov/41553701/,lebrikizumab; nemolizumab,,,5,si
41556641,pubmed,Cost-utility and budget impact analysis of dupilumab and oral Janus kinase (JAK) inhibitors for treating moderate-to-severe atopic dermatitis in Taiwan.,https://pubmed.ncbi.nlm.nih.gov/41556641/,dupilumab; upadacitinib; baricitinib; abrocitinib,,,4,si
41561197,pubmed,Real-world effectiveness and safety of lebrikizumab maintenance dosing every 4 weeks starting at week 4 after 2 loading doses in Japanese patients with atopic dermatitis.,https://pubmed.ncbi.nlm.nih.gov/41561197/,lebrikizumab,,,1,si
41562046,pubmed,Influencing factor analysis and prediction model construction of dupilumab treatment adherence: a prospective cohort study in moderate-to-severe atopic dermatitis.,https://pubmed.ncbi.nlm.nih.gov/41562046/,dupilumab,,,3,no
41563707,pubmed,Dupilumab Treatment Up to 5 Years Shows No Clinically Meaningful Changes in Laboratory Parameters in Adults with Moderate-to-Severe Atopic Dermatitis.,https://pubmed.ncbi.nlm.nih.gov/41563707/,dupilumab,,,4,no
41574792,pubmed,Diagnostic Implications of Dupilumab-Refractory Atopic Dermatitis: Risk of Underlying Cutaneous T-Cell Lymphoma and the Role of Skin Biopsy.,https://pubmed.ncbi.nlm.nih.gov/41574792/,dupilumab,,,1,no
41577662,pubmed,The E3 ligases Itch and WWP2 regulate autoimmune neuroinflammation by controlling T(H)2 to T(H)17 cell conversion via interleukin-4-STAT5 axis in mice.,https://pubmed.ncbi.nlm.nih.gov/41577662/,dupilumab,,,3,no
41585823,pubmed,Topical Tofacitinib for Atopic Dermatitis - Outcomes from Randomized Phase 3 Clinical Trial: First Approval.,https://pubmed.ncbi.nlm.nih.gov/41585823/,upadacitinib; abrocitinib; ruxolitinib,,,5,no
41591698,pubmed,Atopic Comorbidities and Topical Steroids in Early Childhood Atopic Dermatitis: Are We Missing a Piece of the Puzzle?,https://pubmed.ncbi.nlm.nih.gov/41591698/,dupilumab,,,3,no
41591740,pubmed,Long-Term Real-World Evaluation of Abrocitinib in Moderate-to-Severe Atopic Dermatitis Across a Diverse Patient Population in a Multi-site Hospital System.,https://pubmed.ncbi.nlm.nih.gov/41591740/,dupilumab; abrocitinib,,,5,no
41595738,pubmed,Dupilumab in Elderly Patients with Atopic Dermatitis-A Systematic Review and Meta-Analysis.,https://pubmed.ncbi.nlm.nih.gov/41595738/,dupilumab,,,3,no
41597476,pubmed,JAK-Inhibitors Beyond the Label: Emerging Applications in Dermatology.,https://pubmed.ncbi.nlm.nih.gov/41597476/,upadacitinib; baricitinib; abrocitinib,,,4,si
41608924,pubmed,Clinical outcome of alopecia areata in patients with atopic dermatitis treated with dupilumab combined with topical immunotherapy: a case series.,https://pubmed.ncbi.nlm.nih.gov/41608924/,dupilumab,,,3,no
41609895,pubmed,Novel Therapeutic Strategies for Atopic Dermatitis: Biomarker Modulation and Clinical Implications. A Systematic Review.,https://pubmed.ncbi.nlm.nih.gov/41609895/,dupilumab; tralokinumab,,,4,si
41610843,pubmed,The neuroimmune axis: Integrating two systems to decipher itch.,https://pubmed.ncbi.nlm.nih.gov/41610843/,atopic_dermatitis,,,2,no
41611123,pubmed,Dupilumab treatment restores epithelial barrier in nonlesional and lesional skin in children with atopic dermatitis.,https://pubmed.ncbi.nlm.nih.gov/41611123/,dupilumab,,,3,no
41611262,pubmed,Real-World Experience of Dupilumab in Children and Adolescents With Atopic Dermatitis in Argentina.,https://pubmed.ncbi.nlm.nih.gov/41611262/,dupilumab,,,3,no
41618061,pubmed,Efficacy and safety of treatments for atopic dermatitis: a model based meta-analysis of randomized controlled trials.,https://pubmed.ncbi.nlm.nih.gov/41618061/,dupilumab; upadacitinib; baricitinib; abrocitinib; ruxolitinib,,,5,si
41619222,pubmed,Biomarkers for therapeutic response and adverse outcomes in atopic dermatitis: A systematic review.,https://pubmed.ncbi.nlm.nih.gov/41619222/,dupilumab,,,4,si
41619248,pubmed,Severity bands for atopic dermatitis measures: Analysis from adult dupilumab randomized clinical trials.,https://pubmed.ncbi.nlm.nih.gov/41619248/,dupilumab,,,5,no
41626198,pubmed,Case Series: Combination of dupilumab and omalizumab as a way to reduce dupilumab-associated adverse events in severe atopic dermatitis.,https://pubmed.ncbi.nlm.nih.gov/41626198/,dupilumab,,,3,no
41630213,pubmed,A study on the incremental value of soothing moisturizing repairing cream on dupilumab in children with severe atopic dermatitis.,https://pubmed.ncbi.nlm.nih.gov/41630213/,dupilumab,,,3,no
41635230,pubmed,Biologic Treatments in Adolescents With Moderate-to-Severe Atopic Dermatitis: A Systematic Literature Review and Network Meta-analysis.,https://pubmed.ncbi.nlm.nih.gov/41635230/,dupilumab; tralokinumab; lebrikizumab,,,4,si
41640480,pubmed,Dupilumab-induced generalized pustular psoriasis in a Chinese woman with atopic dermatitis.,https://pubmed.ncbi.nlm.nih.gov/41640480/,dupilumab,,,1,no
41640813,pubmed,Commentary: Immunogenicity of dupilumab in adult and pediatric patients with atopic dermatitis.,https://pubmed.ncbi.nlm.nih.gov/41640813/,dupilumab,,,1,no
41641262,pubmed,Dupilumab treatment is not associated with changes in lymphoma risk in atopic dermatitis and other type 2 inflammatory diseases: data from a large-scale retrospective cohort study.,https://pubmed.ncbi.nlm.nih.gov/41641262/,dupilumab,,,3,no
41641664,pubmed,IL-4/IL-13 targeted biologics in atopic dermatitis: is their use safe in oncologic patients?,https://pubmed.ncbi.nlm.nih.gov/41641664/,lebrikizumab; tralokinumab,,,1,si
41642140,pubmed,Real-World Effectiveness of Lebrikizumab for the Prurigo Nodularis-Like Phenotype of Atopic Dermatitis: A One-Year Retrospective Study.,https://pubmed.ncbi.nlm.nih.gov/41642140/,lebrikizumab,,,1,si
41642443,pubmed,Exploring the impact of IL-2 cytokine family on skin barrier function: pathophysiology and therapeutic strategies.,https://pubmed.ncbi.nlm.nih.gov/41642443/,dupilumab,,,5,no
41642555,pubmed,Long-Term Safety and Efficacy of Tralokinumab in Patients with Moderate-to-Severe Atopic Dermatitis Treated for up to 6 Years: Final Results from the Open-Label Extension Trial ECZTEND.,https://pubmed.ncbi.nlm.nih.gov/41642555/,tralokinumab,,,4,si
41645692,pubmed,Upadacitinib as a potential option for the management of paradoxical eczema induced by interleukin-23 inhibitors.,https://pubmed.ncbi.nlm.nih.gov/41645692/,upadacitinib,,,2,no
41648094,pubmed,Venous Thromboembolism Risk in Patients with Atopic Dermatitis Treated with Abrocitinib: A Review of Female Patients on Oral Contraception and Nicotine Exposure From the JADE Clinical Trial Program.,https://pubmed.ncbi.nlm.nih.gov/41648094/,abrocitinib,,,4,no
41648097,pubmed,"Clinical Management of Dupilumab-related Conjunctivitis, Erythema, and Arthralgia in Atopic Dermatitis: Evidence From Two Cases Treated with Nemolizumab.",https://pubmed.ncbi.nlm.nih.gov/41648097/,dupilumab; nemolizumab,,,2,si
41649146,pubmed,The Patient Journey: From Diagnosis to Therapeutic Management of Chronic Hand Eczema.,https://pubmed.ncbi.nlm.nih.gov/41649146/,scout_delgocitinib_and_atopic_dermatitis,,,3,si
41649180,pubmed,Sustainability of Early Responses and Achievement of Delayed Responses to Lebrikizumab in Atopic Dermatitis: A 48-Week Japanese Real-World Study.,https://pubmed.ncbi.nlm.nih.gov/41649180/,lebrikizumab,,,4,si
41649700,pubmed,Correction: Retrospective Analysis of Lebrikizumab in the Management of Atopic Dermatitis: Insights from Real-World Practice.,https://pubmed.ncbi.nlm.nih.gov/41649700/,lebrikizumab,,,1,si
41649792,pubmed,Real-World Use of Dupilumab in Atopic Dermatitis: Observational Study Results Linked to SNDS.,https://pubmed.ncbi.nlm.nih.gov/41649792/,dupilumab,,,4,no
41652607,pubmed,Risk assessment of asthma and allergic rhinitis in atopic dermatitis patients treated with biologics and JAK inhibitors: a systematic review and network meta-analysis of randomized controlled trials.,https://pubmed.ncbi.nlm.nih.gov/41652607/,dupilumab; tralokinumab; nemolizumab; abrocitinib,,,5,si
41655105,pubmed,Standardising the diagnosis and management of atopic dermatitis in India: A consensus statement by the modified Delphi method by IADVL Special Interest Group of Pediatric Dermatology (STAND AD).,https://pubmed.ncbi.nlm.nih.gov/41655105/,dupilumab; abrocitinib; crisaborole,,,5,si
41670214,pubmed,Effectiveness of Anti-IL-13 Antibodies on Head and Neck Lesions in Atopic Dermatitis: 48-Week Outcomes by Lebrikizumab and Tralokinumab.,https://pubmed.ncbi.nlm.nih.gov/41670214/,tralokinumab; lebrikizumab,,,3,si
41670770,pubmed,"Real-World Characteristics, Treatment Patterns, and Outcomes in Adult Patients Receiving Abrocitinib for Atopic Dermatitis in China: Interim Analysis from the AHEAD Registry.",https://pubmed.ncbi.nlm.nih.gov/41670770/,abrocitinib,,,4,si
41673463,pubmed,Major depressive disorder shares systemic immune signatures and potential therapeutic targets with inflammatory skin diseases.,https://pubmed.ncbi.nlm.nih.gov/41673463/,dupilumab,,,4,no
41674211,pubmed,Maintenance management after dupilumab discontinuation in moderate-to-severe atopic dermatitis: a comparative study of proactive intermittent tacrolimus and reactive rescue therapy.,https://pubmed.ncbi.nlm.nih.gov/41674211/,dupilumab,,,3,no
41682798,pubmed,Older Patients with Atopic Dermatitis Show More Pronounced Early Clinical Improvement with Tralokinumab: A Single-Center Retrospective Real-World Study.,https://pubmed.ncbi.nlm.nih.gov/41682798/,tralokinumab,,,4,si
41688025,pubmed,"Response to Chen et al., ""Dupilumab, atopic dermatitis, and linear growth: navigating beyond association to mechanism and intervention"".",https://pubmed.ncbi.nlm.nih.gov/41688025/,atopic_dermatitis,,,1,no
41688027,pubmed,"Dupilumab, atopic dermatitis, and linear growth: Navigating beyond association to mechanism and intervention.",https://pubmed.ncbi.nlm.nih.gov/41688027/,atopic_dermatitis,,,1,no
41693602,pubmed,Seventy-Two-Week Real-World Outcomes of Tralokinumab Treatment for Moderate-To-Severe Atopic Dermatitis: Analyses Stratified by Baseline Rash and Itch Severity.,https://pubmed.ncbi.nlm.nih.gov/41693602/,tralokinumab,,,3,si
41694663,pubmed,Dupilumab-Induced Immune Drift Phenomena in Atopic Dermatitis: Novel Insights into Mechanisms and Therapeutic Strategies.,https://pubmed.ncbi.nlm.nih.gov/41694663/,dupilumab,,,3,no
41700643,pubmed,Efficacy of abrocitinib and dupilumab in itch-dominant atopic dermatitis: An analysis of 2 trials.,https://pubmed.ncbi.nlm.nih.gov/41700643/,abrocitinib,,,1,si
41700667,pubmed,Letter: Tralokinumab Dose Spacing in Moderate-to-Severe Atopic Dermatitis: A Real-World Case Series.,https://pubmed.ncbi.nlm.nih.gov/41700667/,tralokinumab,,,1,si
41700696,pubmed,Janus Kinase Inhibitors' Effect on Patch Testing: A Systematic Review.,https://pubmed.ncbi.nlm.nih.gov/41700696/,upadacitinib; baricitinib; abrocitinib,,,3,si
41705342,pubmed,Integrated Clinical Trial and Molecular Profiling Reveals Immune Drivers of Chronic Hand Eczema.,https://pubmed.ncbi.nlm.nih.gov/41705342/,dupilumab,,,4,no
41707671,pubmed,Keratoconjunctivitis after Tralokinumab for Severe Atopic Dermatitis - A Case Report.,https://pubmed.ncbi.nlm.nih.gov/41707671/,tralokinumab,,,1,si
41710882,pubmed,Correction: Safety and efficacy of nemolizumab for patients with pruritus: a systematic review and meta-regression analysis of randomized controlled trial.,https://pubmed.ncbi.nlm.nih.gov/41710882/,nemolizumab,,,1,si
41716804,pubmed,Extended treatment of abrocitinib: evaluation of efficacy and safety in chronic actinic dermatitis.,https://pubmed.ncbi.nlm.nih.gov/41716804/,abrocitinib,,,3,si
41722866,pubmed,Comparative hazards of ocular surface disorders with interleukin-4/interleukin-13 versus interleukin-13 inhibitors in atopic dermatitis: A TriNetX database study.,https://pubmed.ncbi.nlm.nih.gov/41722866/,atopic_dermatitis,,,1,si
41723774,pubmed,"Upadacitinib for Atopic Dermatitis Involving Special and Sensitive Areas: Real-World Multicenter Outcomes in Hand, Head/Neck, and Genital Involvement.",https://pubmed.ncbi.nlm.nih.gov/41723774/,upadacitinib,,,4,no
41724439,pubmed,"Onset and depth of response with abrocitinib versus dupilumab in adults with moderate-to-severe atopic dermatitis, including prominent head-and-neck dermatitis: A post hoc analysis of the head-to-head phase 3 JADE DARE study.",https://pubmed.ncbi.nlm.nih.gov/41724439/,atopic_dermatitis,,,1,si
41729435,pubmed,Real-World Effectiveness and Safety of Abrocitinib in Patients with Atopic Dermatitis: A 16-Week Single-Center Retrospective Cohort Study Compared with Upadacitinib and Baricitinib.,https://pubmed.ncbi.nlm.nih.gov/41729435/,dupilumab; upadacitinib; baricitinib; abrocitinib,,,5,si
41729754,pubmed,Efficacy of Abrocitinib and Dupilumab in Adults with Moderate-to-Severe Atopic Dermatitis Using Treat-to-Target Goals Recommended by Experts in China.,https://pubmed.ncbi.nlm.nih.gov/41729754/,dupilumab; abrocitinib,,,4,si
41730179,pubmed,Comparison chart: Interleukin (IL) antagonists and oral JAK inhibitors for moderate to severe atopic dermatitis.,https://pubmed.ncbi.nlm.nih.gov/41730179/,atopic_dermatitis,,,1,si
41733816,pubmed,Minimal Disease Activity as a Therapeutic Goal in Atopic Dermatitis: Predictive Factors of Sustainability in a Multicenter Cohort.,https://pubmed.ncbi.nlm.nih.gov/41733816/,dupilumab; tralokinumab; upadacitinib,,,3,si
41738789,pubmed,Case Report Concerning a Varicella Zoster Virus Infection in a Six-year-old Child Receiving Dupilumab for Atopic Dermatitis.,https://pubmed.ncbi.nlm.nih.gov/41738789/,dupilumab,,,1,no
41743397,pubmed,Dupilumab for Atopic Dermatitis-Associated Nail Dystrophy: A Case Report.,https://pubmed.ncbi.nlm.nih.gov/41743397/,dupilumab,,,4,no
41748503,pubmed,Review of Herpes Zoster Occurrence in Patients With Atopic Dermatitis Treated With JAK Inhibitors.,https://pubmed.ncbi.nlm.nih.gov/41748503/,upadacitinib; baricitinib; abrocitinib,,,3,si
41751266,pubmed,Off-Label Treatment of Alopecia Areata-Retrospective Study.,https://pubmed.ncbi.nlm.nih.gov/41751266/,atopic_dermatitis,,,4,si
41753061,pubmed,Effectiveness and Safety of Dupilumab in Patients with Chronic Rhinosinusitis with Nasal Polyps and Associated T2 Comorbidities: One-Year Real Life Round.,https://pubmed.ncbi.nlm.nih.gov/41753061/,dupilumab,,,6,no
41753212,pubmed,Dupilumab-Related Hypereosinophilia in Patients Treated for Type 2 Diseases: Evidence from a 24-Month Prospective Real-Life Study.,https://pubmed.ncbi.nlm.nih.gov/41753212/,dupilumab,,,4,no
41753336,pubmed,"Dupilumab-Related Ocular Surface Disease in Atopic Dermatitis: Risk Stratification, Monitoring, and Persistence-Preserving Management.",https://pubmed.ncbi.nlm.nih.gov/41753336/,dupilumab,,,3,no
41766259,pubmed,Letter: Long-Term Safety and Effectiveness of Lebrikizumab Treatment for Moderate-to-Severe Atopic Dermatitis Stratified by Age Groups in Real-World Clinical Practice in Japan.,https://pubmed.ncbi.nlm.nih.gov/41766259/,lebrikizumab,,,1,si
41769853,pubmed,Decision-Making Factors for Systemic Therapies in Atopic Dermatitis: A Clinical Review.,https://pubmed.ncbi.nlm.nih.gov/41769853/,dupilumab; tralokinumab; lebrikizumab; nemolizumab; upadacitinib; baricitinib; abrocitinib,,,4,si
41773149,pubmed,Dupilumab-Associated Ocular Surface Disease in a Local Asian Chinese Population.,https://pubmed.ncbi.nlm.nih.gov/41773149/,dupilumab,,,3,no
41774324,pubmed,Mastering the Use of Systemic JAK Inhibitors for Atopic Dermatitis: A Dermatologist's Practical Guide.,https://pubmed.ncbi.nlm.nih.gov/41774324/,upadacitinib; baricitinib; abrocitinib,,,2,si
41779754,pubmed,From Bald to Bold: Reversal of Alopecia Totalis in an Adolescent Using Dupilumab Monotherapy.,https://pubmed.ncbi.nlm.nih.gov/41779754/,dupilumab,,,3,no
41780600,pubmed,A 144-week real-world outcomes of upadacitinib 30 mg for atopic dermatitis in poor responders to 15 mg.,https://pubmed.ncbi.nlm.nih.gov/41780600/,upadacitinib,,,1,no
41782873,pubmed,Nail dystrophy successfully treated with dupilumab in pediatric atopic dermatitis: case series and literature review.,https://pubmed.ncbi.nlm.nih.gov/41782873/,dupilumab,,,3,no
41790345,pubmed,"Long-Term Effectiveness and Safety of Abrocitinib in Patients with Atopic Dermatitis: A Real-World, Retrospective Study.",https://pubmed.ncbi.nlm.nih.gov/41790345/,abrocitinib,,,4,si
41800711,pubmed,"Comparative effectiveness and safety of phototherapy, cytotoxic agents, and biologics in adults with atopic dermatitis: real-world multicenter cohort data.",https://pubmed.ncbi.nlm.nih.gov/41800711/,dupilumab; upadacitinib,,,3,no
41804998,pubmed,Real-World Chinese Study of the Effectiveness and Safety of Switching From Dupilumab to Stapokibart in Patients With Moderate-to-Severe Atopic Dermatitis.,https://pubmed.ncbi.nlm.nih.gov/41804998/,dupilumab,,,2,no
41806270,pubmed,Effectiveness of Systemic Treatments for Atopic Dermatitis in the Head-and-Neck-Area: A Systematic Review and Meta-analysis.,https://pubmed.ncbi.nlm.nih.gov/41806270/,dupilumab; lebrikizumab; upadacitinib; baricitinib,,,5,si
41808822,pubmed,"The evaluation of the plasma levels of interleukin 17A, thymic stromal lymphopoietin, interferon gamma, tumor necrosis factor-alpha and interleukins IL-2, IL-6, IL-23, and IL-31 in atopic dermatitis patients with dupilumab treatment.",https://pubmed.ncbi.nlm.nih.gov/41808822/,dupilumab,,,5,no
41808830,pubmed,Investigating tralokinumab-related adverse events in treating atopic dermatitis: insights from the FAERS database.,https://pubmed.ncbi.nlm.nih.gov/41808830/,dupilumab; tralokinumab,,,4,si
41809919,pubmed,Atopic Comorbidities Associated With Chronic Spontaneous Urticaria: A Case-Control Analysis of the All of Us Research Program.,https://pubmed.ncbi.nlm.nih.gov/41809919/,dupilumab,,,4,no
41811426,pubmed,Advanced Topical Nonsteroidal Therapies for Atopic Dermatitis: Consensus Statements from an Expert Panel.,https://pubmed.ncbi.nlm.nih.gov/41811426/,scout_delgocitinib_and_atopic_dermatitis,,,4,si
41811631,pubmed,Effectiveness of Lebrikizumab Treatment for Patients with Atopic Dermatitis Switched from Dupilumab or Tralokinumab: A 48-Week Real-World Retrospective Study.,https://pubmed.ncbi.nlm.nih.gov/41811631/,lebrikizumab; tralokinumab,,,1,si
41812971,pubmed,Basophil activity in atopic dermatitis: Distinct immunomodulatory roles of dupilumab and abrocitinib.,https://pubmed.ncbi.nlm.nih.gov/41812971/,dupilumab; abrocitinib,,,3,si
41814601,pubmed,Real-world effectiveness and safety of dupilumab in children with atopic dermatitis: a Latin American single-center study.,https://pubmed.ncbi.nlm.nih.gov/41814601/,dupilumab,,,3,no
41814921,pubmed,Raising the bar of efficacy in Atopic Dermatitis: deep response in week 16 responders treated with lebrikizumab over 2 years.,https://pubmed.ncbi.nlm.nih.gov/41814921/,lebrikizumab,,,3,si
41814992,pubmed,Lebrikizumab off-therapy remission sustained up to 38 weeks in atopic dermatitis.,https://pubmed.ncbi.nlm.nih.gov/41814992/,lebrikizumab,,,2,si
41821352,pubmed,Cutaneous T-cell lymphomas and dupilumab for atopic dermatitis: A systematic review and expert consensus.,https://pubmed.ncbi.nlm.nih.gov/41821352/,dupilumab,,,5,no
41822476,pubmed,"Beneficial effects of upadacitinib on a subgroup of patients with atopic dermatitis and hidradenitis suppurativa: a multicenter, real-world retrospective study.",https://pubmed.ncbi.nlm.nih.gov/41822476/,upadacitinib,,,3,si
41823146,pubmed,Concordance Between Patient- and Physician-Reported Improvement With Dupilumab in Atopic Dermatitis.,https://pubmed.ncbi.nlm.nih.gov/41823146/,dupilumab,,,3,no
41827153,pubmed,Efficacy and Safety of Lebrikizumab in Adults with Moderate-to-Severe Atopic Dermatitis: A Systematic Review and Meta-Analysis.,https://pubmed.ncbi.nlm.nih.gov/41827153/,lebrikizumab,,,5,si
41830903,pubmed,Real-World Safety of JAK Inhibitors in Skin Immune-Mediated Inflammatory Diseases: Boxed Warning Outcomes from a Multinational Cohort Study.,https://pubmed.ncbi.nlm.nih.gov/41830903/,upadacitinib; baricitinib; abrocitinib,,,4,si
41831623,pubmed,IL-31 blockade elevates thymus and activation-regulated chemokine by lifting LAMP3(+)CD1c(+) mature dendritic cells from calcitonin gene-related peptide-calcitonin receptor-like neuroimmune suppression in atopic dermatitis.,https://pubmed.ncbi.nlm.nih.gov/41831623/,nemolizumab,,,4,si
41833921,pubmed,Infections and hospitalizations in adolescents with atopic dermatitis treated with oral Janus kinase inhibitors: A cohort study using TriNetX.,https://pubmed.ncbi.nlm.nih.gov/41833921/,atopic_dermatitis,,,1,si
41839012,pubmed,Development of Primary Cutaneous Anaplastic Large Cell Lymphoma Following Treatment With Upadacitinib for Atopic Dermatitis.,https://pubmed.ncbi.nlm.nih.gov/41839012/,upadacitinib,,,1,si
41841670,pubmed,Advances in the use of Janus kinase inhibitors.,https://pubmed.ncbi.nlm.nih.gov/41841670/,upadacitinib; baricitinib,,,6,si
41846824,pubmed,Inflammatory exacerbation of hepatic alveolar echinococcosis during dupilumab therapy: A case report.,https://pubmed.ncbi.nlm.nih.gov/41846824/,dupilumab,,,4,no
41853463,pubmed,Plasma proteomic profiles of patients with atopic dermatitis with moderate-to-severe pruritus treated with a single dose of nemolizumab.,https://pubmed.ncbi.nlm.nih.gov/41853463/,nemolizumab,,,3,si
41858312,pubmed,Lebrikizumab for adolescent atopic dermatitis: 24-week real-world outcomes from the Czech BIOREP registry.,https://pubmed.ncbi.nlm.nih.gov/41858312/,lebrikizumab,,,1,si
41858600,pubmed,Acquired Reactive Perforating Collagenosis Treated with Upadacitinib: A Case Report and Literature Review.,https://pubmed.ncbi.nlm.nih.gov/41858600/,upadacitinib,,,2,si
41859822,pubmed,Letter: Short-Term Effectiveness and Safety of Lebrikizumab in Moderate-to-Severe Atopic Dermatitis in Real-World Clinical Practice.,https://pubmed.ncbi.nlm.nih.gov/41859822/,lebrikizumab,,,1,si
41862987,pubmed,Multidisciplinary Delphi Consensus on management of children with moderate-severe atopic dermatitis.,https://pubmed.ncbi.nlm.nih.gov/41862987/,dupilumab,,,2,no
41866666,pubmed,Lebrikizumab After Multiple Prior Advanced Therapies in Moderate-To-Severe Atopic Dermatitis: A Real-World Case Series.,https://pubmed.ncbi.nlm.nih.gov/41866666/,lebrikizumab,,,1,si
41866894,pubmed,Comprehensive pharmacovigilance analysis of lebrikizumab: a real-world safety assessment based on the FDA Adverse Event Reporting System (FAERS) database.,https://pubmed.ncbi.nlm.nih.gov/41866894/,lebrikizumab,,,3,si
41868536,pubmed,Impact of Dupilumab on the Skin Microbiome in Children Aged 6-12 years with Moderate-to-Severe Atopic Dermatitis.,https://pubmed.ncbi.nlm.nih.gov/41868536/,dupilumab,,,3,no
41881104,pubmed,Dupilumab treatment for atopic dermatitis associated with reduced risk of alopecia areata: A multicenter cohort study.,https://pubmed.ncbi.nlm.nih.gov/41881104/,dupilumab,,,1,no
41883629,pubmed,Dupilumab for Chronic Spontaneous Urticaria with Comorbid Type 2 Inflammatory Conditions: Case Report and Systematic Review of the Literature.,https://pubmed.ncbi.nlm.nih.gov/41883629/,dupilumab,,,3,no
41884322,pubmed,Biologic Monotherapies for Moderate-to-Severe Atopic Dermatitis: A Systematic Review and Bayesian Network Meta-Analysis of Established and Investigational Agents.,https://pubmed.ncbi.nlm.nih.gov/41884322/,dupilumab; tralokinumab; lebrikizumab,,,7,si
41884725,pubmed,"Comprehensive Assessment of Symptoms, Comorbidities, and Treatment Response in Individuals with Atopic Dermatitis Treated at a Referral Centre between 2018 and 2022.",https://pubmed.ncbi.nlm.nih.gov/41884725/,dupilumab,,,4,no
41885167,pubmed,Upadacitinib in children under 12 years with dupilumab-refractory severe atopic dermatitis: a real-world case series.,https://pubmed.ncbi.nlm.nih.gov/41885167/,dupilumab; upadacitinib,,,2,si
41887576,pubmed,Response to lebrikizumab in atopic dermatitis patients who failed upadacitinib: 48-week real-world outcomes.,https://pubmed.ncbi.nlm.nih.gov/41887576/,lebrikizumab; upadacitinib,,,1,si
41891841,pubmed,Tralokinumab for the treatment of moderate-severe atopic dermatitis in patients with a history of cancer.,https://pubmed.ncbi.nlm.nih.gov/41891841/,tralokinumab,,,1,si
41895450,pubmed,Incidence of autoimmune diseases in children with atopy treated with dupilumab.,https://pubmed.ncbi.nlm.nih.gov/41895450/,dupilumab,,,4,no
41903018,pubmed,Real-World Effectiveness and Safety of Lebrikizumab in Adults and Adolescents with Moderate-to-Severe Atopic Dermatitis: A 52-Week Retrospective Italian Study Focusing on Head and Neck Involvement.,https://pubmed.ncbi.nlm.nih.gov/41903018/,lebrikizumab,,,5,si
41903092,pubmed,Safety and Efficacy of Treatment with Dupilumab for up to 2 Years in Infants and Young Children with Atopic Dermatitis.,https://pubmed.ncbi.nlm.nih.gov/41903092/,dupilumab,,,4,si
41903714,pubmed,Abrocitinib safety in geriatric patients: The need for a holistic assessment.,https://pubmed.ncbi.nlm.nih.gov/41903714/,abrocitinib,,,1,si
41903719,pubmed,"Response to Dr Turkmen ""Abrocitinib safety in geriatric patients: The need for a holistic assessment"".",https://pubmed.ncbi.nlm.nih.gov/41903719/,abrocitinib,,,1,si
41909532,pubmed,Real-World Experience with Upadacitinib in Patients with Atopic Dermatitis and Hidradenitis Suppurativa: A Dual-Center Case Series.,https://pubmed.ncbi.nlm.nih.gov/41909532/,upadacitinib,,,3,si
41909533,pubmed,Abrocitinib Treatment of Atopic Dermatitis or Eczema in Patients with Coexistent or Prior Psoriasis: Three Cases with Literature Review.,https://pubmed.ncbi.nlm.nih.gov/41909533/,upadacitinib; baricitinib; abrocitinib,,,4,si
41914420,pubmed,[A case report of Crohn's disease in a child treated with upadacitinib].,https://pubmed.ncbi.nlm.nih.gov/41914420/,upadacitinib,,,2,si
41919337,pubmed,Comparative efficacy of targeted systemic therapies for moderate-to-severe atopic dermatitis: a network meta-analysis of phase 3-4 randomized trials.,https://pubmed.ncbi.nlm.nih.gov/41919337/,dupilumab; upadacitinib,,,3,si
41923962,pubmed,Unexpected systemic sclerosis in a patient with atopic dermatitis receiving dupilumab: a novel case report.,https://pubmed.ncbi.nlm.nih.gov/41923962/,dupilumab,,,3,no
41926052,pubmed,Long-Term Safety and Efficacy of Dupilumab Treatment in Children Aged 6 Months to 5 Years with Severe Atopic Dermatitis.,https://pubmed.ncbi.nlm.nih.gov/41926052/,dupilumab,,,6,si
41933791,pubmed,Better early treatment response to dupilumab in intrinsic atopic dermatitis.,https://pubmed.ncbi.nlm.nih.gov/41933791/,dupilumab,,,1,no
41935810,pubmed,Design of binder proteins specific to IL-13.,https://pubmed.ncbi.nlm.nih.gov/41935810/,tralokinumab; lebrikizumab,,,3,si
41938994,pubmed,Association Between Biologic Therapy and Reduced Acute Rhinosinusitis Episodes: A Retrospective Database Study.,https://pubmed.ncbi.nlm.nih.gov/41938994/,dupilumab,,,3,no
41940565,pubmed,Tralokinumab for Chronic Hand Eczema: A 52 Week Observational Case Series.,https://pubmed.ncbi.nlm.nih.gov/41940565/,tralokinumab,,,3,si
41943859,pubmed,Dupilumab's Real-World Efficacy and Safety Across Age Groups for Children and Adolescents With Paediatric Atopic Dermatitis.,https://pubmed.ncbi.nlm.nih.gov/41943859/,dupilumab,,,4,no
41948252,pubmed,Efficacy of Dupilumab in Treating Trachyonychia and Other Nail Dystrophies: A Systematic Review of Case Reports.,https://pubmed.ncbi.nlm.nih.gov/41948252/,dupilumab,,,3,no
41948753,pubmed,Dupilumab for Trichothiodystrophy-Case Report and Review of the Literature.,https://pubmed.ncbi.nlm.nih.gov/41948753/,dupilumab,,,1,no
41949508,pubmed,Guidelines of care for the management of atopic dermatitis in pediatric patients.,https://pubmed.ncbi.nlm.nih.gov/41949508/,dupilumab; tralokinumab; lebrikizumab; nemolizumab; upadacitinib; baricitinib; abrocitinib; ruxolitinib; crisaborole,,,4,si
41951328,pubmed,New and Emerging Drug Reactions.,https://pubmed.ncbi.nlm.nih.gov/41951328/,dupilumab,,,1,no
41952559,pubmed,Relapse of Kimura's Disease After Discontinuation of Baricitinib and Rapid Response to Retreatment: A Follow-Up Case Report.,https://pubmed.ncbi.nlm.nih.gov/41952559/,baricitinib,,,1,si
41958110,pubmed,Letter: Cost-per-Responder Analysis of Tralokinumab Versus Dupilumab for Moderate-to-Severe Atopic Dermatitis Across Universal Health Care Systems.,https://pubmed.ncbi.nlm.nih.gov/41958110/,dupilumab; tralokinumab,,,1,si
41958569,pubmed,Case Report: Hypereosinophilic syndrome misdiagnosed as atopic dermatitis due to refractory pruritic rash masking peripheral neuropathy.,https://pubmed.ncbi.nlm.nih.gov/41958569/,upadacitinib,,,4,si
41966276,pubmed,EPIC Cosmos analysis of dupilumab utilization and access disparities in atopic dermatitis.,https://pubmed.ncbi.nlm.nih.gov/41966276/,dupilumab,,,1,no
41967816,pubmed,Dupilumab therapy in atopic dermatitis when cutaneous lymphoma is suspected: Consensus recommendations from the EORTC Cutaneous Lymphoma Tumour Group.,https://pubmed.ncbi.nlm.nih.gov/41967816/,dupilumab,,,3,no
41969170,pubmed,Dupilumab versus tralokinumab in atopic dermatitis: A propensity score adjusted comparison from BioDay.,https://pubmed.ncbi.nlm.nih.gov/41969170/,dupilumab; tralokinumab,,,4,si
41969186,pubmed,Extensive cutaneous viral warts during JAK inhibitor therapy for atopic dermatitis.,https://pubmed.ncbi.nlm.nih.gov/41969186/,atopic_dermatitis,,,1,si
41969290,pubmed,Topical calcineurin inhibitors for atopic dermatitis are not associated with the development of subsequent lymphoma: A pharmacovigilance study using the FAERS database (2014-2025).,https://pubmed.ncbi.nlm.nih.gov/41969290/,atopic_dermatitis,,,1,si
41969750,pubmed,Alopecia Areata and Atopic Dermatitis: Common Mechanisms and Emerging Therapeutics.,https://pubmed.ncbi.nlm.nih.gov/41969750/,dupilumab; upadacitinib; baricitinib; abrocitinib,,,4,si
41981844,pubmed,Efficacy and Safety of Abrocitinib for Moderate-to-severe Atopic Dermatitis in Adults: A 52-week Real-world Multicentre StudyIL-AD (Italian Landscape Atopic Dermatitis).,https://pubmed.ncbi.nlm.nih.gov/41981844/,abrocitinib,,,5,si
41988153,pubmed,Policy implications of mandatory systemic immunosuppressant trials prior to dupilumab for pediatric atopic dermatitis in Taiwan.,https://pubmed.ncbi.nlm.nih.gov/41988153/,dupilumab,,,3,no
41996013,pubmed,Identifying the Most Relevant Eczema Area and Severity Index Thresholds from the Patient Perspective in Atopic Dermatitis Treatment.,https://pubmed.ncbi.nlm.nih.gov/41996013/,dupilumab,,,4,no
41996019,pubmed,Summary of Research: Systemic Treatments in Moderate-to-Severe Atopic Dermatitis in Pediatric Patients up to 12 Years of Age: Real-World Treatment Outcomes from the PEDISTAD Registry.,https://pubmed.ncbi.nlm.nih.gov/41996019/,dupilumab,,,3,no
41999070,pubmed,Letter: Response to Cost-per-Responder Analysis of Tralokinumab Versus Dupilumab for Moderate-to-Severe Atopic Dermatitis Across Universal Health Care Systems.,https://pubmed.ncbi.nlm.nih.gov/41999070/,dupilumab; tralokinumab,,,1,si
41999446,pubmed,Long-Term Dupilumab Treatment Is Not Associated with an Increased Overall Risk of Infections in Adults with Moderate-to-Severe Atopic Dermatitis: Results from an Open-Label 5-Year Extension Study.,https://pubmed.ncbi.nlm.nih.gov/41999446/,dupilumab,,,4,no
42004082,pubmed,"Corrigendum to 'Plasma proteomic profiles of patients with atopic dermatitis with moderate-to-severe pruritus treated with a single dose of nemolizumab' JID Innovations, Volume 6, Issue 3, May 2026, 100457.",https://pubmed.ncbi.nlm.nih.gov/42004082/,atopic_dermatitis,,,1,si
42005507,pubmed,Dupilumab therapy facilitates the histopathologic diagnosis of dermatomyositis in a patient with intercurrent severe atopic dermatitis and dermatomyositis.,https://pubmed.ncbi.nlm.nih.gov/42005507/,dupilumab,,,1,no
42005508,pubmed,Treatment of eruptive keratoacanthoma in the setting of immunosuppression and atopic dermatitis.,https://pubmed.ncbi.nlm.nih.gov/42005508/,atopic_dermatitis,,,1,no
42006632,pubmed,"Rapid food desensitization supported by omalizumab, with adjunctive dupilumab for type 2 comorbidities: A pediatric case series.",https://pubmed.ncbi.nlm.nih.gov/42006632/,dupilumab,,,4,no
42007107,pubmed,Development of a clinical indicator-based severity scoring system for pediatric atopic dermatitis and evaluation of dupilumab treatment outcomes.,https://pubmed.ncbi.nlm.nih.gov/42007107/,dupilumab,,,3,no
42008449,pubmed,Discovery of Highly Potent Phthalazinone Derivatives as PARP14 Inhibitors: From Structure-Based Virtual Screening to In Vivo Pharmacodynamic Activity.,https://pubmed.ncbi.nlm.nih.gov/42008449/,upadacitinib,,,3,si
42010987,pubmed,"Efficacy, Safety and Immunomodulatory Effect of Intramuscular Injections of Autologous Whole Blood Into Acupoints in Patients With Atopic Dermatitis: A Randomized Controlled Trial.",https://pubmed.ncbi.nlm.nih.gov/42010987/,dupilumab,,,3,no
42011641,pubmed,Efficacy and Safety of Nemolizumab and Traditional Systemic Therapies for Atopic Dermatitis: A Systematic Review and Meta-Analysis of Randomized Controlled Trials.,https://pubmed.ncbi.nlm.nih.gov/42011641/,nemolizumab,,,1,si
42014530,pubmed,"Real-World Use of Baricitinib in Patients with Atopic Dermatitis in Spain: DAMA-S Study, A Retrospective Chart Review.",https://pubmed.ncbi.nlm.nih.gov/42014530/,baricitinib,,,4,si
42018850,pubmed,Use of abrocitinib in severe atopic dermatitis.,https://pubmed.ncbi.nlm.nih.gov/42018850/,abrocitinib,,,1,si
42019909,pubmed,Evaluation of itch intensity scales in atopic dermatitis: Differential measurement properties and associations with relevant cytokines.,https://pubmed.ncbi.nlm.nih.gov/42019909/,dupilumab,,,3,no
42021721,pubmed,Letter: Characterizing Atopic Dermatitis Flares During Tralokinumab Therapy: A Real-World Experience.,https://pubmed.ncbi.nlm.nih.gov/42021721/,tralokinumab,,,1,si
42021979,pubmed,"Corrigendum to ""Retrospective analysis of the efficacy and safety of 100 mg abrocitinib in patients with moderate to severe atopic dermatitis: Real-world study"" [World Allergy Organ J 16 (2) (2023) 101167].",https://pubmed.ncbi.nlm.nih.gov/42021979/,atopic_dermatitis,,,1,si
42027418,pubmed,The Impact of Dupilumab on Psychological Wellbeing in Moderate-to-Severe Atopic Dermatitis Patients: A Phase IV Clinical Trial.,https://pubmed.ncbi.nlm.nih.gov/42027418/,dupilumab,,,3,si
42033115,pubmed,"Rapid itch relief with the biologic agent nemolizumab in Atopic dermatitis and Prurigo nodularis: Promise, complexity and clinical implications.",https://pubmed.ncbi.nlm.nih.gov/42033115/,atopic_dermatitis,,,1,si
42033119,pubmed,Translating 6-year trial safety data of upadacitinib in atopic dermatitis into clinical practice.,https://pubmed.ncbi.nlm.nih.gov/42033119/,upadacitinib,,,1,si
42033314,pubmed,Biologic and Small Molecule Therapy Switch in Atopic Dermatitis Patients with Dupilumab-Associated Ocular Surface Disease: A Systematic Review.,https://pubmed.ncbi.nlm.nih.gov/42033314/,dupilumab,,,1,no
42033591,pubmed,Clinical Laboratory Parameters in Adolescents with Moderate-to-Severe Atopic Dermatitis Treated with Tralokinumab Up to Week 52 in the Phase 3 ECZTRA 6 Trial.,https://pubmed.ncbi.nlm.nih.gov/42033591/,tralokinumab,,,5,si
42039188,pubmed,Genetic profiling of patients with atopic dermatitis reveals immune and skin barrier variants associated with generalized eczema and optimal response to Dupilumab therapy.,https://pubmed.ncbi.nlm.nih.gov/42039188/,dupilumab,,,5,no
42039526,pubmed,Crystal structure and molecular dynamics simulations of rademikibart Fab-IL-4Rα complex reveal biochemical basis for next-generation potent IL-4Rα inhibition in type 2 allergic and inflammatory diseases.,https://pubmed.ncbi.nlm.nih.gov/42039526/,dupilumab,,,5,no
42043489,pubmed,48-Week Real-World Outcomes of Lebrikizumab Treatment for Atopic Dermatitis: Systemic Therapy-Naive Versus -Experienced Patients.,https://pubmed.ncbi.nlm.nih.gov/42043489/,lebrikizumab,,,3,si
42047411,pubmed,Long-term efficacy of abrocitinib in patients with moderate-to-severe atopic dermatitis to 2 years.,https://pubmed.ncbi.nlm.nih.gov/42047411/,abrocitinib,,,4,si
42050311,pubmed,Real-World Treatment with Lebrikizumab or Tralokinumab for Atopic Dermatitis: A 60-Week Retrospective Comparative Study.,https://pubmed.ncbi.nlm.nih.gov/42050311/,tralokinumab; lebrikizumab,,,1,si
42056375,pubmed,Summary of Research: Immunogenicity of Dupilumab in Adult and Pediatric Patients with Atopic Dermatitis.,https://pubmed.ncbi.nlm.nih.gov/42056375/,dupilumab,,,3,no
42057242,pubmed,Efficacy of Tralokinumab in Atopic Dermatitis Patients With Prior Biologic and JAK Inhibitor Therapy.,https://pubmed.ncbi.nlm.nih.gov/42057242/,tralokinumab,,,1,si
42058418,pubmed,Experience in the management of real-world patients with chronic prurigo nodularis in a dermatology setting: results from the ECOSPIN Spanish survey-based study.,https://pubmed.ncbi.nlm.nih.gov/42058418/,dupilumab,,,3,no
42058838,pubmed,Comparative ocular safety of dupilumab and oral Janus kinase inhibitors in atopic dermatitis: A real-world propensity-matched analysis.,https://pubmed.ncbi.nlm.nih.gov/42058838/,dupilumab,,,1,no
42060163,pubmed,Coexisting Type 2 Inflammatory Conditions in Patients with Asthma Treated with Dupilumab: the RAPID Registry.,https://pubmed.ncbi.nlm.nih.gov/42060163/,dupilumab,,,4,no
42062651,pubmed,ANKFN1 in skin fibroblasts may modulate mast cell activity and is associated with dupilumab response in atopic dermatitis.,https://pubmed.ncbi.nlm.nih.gov/42062651/,dupilumab,,,4,no
42082123,pubmed,Reduced dementia risk in middle-aged and older atopic dermatitis patients treated with dupilumab: A target trial emulation.,https://pubmed.ncbi.nlm.nih.gov/42082123/,dupilumab,,,4,no
42084697,pubmed,Itch Relief and Quality-of-Life Improvement with Abrocitinib and Dupilumab in Patients with Moderate-to-Severe Atopic Dermatitis: A Post Hoc Analysis of JADE COMPARE and JADE DARE.,https://pubmed.ncbi.nlm.nih.gov/42084697/,dupilumab; abrocitinib,,,5,si
42084698,pubmed,"Correction to: Real-World Evidence of Effectiveness and Safety of Abrocitinib, Baricitinib and Upadacitinib in Atopic Dermatitis: A Systematic Review and Meta-Analysis.",https://pubmed.ncbi.nlm.nih.gov/42084698/,atopic_dermatitis,,,1,si
42094859,pubmed,Effectiveness of Abrocitinib in Atopic Dermatitis Presenting with Hand-Foot Eczema and Nail Dystrophy: A Case Report.,https://pubmed.ncbi.nlm.nih.gov/42094859/,abrocitinib,,,2,si
42095284,pubmed,"Real-Life Effectiveness, Safety, and Growth Outcomes of Dupilumab in Children Aged 6 Months to 5 Years With Moderate-to-Severe Atopic Dermatitis: A Multicenter Retrospective Study from an Italian NPP Program.",https://pubmed.ncbi.nlm.nih.gov/42095284/,dupilumab,,,4,no
42095824,pubmed,The era of advanced therapeutics for pediatric atopic dermatitis - can early systemic intervention reduce the type 2 inflammatory response and modify the atopic march?,https://pubmed.ncbi.nlm.nih.gov/42095824/,dupilumab,,,3,no
42100982,pubmed,Distinct ocular safety profiles of dupilumab and upadacitinib in atopic dermatitis: a real-world study with ophthalmological and microbiological assessment.,https://pubmed.ncbi.nlm.nih.gov/42100982/,dupilumab; upadacitinib,,,2,si
42101337,pubmed,Dupilumab for the treatment of eczema molluscatum: A pediatric case report and systematic literature review.,https://pubmed.ncbi.nlm.nih.gov/42101337/,dupilumab,,,3,no
42101561,pubmed,Lebrikizumab ADvocate1 and 2 Monotherapy and ADjoin (Long-Term) Trials: Use of Topicals Therapies.,https://pubmed.ncbi.nlm.nih.gov/42101561/,dupilumab; tralokinumab; lebrikizumab; nemolizumab,,,4,si
42101617,pubmed,Dupilumab in the Treatment of Severe Atopic Dermatitis With Ocular Complications: Erratum.,https://pubmed.ncbi.nlm.nih.gov/42101617/,dupilumab,,,1,no
42109544,pubmed,Evaluation of Outcomes of Dupilumab Therapy in Patients with Atopic Dermatitis - A Single-Center Retrospective Longitudinal Study.,https://pubmed.ncbi.nlm.nih.gov/42109544/,dupilumab,,,4,no
42109547,pubmed,Effectiveness of Abrocitinib in Cyclosporine-Resistant Atopic Dermatitis: A Real-world Experience from the Indian Subcontinent.,https://pubmed.ncbi.nlm.nih.gov/42109547/,abrocitinib,,,4,si
42109552,pubmed,"Skin Allergy Research Society and Society for Eczema Studies Joint Task Force Guidelines of Care for Management of Atopic Dermatitis for Adults, Children, and Special Populations in India: An Evidence-Based Review and an Expert Consensus.",https://pubmed.ncbi.nlm.nih.gov/42109552/,dupilumab; baricitinib; abrocitinib; crisaborole,,,5,si
42110142,pubmed,Dupilumab as an effective therapy for eosinophilic esophagitis in pediatric patients weighing less than 15 kilograms.,https://pubmed.ncbi.nlm.nih.gov/42110142/,dupilumab,,,3,no
42112622,pubmed,Long-term benefits of upadacitinib for Atopic Dermatitis: deep responses in patient-reported outcomes over 140 weeks from the Measure Up 1 and Measure Up 2 clinical trials.,https://pubmed.ncbi.nlm.nih.gov/42112622/,upadacitinib,,,4,si
42117199,pubmed,Efficacy and Safety of IL-4Rα Inhibitors for Atopic Dermatitis: A Systematic Review and Meta Analysis of Randomised Controlled Trials.,https://pubmed.ncbi.nlm.nih.gov/42117199/,dupilumab,,,4,no
42119021,pubmed,Off-label Use of Nemolizumab to Address Pruritic Skin Disease: A Case Series in Dermatomyositis Patients.,https://pubmed.ncbi.nlm.nih.gov/42119021/,nemolizumab,,,4,si
42126659,pubmed,Drug-induced sarcoidosis-like reaction following IL-4/IL-13 receptor blockade by dupilumab.,https://pubmed.ncbi.nlm.nih.gov/42126659/,dupilumab,,,3,no
42132049,pubmed,Treatment-associated phenotype switching between psoriasis and atopic dermatitis.,https://pubmed.ncbi.nlm.nih.gov/42132049/,dupilumab,,,5,si
42134418,pubmed,Long-term outcomes after switching from baricitinib 4 mg to upadacitinib 30 mg in atopic dermatitis: A 144-week retrospective study.,https://pubmed.ncbi.nlm.nih.gov/42134418/,baricitinib; upadacitinib,,,1,si
42135900,pubmed,"Type-2-Inflammatory-Diseases Share Comorbidities, Molecular Signatures, IL4/IL13 Genetics, and Response to IL4/IL13 Blockade.",https://pubmed.ncbi.nlm.nih.gov/42135900/,dupilumab,,,5,no
42137486,pubmed,"Use of Lebrikizumab in Moderate-to-Severe Atopic Dermatitis in Challenging Clinical Scenarios Including Atypical Presentations, Comorbidities, and Tattooed Skin Involvement: Four Case Reports.",https://pubmed.ncbi.nlm.nih.gov/42137486/,lebrikizumab,,,3,si
42138359,pubmed,A 52-Week Retrospective Italian Study of Flare Characteristics in Adult Atopic Dermatitis Patients Receiving JAK Inhibitors.,https://pubmed.ncbi.nlm.nih.gov/42138359/,upadacitinib; baricitinib; abrocitinib,,,5,si
42141354,pubmed,Machine-Learning-Based Prediction of Long-Term Efficacy of Nemolizumab: Post Hoc Analysis of Pooled Data from Two Phase III Clinical Trials.,https://pubmed.ncbi.nlm.nih.gov/42141354/,nemolizumab,,,4,si
42141697,pubmed,Differential Cutaneous Responses to Baricitinib in Concomitant Lichen Planus and Localized Eczematous Dermatitis in an Atopic Patient.,https://pubmed.ncbi.nlm.nih.gov/42141697/,baricitinib,,,1,si
42142274,pubmed,Impact of IL-4/IL-13 Blockade with Dupilumab on the Microbiome in Type 2 Inflammatory Diseases: A Systematic Review.,https://pubmed.ncbi.nlm.nih.gov/42142274/,dupilumab,,,3,no
42143645,pubmed,"Minimal Systemic Exposure with Maximal Delgocitinib Cream Use in Patients with Severe Chronic Hand Eczema in the DELTA 2 Randomized, Vehicle-Controlled, Double-Blind, Phase 3 Trial.",https://pubmed.ncbi.nlm.nih.gov/42143645/,scout_delgocitinib_and_atopic_dermatitis,,,4,si
42148088,pubmed,Case Report: Dupilumab induced sustained complete remission in a child with severe alopecia areata and markedly elevated IgE.,https://pubmed.ncbi.nlm.nih.gov/42148088/,dupilumab,,,3,no
42148105,pubmed,Upadacitinib for atopic dermatitis induced by secukinumab in patients with refractory ankylosing spondylitis:a case report.,https://pubmed.ncbi.nlm.nih.gov/42148105/,upadacitinib,,,3,si
42148141,pubmed,Comparative efficacy of pediatric atopic dermatitis treatments: a network meta-analysis highlighting dupilumab and pimecrolimus for SCORAD and EASI improvement.,https://pubmed.ncbi.nlm.nih.gov/42148141/,dupilumab; tralokinumab; nemolizumab,,,4,si
42152691,pubmed,Dupilumab-Induced Psoriasis in an Adolescent With Severe Atopic Dermatitis: Successful Management With Abrocitinib.,https://pubmed.ncbi.nlm.nih.gov/42152691/,dupilumab; abrocitinib,,,2,si
42154371,pubmed,Summary of Research: Dupilumab Safety for Treating Infants to Adults with Moderate-to-Severe Atopic Dermatitis.,https://pubmed.ncbi.nlm.nih.gov/42154371/,dupilumab,,,3,no
42154942,pubmed,Ottawa (ON): Canadian Agency for Drugs and Technologies in Health; 2026 Mar. Report No.: SR0869. CADTH Reimbursement Reviews and Recommendations.,https://pubmed.ncbi.nlm.nih.gov/42154942/,atopic_dermatitis,,,5,si
42162528,pubmed,Efficacy and Safety of Variable-Dose Versus Continuous-Dose Abrocitinib Treatment in Patients with Moderate-to-Severe Atopic Dermatitis: A Pooled Analysis.,https://pubmed.ncbi.nlm.nih.gov/42162528/,abrocitinib,,,5,si
42163520,pubmed,"A Retrospective Review of Real-World Patterns of Biologic Use in Dermatology Across Metropolitan, Regional and Rural Settings.",https://pubmed.ncbi.nlm.nih.gov/42163520/,dupilumab,,,3,no
42163822,pubmed,Absolute Eczema Area and Severity Index Responses with Lebrikizumab in Patients with Moderate-to-severe Atopic Dermatitis: A Secondary Analysis of Two Phase 3 Trials.,https://pubmed.ncbi.nlm.nih.gov/42163822/,lebrikizumab,,,3,si
42165315,pubmed,Sustained on/off-treatment disease control with abrocitinib for moderate-to-severe atopic dermatitis.,https://pubmed.ncbi.nlm.nih.gov/42165315/,abrocitinib,,,2,si
42166416,pubmed,"Ten specific updates for the Mexican atopic dermatitis guidelines, GUIDAMEX 1.1.",https://pubmed.ncbi.nlm.nih.gov/42166416/,dupilumab; tralokinumab; lebrikizumab; nemolizumab; baricitinib; ruxolitinib; crisaborole,,,6,si
42168711,pubmed,"Real-world effectiveness and safety of tralokinumab in moderate-to-severe atopic dermatitis with malignancy, chronic infections, and multimorbidity.",https://pubmed.ncbi.nlm.nih.gov/42168711/,tralokinumab,,,4,si
42170037,pubmed,Dupilumab Can Be Effective for Immune-Related Adverse Event Dermatitis: A Case Report and Review of the Literature.,https://pubmed.ncbi.nlm.nih.gov/42170037/,dupilumab; lebrikizumab,,,4,si
42171683,pubmed,The Psoriasis-Eczema Interface: Clinical Classification and Therapeutic Implications From a Bicentric Experience.,https://pubmed.ncbi.nlm.nih.gov/42171683/,dupilumab,,,4,si
42177735,pubmed,Efficacy of Upadacitinib in Patients with Atopic Dermatitis of the Head and Neck Region.,https://pubmed.ncbi.nlm.nih.gov/42177735/,upadacitinib,,,3,si
42178831,pubmed,Exploring a STAT6-STAT3 Anatomical Immune Divergence Model in Atopic Dermatitis: Implications for Dupilumab Responsiveness and Adult Scabies Sparing.,https://pubmed.ncbi.nlm.nih.gov/42178831/,dupilumab,,,1,si
42181854,pubmed,Potential Dupilumab-Induced Unmasking of Specific Immunoglobulin Deficiency: A First-of-Its-Kind Case.,https://pubmed.ncbi.nlm.nih.gov/42181854/,dupilumab,,,4,si
42183692,pubmed,"Effectiveness, biomarker transition, and safety of 48-week tralokinumab treatment for atopic dermatitis: real-world analyses stratified by age groups (15-17, 18-64, and ≥ 65 years).",https://pubmed.ncbi.nlm.nih.gov/42183692/,tralokinumab,,,3,si
42186432,pubmed,Characteristics and Risk Factors of Dupilumab-Associated Head and Neck Dermatitis in Patients With Atopic Dermatitis.,https://pubmed.ncbi.nlm.nih.gov/42186432/,dupilumab,,,1,si
42187316,pubmed,"Large-scale meta-analysis of infection risk with JAK-STAT inhibitors in 29,000 patients.",https://pubmed.ncbi.nlm.nih.gov/42187316/,atopic_dermatitis,,,4,si
42189026,pubmed,Pharmacoeconomic comparison of dupilumab and lebrikizumab for atopic dermatitis treatment in Italy: cost-per-responder analysis.,https://pubmed.ncbi.nlm.nih.gov/42189026/,dupilumab; lebrikizumab,,,4,si
42194695,pubmed,"Herpes Zoster in Patients Treated with JAK Inhibitors for Immune-Mediated Inflammatory Diseases: Incidence, Associated Factors and Vaccination Uptake in a Real-World Cohort.",https://pubmed.ncbi.nlm.nih.gov/42194695/,upadacitinib; baricitinib,,,3,si
42195032,pubmed,Pharmacogenetic Analysis of Variants in IL-6 Signaling and Response to Modern Therapeutic Approaches in Greek Patients with Atopic Dermatitis.,https://pubmed.ncbi.nlm.nih.gov/42195032/,dupilumab; upadacitinib,,,3,si
42204890,pubmed,"A Real-world Meta-analysis Study of Disease Severity in European Patients Who Received Baricitinib for Atopic Dermatitis: Data from BioDay, SCRATCH and TREATgermany.",https://pubmed.ncbi.nlm.nih.gov/42204890/,baricitinib,,,3,si
42208626,pubmed,Real-world safety of nemolizumab: A pharmacovigilance analysis using the FDA Adverse Event Reporting System (FAERS).,https://pubmed.ncbi.nlm.nih.gov/42208626/,nemolizumab,,,1,si
42209106,pubmed,"Beyond T helper 2 cells: Integrating immune, barrier, microbial, and neuroimmune pathways in atopic dermatitis pathogenesis.",https://pubmed.ncbi.nlm.nih.gov/42209106/,dupilumab,,,3,si
42209112,pubmed,Systemic therapies for atopic dermatitis.,https://pubmed.ncbi.nlm.nih.gov/42209112/,dupilumab; tralokinumab; lebrikizumab; nemolizumab; upadacitinib; baricitinib; abrocitinib,,,2,si
42210700,pubmed,Drug therapies and immune pathways in ocular manifestations of inflammatory skin diseases.,https://pubmed.ncbi.nlm.nih.gov/42210700/,atopic_dermatitis,,,4,si
42213297,pubmed,Longitudinal Response Trajectories with Dupilumab or Upadacitinib in Moderate-to-Severe Atopic Dermatitis: A Multicentre Real-World Study: IL-AD (Italian Landscape Atopic Dermatitis).,https://pubmed.ncbi.nlm.nih.gov/42213297/,dupilumab; upadacitinib,,,5,si
42219153,pubmed,Safety of Dupilumab and Risk of Cutaneous T-Cell Lymphoma in Pediatric Patients With Atopic Dermatitis: A Data-Driven Guide to Counseling Patients and Families.,https://pubmed.ncbi.nlm.nih.gov/42219153/,dupilumab,,,2,si
42220252,pubmed,The Use of Dupilumab for Severe Atopic Dermatitis in Patients Aged Under 12-Years.,https://pubmed.ncbi.nlm.nih.gov/42220252/,dupilumab,,,1,si
42220541,pubmed,Real-world effectiveness and safety of 200 mg abrocitinib initiation in Chinese adults with moderate-to-severe atopic dermatitis: a retrospective study.,https://pubmed.ncbi.nlm.nih.gov/42220541/,abrocitinib,,,4,si
42220857,pubmed,Convergent Oncostatin M and IL-31 Signaling in Chronic Pruritic Dermatoses: A Neuroimmune Janus Kinase-Signal Transducer and Activator of Transcription (JAK-STAT) Perspective.,https://pubmed.ncbi.nlm.nih.gov/42220857/,nemolizumab,,,6,si
42222682,pubmed,Efficacy of abrocitinib in patients with atopic dermatitis resistant to Janus kinase inhibitors.,https://pubmed.ncbi.nlm.nih.gov/42222682/,dupilumab; tralokinumab; lebrikizumab; upadacitinib; baricitinib; abrocitinib,,,2,si
42223041,pubmed,Real-World Efficacy and Safety of Upadacitinib in Korean Patients With Atopic Dermatitis.,https://pubmed.ncbi.nlm.nih.gov/42223041/,upadacitinib,,,3,si
42223292,pubmed,Benefit-risk profile comparison between dupilumab and upadacitinib: a structured benefit-risk assessment of the Heads Up trial.,https://pubmed.ncbi.nlm.nih.gov/42223292/,dupilumab; upadacitinib,,,3,si
42229679,pubmed,Atopic dermatitis Yardstick: a new era of topical and systemic treatments.,https://pubmed.ncbi.nlm.nih.gov/42229679/,lebrikizumab; nemolizumab,,,1,si
42231096,pubmed,"Time-Varying Acne Risk After Upadacitinib Initiation in Atopic Dermatitis: A New-User, Active-Comparator Retrospective Study.",https://pubmed.ncbi.nlm.nih.gov/42231096/,atopic_dermatitis,,,1,si
42232978,pubmed,Association between Staphylococcus aureus colonization and clinical improvement in pediatric atopic dermatitis treated with dupilumab: a pilot study.,https://pubmed.ncbi.nlm.nih.gov/42232978/,dupilumab,,,5,si
42234320,pubmed,Incidence of Skin Infections in Patients with Atopic Dermatitis Treated with Topical Medications: A Cohort Study Using Japanese Claims Data.,https://pubmed.ncbi.nlm.nih.gov/42234320/,scout_delgocitinib_and_atopic_dermatitis,,,4,si
42235034,pubmed,Dual Therapy for Atopic Dermatitis: Lebrikizumab and JAK inhibitors used in Tandem for Treatment-Resistant Cases.,https://pubmed.ncbi.nlm.nih.gov/42235034/,lebrikizumab,,,1,si
42235603,pubmed,Major adverse cardiovascular events and venous thromboembolism in older adults aged 50 or older with atopic dermatitis treated with oral Janus kinase inhibitors: A multicenter cohort study using TriNetX.,https://pubmed.ncbi.nlm.nih.gov/42235603/,baricitinib; upadacitinib,,,1,si
42236460,pubmed,[Dupilumab for severe asthma complicated with chronic spontaneous urticaria refractory to omalizumab and mepolizumab: a case report].,https://pubmed.ncbi.nlm.nih.gov/42236460/,dupilumab,,,5,si
42237357,pubmed,A combination therapy strategy: precision co-targeting of CCR7 and JAK1 with a smart hydrogel for inflammatory skin diseases.,https://pubmed.ncbi.nlm.nih.gov/42237357/,upadacitinib,,,3,si
42237768,pubmed,Successful use of dupilumab in a patient with atopic dermatitis and autosomal dominant polycystic kidney disease: a case report.,https://pubmed.ncbi.nlm.nih.gov/42237768/,dupilumab,,,1,si
42240630,pubmed,"Emerging topical nonsteroidal therapies in pediatric dermatology: atopic dermatitis, psoriasis, alopecia areata, vitiligo, and seborrheic dermatitis.",https://pubmed.ncbi.nlm.nih.gov/42240630/,scout_delgocitinib_and_atopic_dermatitis,,,2,si
42241636,pubmed,Successful treatment of dupilumab-induced rosacea with upadacitinib in a patient with atopic dermatitis.,https://pubmed.ncbi.nlm.nih.gov/42241636/,dupilumab; upadacitinib,,,1,si
42242375,pubmed,JAAD Game Changers: Phase 3 efficacy and safety of abrocitinib in adults with moderate-to-severe atopic dermatitis after switching from dupilumab (JADE EXTEND).,https://pubmed.ncbi.nlm.nih.gov/42242375/,dupilumab; abrocitinib,,,1,si
42244089,pubmed,Real-World Maintenance of Remission in Atopic Dermatitis Patients With Upadacitinib: A Multicenter Retrospective Study in Japan (ROADMAP Study).,https://pubmed.ncbi.nlm.nih.gov/42244089/,upadacitinib,,,5,si
42244272,pubmed,Baricitinib for Itch-Dominant Atopic Dermatitis: A 52-week Baricitinib Real-World Experience in Korea.,https://pubmed.ncbi.nlm.nih.gov/42244272/,baricitinib,,,3,si
42252930,pubmed,Comparative pharmacovigilance of herpetic infections with dupilumab and JAK inhibitors in atopic dermatitis.,https://pubmed.ncbi.nlm.nih.gov/42252930/,dupilumab; upadacitinib; baricitinib; abrocitinib,,,4,si
42256596,pubmed,Type 2 immune profile and impaired SMAD3-mediated repair in refractory stasis dermatitis responsive to IL-4Rα blockade.,https://pubmed.ncbi.nlm.nih.gov/42256596/,atopic_dermatitis,,,1,si
42257230,pubmed,Alopecia areata during dupilumab therapy: 2 cases and review of the literature.,https://pubmed.ncbi.nlm.nih.gov/42257230/,dupilumab,,,1,si
42257481,pubmed,When clearance is not comfort: Multidimensional control with abrocitinib.,https://pubmed.ncbi.nlm.nih.gov/42257481/,abrocitinib,,,1,si
42257983,pubmed,A real-world disproportionality analysis of dupilumab safety in children aged 0-5 years with atopic dermatitis.,https://pubmed.ncbi.nlm.nih.gov/42257983/,dupilumab,,,4,si
42262262,pubmed,Tralokinumab as a cost-saving treatment option for adults and adolescents with moderate-to-severe atopic dermatitis enrolled in US health insurance plans: a budget impact analysis.,https://pubmed.ncbi.nlm.nih.gov/42262262/,dupilumab; tralokinumab; lebrikizumab; nemolizumab; upadacitinib; abrocitinib,,,5,si
42263817,pubmed,Successful Treatment of Eosinophilic Esophagitis with Dupilumab in Patients Under 1 Year of Age or Less Than 15 Kg: A Retrospective Chart-Review of Ten Patients.,https://pubmed.ncbi.nlm.nih.gov/42263817/,dupilumab,,,1,si
42264379,pubmed,Three-year real-world outcomes of upadacitinib treatment for atopic dermatitis: Systemic therapy-naïve versus -experienced patients.,https://pubmed.ncbi.nlm.nih.gov/42264379/,upadacitinib,,,1,si
42265872,pubmed,Real-World Efficacy of Dupilumab in Chinese Atopic Dermatitis Patients and Development of a Prediction Model.,https://pubmed.ncbi.nlm.nih.gov/42265872/,dupilumab,,,1,si
42266148,pubmed,Comment on 'Lebrikizumab provides stable skin response with no or minimal fluctuations for up to 2 years in patients with atopic dermatitis': Does persistence among responders equal durable disease control?,https://pubmed.ncbi.nlm.nih.gov/42266148/,atopic_dermatitis,,,1,si
42266404,pubmed,Dupilumab is Effective in Young Children with Atopic Dermatitis Regardless of Type 2 Comorbidities.,https://pubmed.ncbi.nlm.nih.gov/42266404/,dupilumab,,,2,si
42270460,pubmed,"Efficacy and safety of delgocitinib ointment in combination with topical corticosteroids for remission induction in pediatric patients with atopic dermatitis: A 4-week, randomized, open-label, parallel-group study in Japan.",https://pubmed.ncbi.nlm.nih.gov/42270460/,scout_delgocitinib_and_atopic_dermatitis,,,3,si
42272192,pubmed,Efficacy and Safety of Nemolizumab at Week 48: Results from the Maintenance Phase of Two Global Phase 3 Pivotal Studies (ARCADIA 1&2) in Patients with Moderate-to-Severe Atopic Dermatitis.,https://pubmed.ncbi.nlm.nih.gov/42272192/,nemolizumab,,,4,si
42272194,pubmed,Association of Skin Dryness and Disease-related Parameters with Mechanical Alloknesis in Atopic Dermatitis: A Crosssectional and Prospective Cohort Study.,https://pubmed.ncbi.nlm.nih.gov/42272194/,dupilumab,,,4,si
42276866,pubmed,Reduced conjunctival goblet cells and altered tear film stability predispose atopic dermatitis patients to develop dupilumab-associated ocular surface disease and show a Th1/innate immune response in tear fluid.,https://pubmed.ncbi.nlm.nih.gov/42276866/,dupilumab,,,4,si
42278672,pubmed,"Integrative Transcriptomic, Network, and Genomic Analysis of Peripheral Blood Mononuclear Cells Identifies Candidate Genes Associated with Dupilumab Clinical Response in Atopic Dermatitis Patients.",https://pubmed.ncbi.nlm.nih.gov/42278672/,dupilumab,,,3,si
42281173,pubmed,Extended-Interval Dosing and Discontinuation of Dupilumab in Atopic Dermatitis: A Real-World Retrospective Study.,https://pubmed.ncbi.nlm.nih.gov/42281173/,dupilumab,,,4,si
42282925,pubmed,Nemolizumab efficacy for severe sleep disturbance in pediatric atopic dermatitis with mild skin lesions.,https://pubmed.ncbi.nlm.nih.gov/42282925/,nemolizumab,,,1,si
42289185,pubmed,Topical Janus Kinase Inhibitors for Pediatric Atopic Dermatitis: A Systematic Review of Efficacy and Safety.,https://pubmed.ncbi.nlm.nih.gov/42289185/,scout_delgocitinib_and_atopic_dermatitis,,,3,si
42302923,pubmed,"Direct sensitizing and activating effects of interleukin 31 are restricted to a single, functionally and transcriptionally classified porcine DRG neuron subtype.",https://pubmed.ncbi.nlm.nih.gov/42302923/,nemolizumab,,,3,si
42302974,pubmed,When blocking type 2 immunity reveals autoimmunity: Lessons from dupilumab in pediatric atopy.,https://pubmed.ncbi.nlm.nih.gov/42302974/,dupilumab,,,1,si
42307887,pubmed,"A Durability Index for Atopic Dermatitis: Indirect Comparison of Lebrikizumab, Dupilumab, and Tralokinumab in Maintaining Efficacy Under Variable Treatment Adherence.",https://pubmed.ncbi.nlm.nih.gov/42307887/,dupilumab; tralokinumab; lebrikizumab,,,5,si
42309223,pubmed,Pediatric Neuroinflammatory and Neuropsychiatric Syndromes Associated with Dupilumab Treatment for Atopic Dermatitis.,https://pubmed.ncbi.nlm.nih.gov/42309223/,dupilumab,,,1,si
42309693,pubmed,Successful Dual Treatment of Crohn's Disease and Atopic Dermatitis with Upadacitinib: Two Case Reports.,https://pubmed.ncbi.nlm.nih.gov/42309693/,upadacitinib,,,2,si
42311574,pubmed,The Cost-Effectiveness and Budget Impact Analysis of Upadacitinib for Moderate-to-Severe Atopic Dermatitis in Saudi Arabia.,https://pubmed.ncbi.nlm.nih.gov/42311574/,dupilumab; upadacitinib,,,4,si
42311706,pubmed,Dupilumab-Induced Psoriasiform Eruption in an 83-Year-Old Patient.,https://pubmed.ncbi.nlm.nih.gov/42311706/,dupilumab,,,2,si
42312463,pubmed,Letter to the Editor: sustained on/off-treatment disease control with abrocitinib for moderate-to-severe atopic dermatitis.,https://pubmed.ncbi.nlm.nih.gov/42312463/,abrocitinib,,,1,si
42315763,pubmed,Three-Year Efficacy and Safety of Lebrikizumab in Patients with Moderate-to-Severe Atopic Dermatitis: A Long-Term Extension (ADjoin).,https://pubmed.ncbi.nlm.nih.gov/42315763/,lebrikizumab,,,3,si
42324216,pubmed,A Retrospective Cohort Study of Extended Dupilumab Dosing in Atopic Dermatitis: Assessing the Impact on Disease Severity and Understanding Characteristics Linked to Successful Dose Extension.,https://pubmed.ncbi.nlm.nih.gov/42324216/,dupilumab,,,1,si
42327780,pubmed,The association between atopic dermatitis and rosacea: a comprehensive review from comorbidities to pathogenic mechanisms.,https://pubmed.ncbi.nlm.nih.gov/42327780/,dupilumab,,,8,si
42328000,pubmed,Update of the evidence- and consensus-based S3 guideline on atopic dermatitis: Systemic therapy with biologics or Janus kinase inhibitors and specific aspects of systemic therapy in pregnancy and lactation.,https://pubmed.ncbi.nlm.nih.gov/42328000/,lebrikizumab; nemolizumab; baricitinib; abrocitinib,,,2,si
42328984,pubmed,Predictors of optimal disease control in atopic dermatitis with abrocitinib: a real-world study.,https://pubmed.ncbi.nlm.nih.gov/42328984/,abrocitinib,,,3,si
42329514,pubmed,Rethinking Head and Neck Atopic Dermatitis: Pathogenic Axes and Emerging Therapeutic Directions.,https://pubmed.ncbi.nlm.nih.gov/42329514/,dupilumab,,,4,si
42335868,pubmed,"Dupilumab treatment restores skin nerve fibre density in patients with moderate-to-severe atopic dermatitis: results from DIFFERENSTAD, an open-label exploratory study.",https://pubmed.ncbi.nlm.nih.gov/42335868/,dupilumab,,,1,si
42337920,pubmed,Emerging Paediatric Uses of Dupilumab Beyond Approvals.,https://pubmed.ncbi.nlm.nih.gov/42337920/,dupilumab,,,4,si
42338593,pubmed,"Upadacitinib in the treatment of a patient with the triad of atopic dermatitis, vitiligo, and alopecia areata: a case report and literature review.",https://pubmed.ncbi.nlm.nih.gov/42338593/,upadacitinib,,,3,si
42338628,pubmed,Review on the Application of Biologic Factors in Atopic Dermatitis and Chronic Spontaneous Urticaria.,https://pubmed.ncbi.nlm.nih.gov/42338628/,dupilumab; tralokinumab; upadacitinib; baricitinib,,,3,si
42339200,pubmed,Lebrikizumab for atopic dermatitis in the elderly: A case series.,https://pubmed.ncbi.nlm.nih.gov/42339200/,lebrikizumab,,,1,si
42343498,pubmed,Safety of dupilumab use during pregnancy: A composite evaluation of pregnancy outcomes.,https://pubmed.ncbi.nlm.nih.gov/42343498/,dupilumab,,,5,si
42347758,pubmed,"Sustained Minimal Disease Activity With Upadacitinib and Abrocitinib in Moderate-to-Severe Atopic Dermatitis: A 104-Week, Real-World, Retrospective Study.",https://pubmed.ncbi.nlm.nih.gov/42347758/,atopic_dermatitis,,,1,si
42348162,pubmed,Real-World Systemic Treatment Patterns and Outcomes of Children With Severe Alopecia Areata: A French Nationwide Study (ESTAPED ohort).,https://pubmed.ncbi.nlm.nih.gov/42348162/,baricitinib,,,4,si
42348752,pubmed,The biological role of CCR4 and its ligands CCL17 and CCL22 in atopic dermatitis: therapeutic implications and future directions.,https://pubmed.ncbi.nlm.nih.gov/42348752/,dupilumab,,,2,si
42351377,pubmed,Dupilumab Is Safe and Efficacious for Treatment of Eosinophilic Esophagitis and Atopic Dermatitis in Pediatric Liver Transplant Recipients: A Case Series.,https://pubmed.ncbi.nlm.nih.gov/42351377/,dupilumab,,,3,si
42356139,pubmed,Dose Adjustment of JAK Inhibitors for the Management of Moderate-to-Severe Atopic Dermatitis: A Single-Centre Retrospective Study.,https://pubmed.ncbi.nlm.nih.gov/42356139/,upadacitinib; abrocitinib,,,6,si
42356447,pubmed,Real-World Effectiveness and Safety of Upadacitinib Versus Abrocitinib in Moderate-to-Severe Atopic Dermatitis: A Retrospective Cohort Study.,https://pubmed.ncbi.nlm.nih.gov/42356447/,upadacitinib; abrocitinib,,,5,si
42359476,pubmed,Treatment Trajectories and Dose Optimization of Abrocitinib in Moderate-to-Severe Atopic Dermatitis: A Real-World Landmark Analysis.,https://pubmed.ncbi.nlm.nih.gov/42359476/,abrocitinib,,,4,si
42360589,pubmed,"A Response to: ""Letter to the Editor Regarding 'Anchored Matching-Adjusted Indirect Comparison of the Long-Term Maintenance of Efficacy of Tralokinumab and Lebrikizumab in Patients with Moderate-to-Severe Atopic Dermatitis'"".",https://pubmed.ncbi.nlm.nih.gov/42360589/,tralokinumab; lebrikizumab,,,1,si
42360591,pubmed,"Letter to the Editor Regarding ""Anchored Matching-Adjusted Indirect Comparison of the Long-Term Maintenance of Efficacy of Tralokinumab and Lebrikizumab in Patients with Moderate-to-Severe Atopic Dermatitis"".",https://pubmed.ncbi.nlm.nih.gov/42360591/,lebrikizumab; tralokinumab,,,1,si
42360696,pubmed,Dupilumab for infants with atopic dermatitis: Friendly administration tips to enhance adherence.,https://pubmed.ncbi.nlm.nih.gov/42360696/,dupilumab,,,1,si
42360862,pubmed,Seasonal variation in cytokine profiles in atopic dermatitis patients treated with dupilumab.,https://pubmed.ncbi.nlm.nih.gov/42360862/,dupilumab,,,2,si
